ファイル名,語義,対象語義,画像生成プロンプト,プロンプト準備状況,要確認理由,画風参照画像
said.png,続いて、さらに,続いて、さらに,"Subject: said, continuing on; furthermore.

Composition: Show a sequence continuing from one small action to the next, with a clear forward progression.

Style: Use the attached invidious.png for drawing style only. Match its thick rounded dark-brown contours, simplified rounded shapes, and restrained 2D cartoon shading. Do not copy the reference subject or composition.

Framing: One compact composition, with the complete subject using about 80-90% of the square. Keep everything inside the frame.

Output: 512x512 PNG, RGBA, genuine transparent background. No text, numerals, labels, logos or watermark.",作成済み,,references/invidious.png
used.png,慣れて,慣れて,"Subject: used, accustomed; familiar through repeated experience.

Composition: Show one person calmly performing a familiar everyday task with practiced ease and no hesitation.

Style: Use the attached invidious.png for drawing style only. Match its thick rounded dark-brown contours, simplified rounded shapes, and restrained 2D cartoon shading. Do not copy the reference subject or composition.

Framing: One compact composition, with the complete subject using about 80-90% of the square. Keep everything inside the frame.

Output: 512x512 PNG, RGBA, genuine transparent background. No text, numerals, labels, logos or watermark.",作成済み,,references/invidious.png
look.png,目を向ける、見る,目を向ける,"Subject: look, to turn the eyes toward something.

Composition: Show one person clearly turning their eyes and head toward a nearby object.

Style: Use the attached invidious.png for drawing style only. Match its thick rounded dark-brown contours, simplified rounded shapes, and restrained 2D cartoon shading. Do not copy the reference subject or composition.

Framing: One compact composition, with the complete subject using about 80-90% of the square. Keep everything inside the frame.

Output: 512x512 PNG, RGBA, genuine transparent background. No text, numerals, labels, logos or watermark.",作成済み,,references/invidious.png
given.png,贈られた、与えられた,贈られた,"Subject: given, given or presented as a gift.

Composition: Show one person receiving a wrapped gift from another person.

Style: Use the attached invidious.png for drawing style only. Match its thick rounded dark-brown contours, simplified rounded shapes, and restrained 2D cartoon shading. Do not copy the reference subject or composition.

Framing: One compact composition, with the complete subject using about 80-90% of the square. Keep everything inside the frame.

Output: 512x512 PNG, RGBA, genuine transparent background. No text, numerals, labels, logos or watermark.",作成済み,,references/invidious.png
de.png,「下降」の意,「下降」の意,"Subject: de, the prefix meaning downward.

Composition: Show one bold downward arrow moving from a higher position to a lower position.

Style: Use the attached invidious.png for drawing style only. Match its thick rounded dark-brown contours, simplified rounded shapes, and restrained 2D cartoon shading. Do not copy the reference subject or composition.

Framing: One compact composition, with the complete subject using about 80-90% of the square. Keep everything inside the frame.

Output: 512x512 PNG, RGBA, genuine transparent background. No incidental text, numerals, or labels beyond what is essential to the target meaning. No logos or watermark.",作成済み,,references/invidious.png
done.png,済んだ、完了した,済んだ,"Subject: done, finished; completed.

Composition: Show a completed task with the finished object in front and the tools neatly set aside.

Style: Use the attached invidious.png for drawing style only. Match its thick rounded dark-brown contours, simplified rounded shapes, and restrained 2D cartoon shading. Do not copy the reference subject or composition.

Framing: One compact composition, with the complete subject using about 80-90% of the square. Keep everything inside the frame.

Output: 512x512 PNG, RGBA, genuine transparent background. No text, numerals, labels, logos or watermark.",作成済み,,references/invidious.png
American.png,アメリカの、アメリカ人の,アメリカ人の,"Subject: American, an American person.

Composition: Show one ordinary American person beside a small U.S. flag and a subtle outline of the United States.

Style: Use the attached invidious.png for drawing style only. Match its thick rounded dark-brown contours, simplified rounded shapes, and restrained 2D cartoon shading. Do not copy the reference subject or composition.

Framing: One compact composition, with the complete subject using about 80-90% of the square. Keep everything inside the frame.

Output: 512x512 PNG, RGBA, genuine transparent background. No text, numerals, labels, logos or watermark.",作成済み,,references/invidious.png
heard@x.png,ハード島(インド洋南部の島),ハード島(インド洋南部の島),"Subject: heard, Heard Island in the southern Indian Ocean.

Composition: Show a remote subantarctic volcanic island rising from rough ocean water, with snowy peaks and a stark windswept shoreline.

Style: Use the attached invidious.png for drawing style only. Match its thick rounded dark-brown contours, simplified rounded shapes, and restrained 2D cartoon shading. Do not copy the reference subject or composition.

Framing: One compact composition, with the complete subject using about 80-90% of the square. Keep everything inside the frame.

Output: 512x512 PNG, RGBA, genuine transparent background. No text, numerals, labels, logos or watermark.",作成済み,,references/invidious.png
looking.png,…に見える,…に見える,"Subject: looking, appearing to be a certain way.

Composition: Show one object appearing a certain way to an observer, such as a person examining a cloudy sky that looks rainy.

Style: Use the attached invidious.png for drawing style only. Match its thick rounded dark-brown contours, simplified rounded shapes, and restrained 2D cartoon shading. Do not copy the reference subject or composition.

Framing: One compact composition, with the complete subject using about 80-90% of the square. Keep everything inside the frame.

Output: 512x512 PNG, RGBA, genuine transparent background. No text, numerals, labels, logos or watermark.",作成済み,,references/invidious.png
John.png,ヨハネ,ヨハネ,"Subject: John, John, a biblical male name.

Composition: Show a biblical-era man named John in a simple robe, holding a scroll, with a calm dignified expression.

Style: Use the attached invidious.png for drawing style only. Match its thick rounded dark-brown contours, simplified rounded shapes, and restrained 2D cartoon shading. Do not copy the reference subject or composition.

Framing: One compact composition, with the complete subject using about 80-90% of the square. Keep everything inside the frame.

Output: 512x512 PNG, RGBA, genuine transparent background. No text, numerals, labels, logos or watermark.",作成済み,,references/invidious.png
York.png,ヨーク,ヨーク,"Subject: York, York, the historic city in England.

Composition: Show a compact historic York city scene with medieval stone walls and York Minster as the main landmark.

Style: Use the attached invidious.png for drawing style only. Match its thick rounded dark-brown contours, simplified rounded shapes, and restrained 2D cartoon shading. Do not copy the reference subject or composition.

Framing: One compact composition, with the complete subject using about 80-90% of the square. Keep everything inside the frame.

Output: 512x512 PNG, RGBA, genuine transparent background. No text, numerals, labels, logos or watermark.",作成済み,,references/invidious.png
working.png,働く,働く,"Subject: working, working; doing a job.

Composition: Show one person actively doing a clear job at a workbench.

Style: Use the attached invidious.png for drawing style only. Match its thick rounded dark-brown contours, simplified rounded shapes, and restrained 2D cartoon shading. Do not copy the reference subject or composition.

Framing: One compact composition, with the complete subject using about 80-90% of the square. Keep everything inside the frame.

Output: 512x512 PNG, RGBA, genuine transparent background. No text, numerals, labels, logos or watermark.",作成済み,,references/invidious.png
space.png,合間、期間,合間,"Subject: space, an interval or gap.

Composition: Show two solid objects separated by a clearly visible gap between them.

Style: Use the attached invidious.png for drawing style only. Match its thick rounded dark-brown contours, simplified rounded shapes, and restrained 2D cartoon shading. Do not copy the reference subject or composition.

Framing: One compact composition, with the complete subject using about 80-90% of the square. Keep everything inside the frame.

Output: 512x512 PNG, RGBA, genuine transparent background. No text, numerals, labels, logos or watermark.",作成済み,,references/invidious.png
higher.png,一層高い、高等な,一層高い,"Subject: higher, higher than another.

Composition: Show two matching objects side by side, with one clearly positioned higher than the other.

Style: Use the attached invidious.png for drawing style only. Match its thick rounded dark-brown contours, simplified rounded shapes, and restrained 2D cartoon shading. Do not copy the reference subject or composition.

Framing: One compact composition, with the complete subject using about 80-90% of the square. Keep everything inside the frame.

Output: 512x512 PNG, RGBA, genuine transparent background. No text, numerals, labels, logos or watermark.",作成済み,,references/invidious.png
taking.png,魅力のある,魅力のある,"Subject: taking, attractive; charming.

Composition: Show one charming person with a warm smile and appealing, friendly presence.

Style: Use the attached invidious.png for drawing style only. Match its thick rounded dark-brown contours, simplified rounded shapes, and restrained 2D cartoon shading. Do not copy the reference subject or composition.

Framing: One compact composition, with the complete subject using about 80-90% of the square. Keep everything inside the frame.

Output: 512x512 PNG, RGBA, genuine transparent background. No text, numerals, labels, logos or watermark.",作成済み,,references/invidious.png
London.png,ロンドン,ロンドン,"Subject: London, London, the capital city of the United Kingdom.

Composition: Show a compact London skyline featuring Big Ben and Tower Bridge as recognizable landmarks.

Style: Use the attached invidious.png for drawing style only. Match its thick rounded dark-brown contours, simplified rounded shapes, and restrained 2D cartoon shading. Do not copy the reference subject or composition.

Framing: One compact composition, with the complete subject using about 80-90% of the square. Keep everything inside the frame.

Output: 512x512 PNG, RGBA, genuine transparent background. No text, numerals, labels, logos or watermark.",作成済み,,references/invidious.png
towards.png,…へ向かって,…へ向かって,"Subject: towards, moving toward a destination.

Composition: Show one person walking along a clear path toward a visible destination.

Style: Use the attached invidious.png for drawing style only. Match its thick rounded dark-brown contours, simplified rounded shapes, and restrained 2D cartoon shading. Do not copy the reference subject or composition.

Framing: One compact composition, with the complete subject using about 80-90% of the square. Keep everything inside the frame.

Output: 512x512 PNG, RGBA, genuine transparent background. No text, numerals, labels, logos or watermark.",作成済み,,references/invidious.png
coming.png,来るべき,来るべき,"Subject: coming, approaching in the future.

Composition: Show an approaching marked date on a calendar with a forward-pointing arrow indicating it is coming soon.

Style: Use the attached invidious.png for drawing style only. Match its thick rounded dark-brown contours, simplified rounded shapes, and restrained 2D cartoon shading. Do not copy the reference subject or composition.

Framing: One compact composition, with the complete subject using about 80-90% of the square. Keep everything inside the frame.

Output: 512x512 PNG, RGBA, genuine transparent background. No text, numerals, labels, logos or watermark.",作成済み,,references/invidious.png
China.png,中華人民共和国、中国,中華人民共和国、中国,"Subject: China, China, the country.

Composition: Show the recognizable outline of China with a small Chinese flag and one compact skyline cue.

Style: Use the attached invidious.png for drawing style only. Match its thick rounded dark-brown contours, simplified rounded shapes, and restrained 2D cartoon shading. Do not copy the reference subject or composition.

Framing: One compact composition, with the complete subject using about 80-90% of the square. Keep everything inside the frame.

Output: 512x512 PNG, RGBA, genuine transparent background. No text, numerals, labels, logos or watermark.",作成済み,,references/invidious.png
lost.png,道に迷った、迷子になった,道に迷った,"Subject: lost, lost and unable to find the way.

Composition: Show one confused traveler at a fork in the road, holding a map and looking unsure where to go.

Style: Use the attached invidious.png for drawing style only. Match its thick rounded dark-brown contours, simplified rounded shapes, and restrained 2D cartoon shading. Do not copy the reference subject or composition.

Framing: One compact composition, with the complete subject using about 80-90% of the square. Keep everything inside the frame.

Output: 512x512 PNG, RGBA, genuine transparent background. No text, numerals, labels, logos or watermark.",作成済み,,references/invidious.png
India.png,インド,インド,"Subject: India, India, the country.

Composition: Show the recognizable outline of India with a small Indian flag and a compact landmark cue.

Style: Use the attached invidious.png for drawing style only. Match its thick rounded dark-brown contours, simplified rounded shapes, and restrained 2D cartoon shading. Do not copy the reference subject or composition.

Framing: One compact composition, with the complete subject using about 80-90% of the square. Keep everything inside the frame.

Output: 512x512 PNG, RGBA, genuine transparent background. No text, numerals, labels, logos or watermark.",作成済み,,references/invidious.png
British.png,イギリスの、英国の,イギリスの,"Subject: British, British; relating to the United Kingdom.

Composition: Show the outline of the United Kingdom with the Union Jack as a small supporting element.

Style: Use the attached invidious.png for drawing style only. Match its thick rounded dark-brown contours, simplified rounded shapes, and restrained 2D cartoon shading. Do not copy the reference subject or composition.

Framing: One compact composition, with the complete subject using about 80-90% of the square. Keep everything inside the frame.

Output: 512x512 PNG, RGBA, genuine transparent background. No text, numerals, labels, logos or watermark.",作成済み,,references/invidious.png
works.png,工場,工場,"Subject: works, a factory or industrial works.

Composition: Show a compact factory with smokestacks, pipes, and an active production building.

Style: Use the attached invidious.png for drawing style only. Match its thick rounded dark-brown contours, simplified rounded shapes, and restrained 2D cartoon shading. Do not copy the reference subject or composition.

Framing: One compact composition, with the complete subject using about 80-90% of the square. Keep everything inside the frame.

Output: 512x512 PNG, RGBA, genuine transparent background. No text, numerals, labels, logos or watermark.",作成済み,,references/invidious.png
May_cap.png,かもしれない、してもよい,してもよい,"Subject: May, permission; being allowed to do something.

Composition: Show one person asking permission and another person clearly granting it with an approving gesture.

Style: Use the attached invidious.png for drawing style only. Match its thick rounded dark-brown contours, simplified rounded shapes, and restrained 2D cartoon shading. Do not copy the reference subject or composition.

Framing: One compact composition, with the complete subject using about 80-90% of the square. Keep everything inside the frame.

Output: 512x512 PNG, RGBA, genuine transparent background. No text, numerals, labels, logos or watermark.",作成済み,,references/invidious.png
greater.png,大～、グレーター～,グレーター～,"Subject: greater, a greater metropolitan area extending beyond a central city.

Composition: Show one central city surrounded by connected suburbs and outer districts, all forming one larger metropolitan area.

Style: Use the attached invidious.png for drawing style only. Match its thick rounded dark-brown contours, simplified rounded shapes, and restrained 2D cartoon shading. Do not copy the reference subject or composition.

Framing: One compact composition, with the complete subject using about 80-90% of the square. Keep everything inside the frame.

Output: 512x512 PNG, RGBA, genuine transparent background. No text, numerals, labels, logos or watermark.",作成済み,,references/invidious.png
earlier.png,前の,前の,"Subject: earlier, earlier; before another time.

Composition: Show two points on a simple timeline, with the earlier point clearly emphasized on the left.

Style: Use the attached invidious.png for drawing style only. Match its thick rounded dark-brown contours, simplified rounded shapes, and restrained 2D cartoon shading. Do not copy the reference subject or composition.

Framing: One compact composition, with the complete subject using about 80-90% of the square. Keep everything inside the frame.

Output: 512x512 PNG, RGBA, genuine transparent background. No text, numerals, labels, logos or watermark.",作成済み,,references/invidious.png
to-.png,…へ,…へ,"Subject: to-, toward a destination.

Composition: Show one clear arrow traveling directly toward a target object.

Style: Use the attached invidious.png for drawing style only. Match its thick rounded dark-brown contours, simplified rounded shapes, and restrained 2D cartoon shading. Do not copy the reference subject or composition.

Framing: One compact composition, with the complete subject using about 80-90% of the square. Keep everything inside the frame.

Output: 512x512 PNG, RGBA, genuine transparent background. No text, numerals, labels, logos or watermark.",作成済み,,references/invidious.png
standing.png,立っている,立っている,"Subject: standing, standing upright.

Composition: Show one person standing upright naturally with both feet on the ground.

Style: Use the attached invidious.png for drawing style only. Match its thick rounded dark-brown contours, simplified rounded shapes, and restrained 2D cartoon shading. Do not copy the reference subject or composition.

Framing: One compact composition, with the complete subject using about 80-90% of the square. Keep everything inside the frame.

Output: 512x512 PNG, RGBA, genuine transparent background. No text, numerals, labels, logos or watermark.",作成済み,,references/invidious.png
James.png,ジェイムズ,ジェイムズ,"Subject: James, James, a male given name.

Composition: Show an adult man named James in simple contemporary clothing, friendly and natural, with no extra story elements.

Style: Use the attached invidious.png for drawing style only. Match its thick rounded dark-brown contours, simplified rounded shapes, and restrained 2D cartoon shading. Do not copy the reference subject or composition.

Framing: One compact composition, with the complete subject using about 80-90% of the square. Keep everything inside the frame.

Output: 512x512 PNG, RGBA, genuine transparent background. No text, numerals, labels, logos or watermark.",作成済み,,references/invidious.png
carried.png,運ばれた、運び込まれた,運ばれた,"Subject: carried, being transported from one place to another.

Composition: Show a box being carried from one place to another by one person.

Style: Use the attached invidious.png for drawing style only. Match its thick rounded dark-brown contours, simplified rounded shapes, and restrained 2D cartoon shading. Do not copy the reference subject or composition.

Framing: One compact composition, with the complete subject using about 80-90% of the square. Keep everything inside the frame.

Output: 512x512 PNG, RGBA, genuine transparent background. No text, numerals, labels, logos or watermark.",作成済み,,references/invidious.png
allowed.png,持ち込み可,持ち込み可,"Subject: allowed, allowed to bring an item inside.

Composition: Show a traveler carrying a bag through an entrance checkpoint with a clear green approval check.

Style: Use the attached invidious.png for drawing style only. Match its thick rounded dark-brown contours, simplified rounded shapes, and restrained 2D cartoon shading. Do not copy the reference subject or composition.

Framing: One compact composition, with the complete subject using about 80-90% of the square. Keep everything inside the frame.

Output: 512x512 PNG, RGBA, genuine transparent background. No text, numerals, labels, logos or watermark.",作成済み,,references/invidious.png
Paul.png,ポール,ポール,"Subject: Paul, Paul, a male given name.

Composition: Show an adult man named Paul in simple contemporary clothing, friendly and natural.

Style: Use the attached invidious.png for drawing style only. Match its thick rounded dark-brown contours, simplified rounded shapes, and restrained 2D cartoon shading. Do not copy the reference subject or composition.

Framing: One compact composition, with the complete subject using about 80-90% of the square. Keep everything inside the frame.

Output: 512x512 PNG, RGBA, genuine transparent background. No text, numerals, labels, logos or watermark.",作成済み,,references/invidious.png
Chinese.png,中国語,中国語,"Subject: Chinese, the Chinese language.

Composition: Show a speech bubble and an open language book containing a few representative Chinese characters.

Style: Use the attached invidious.png for drawing style only. Match its thick rounded dark-brown contours, simplified rounded shapes, and restrained 2D cartoon shading. Do not copy the reference subject or composition.

Framing: One compact composition, with the complete subject using about 80-90% of the square. Keep everything inside the frame.

Output: 512x512 PNG, RGBA, genuine transparent background. No text, numerals, labels, logos or watermark.",作成済み,,references/invidious.png
waiting.png,待つこと,待つこと,"Subject: waiting, the act of waiting.

Composition: Show one person seated beside a clock, calmly waiting.

Style: Use the attached invidious.png for drawing style only. Match its thick rounded dark-brown contours, simplified rounded shapes, and restrained 2D cartoon shading. Do not copy the reference subject or composition.

Framing: One compact composition, with the complete subject using about 80-90% of the square. Keep everything inside the frame.

Output: 512x512 PNG, RGBA, genuine transparent background. No text, numerals, labels, logos or watermark.",作成済み,,references/invidious.png
leading.png,先導する,先導する,"Subject: leading, guiding others from the front.

Composition: Show one person at the front guiding a small group along a path.

Style: Use the attached invidious.png for drawing style only. Match its thick rounded dark-brown contours, simplified rounded shapes, and restrained 2D cartoon shading. Do not copy the reference subject or composition.

Framing: One compact composition, with the complete subject using about 80-90% of the square. Keep everything inside the frame.

Output: 512x512 PNG, RGBA, genuine transparent background. No text, numerals, labels, logos or watermark.",作成済み,,references/invidious.png
March_cap.png,3月,3月,"Subject: March, the month of March.

Composition: Show a calendar page centered on the numeral 3 with an early-spring flower cue.

Style: Use the attached invidious.png for drawing style only. Match its thick rounded dark-brown contours, simplified rounded shapes, and restrained 2D cartoon shading. Do not copy the reference subject or composition.

Framing: One compact composition, with the complete subject using about 80-90% of the square. Keep everything inside the frame.

Output: 512x512 PNG, RGBA, genuine transparent background. No incidental text, numerals, or labels beyond what is essential to the target meaning. No logos or watermark.",作成済み,,references/invidious.png
nearly.png,ほとんど,ほとんど,"Subject: nearly, almost; very close to completion.

Composition: Show a glass filled almost to the brim, leaving only a tiny gap.

Style: Use the attached invidious.png for drawing style only. Match its thick rounded dark-brown contours, simplified rounded shapes, and restrained 2D cartoon shading. Do not copy the reference subject or composition.

Framing: One compact composition, with the complete subject using about 80-90% of the square. Keep everything inside the frame.

Output: 512x512 PNG, RGBA, genuine transparent background. No text, numerals, labels, logos or watermark.",作成済み,,references/invidious.png
chest.png,胸、胸郭,胸、胸郭,"Subject: chest, the human chest and ribcage.

Composition: Show a front view of a human upper torso with the chest and ribcage area clearly emphasized.

Style: Use the attached invidious.png for drawing style only. Match its thick rounded dark-brown contours, simplified rounded shapes, and restrained 2D cartoon shading. Do not copy the reference subject or composition.

Framing: One compact composition, with the complete subject using about 80-90% of the square. Keep everything inside the frame.

Output: 512x512 PNG, RGBA, genuine transparent background. No text, numerals, labels, logos or watermark.",作成済み,,references/invidious.png
African.png,アフリカの,アフリカの,"Subject: African, African; relating to Africa.

Composition: Show the outline of Africa with a compact mix of recognizable African landscape and cultural cues.

Style: Use the attached invidious.png for drawing style only. Match its thick rounded dark-brown contours, simplified rounded shapes, and restrained 2D cartoon shading. Do not copy the reference subject or composition.

Framing: One compact composition, with the complete subject using about 80-90% of the square. Keep everything inside the frame.

Output: 512x512 PNG, RGBA, genuine transparent background. No text, numerals, labels, logos or watermark.",作成済み,,references/invidious.png
larger.png,より大きい、より多い,より大きい,"Subject: larger, larger than another.

Composition: Show two matching objects side by side, with one clearly larger than the other.

Style: Use the attached invidious.png for drawing style only. Match its thick rounded dark-brown contours, simplified rounded shapes, and restrained 2D cartoon shading. Do not copy the reference subject or composition.

Framing: One compact composition, with the complete subject using about 80-90% of the square. Keep everything inside the frame.

Output: 512x512 PNG, RGBA, genuine transparent background. No text, numerals, labels, logos or watermark.",作成済み,,references/invidious.png
older.png,年上の,年上の,"Subject: older, older than another person.

Composition: Show two adults together, with one visibly older through age-appropriate facial features and hair.

Style: Use the attached invidious.png for drawing style only. Match its thick rounded dark-brown contours, simplified rounded shapes, and restrained 2D cartoon shading. Do not copy the reference subject or composition.

Framing: One compact composition, with the complete subject using about 80-90% of the square. Keep everything inside the frame.

Output: 512x512 PNG, RGBA, genuine transparent background. No text, numerals, labels, logos or watermark.",作成済み,,references/invidious.png
pretty.png,かわいい、かわいらしい,かわいい,"Subject: pretty, cute and attractive.

Composition: Show one cute, appealing subject with a warm expression and neat appearance.

Style: Use the attached invidious.png for drawing style only. Match its thick rounded dark-brown contours, simplified rounded shapes, and restrained 2D cartoon shading. Do not copy the reference subject or composition.

Framing: One compact composition, with the complete subject using about 80-90% of the square. Keep everything inside the frame.

Output: 512x512 PNG, RGBA, genuine transparent background. No text, numerals, labels, logos or watermark.",作成済み,,references/invidious.png
seeing.png,見ること,見ること,"Subject: seeing, the act of seeing.

Composition: Show one person looking directly at a clearly visible object in front of them.

Style: Use the attached invidious.png for drawing style only. Match its thick rounded dark-brown contours, simplified rounded shapes, and restrained 2D cartoon shading. Do not copy the reference subject or composition.

Framing: One compact composition, with the complete subject using about 80-90% of the square. Keep everything inside the frame.

Output: 512x512 PNG, RGBA, genuine transparent background. No text, numerals, labels, logos or watermark.",作成済み,,references/invidious.png
drug.png,麻薬,麻薬,"Subject: drug, an illicit narcotic drug.

Composition: Show an illicit narcotic substance as a small sealed bag and unmarked tablets with a strong warning symbol, without instructional detail.

Style: Use the attached invidious.png for drawing style only. Match its thick rounded dark-brown contours, simplified rounded shapes, and restrained 2D cartoon shading. Do not copy the reference subject or composition.

Framing: One compact composition, with the complete subject using about 80-90% of the square. Keep everything inside the frame.

Output: 512x512 PNG, RGBA, genuine transparent background. No text, numerals, labels, logos or watermark.",作成済み,,references/invidious.png
popular.png,人気がある、評判が良い,人気がある,"Subject: popular, popular and liked by many people.

Composition: Show one performer or creator being warmly surrounded and applauded by many people.

Style: Use the attached invidious.png for drawing style only. Match its thick rounded dark-brown contours, simplified rounded shapes, and restrained 2D cartoon shading. Do not copy the reference subject or composition.

Framing: One compact composition, with the complete subject using about 80-90% of the square. Keep everything inside the frame.

Output: 512x512 PNG, RGBA, genuine transparent background. No text, numerals, labels, logos or watermark.",作成済み,,references/invidious.png
concerned.png,関係している,関係している,"Subject: concerned, connected or involved with something.

Composition: Show two documents or objects visibly connected by a line, indicating they are related to the same matter.

Style: Use the attached invidious.png for drawing style only. Match its thick rounded dark-brown contours, simplified rounded shapes, and restrained 2D cartoon shading. Do not copy the reference subject or composition.

Framing: One compact composition, with the complete subject using about 80-90% of the square. Keep everything inside the frame.

Output: 512x512 PNG, RGBA, genuine transparent background. No text, numerals, labels, logos or watermark.",作成済み,,references/invidious.png
la.png,「ラ」,「ラ」,"Subject: la, the solfège note la.

Composition: Show a simple musical staff with the solfège note LA clearly indicated as the target meaning.

Style: Use the attached invidious.png for drawing style only. Match its thick rounded dark-brown contours, simplified rounded shapes, and restrained 2D cartoon shading. Do not copy the reference subject or composition.

Framing: One compact composition, with the complete subject using about 80-90% of the square. Keep everything inside the frame.

Output: 512x512 PNG, RGBA, genuine transparent background. No incidental text, numerals, or labels beyond what is essential to the target meaning. No logos or watermark.",作成済み,,references/invidious.png
supposed.png,想像された,想像された,"Subject: supposed, imagined or assumed.

Composition: Show one person imagining a scene in a thought bubble above the head.

Style: Use the attached invidious.png for drawing style only. Match its thick rounded dark-brown contours, simplified rounded shapes, and restrained 2D cartoon shading. Do not copy the reference subject or composition.

Framing: One compact composition, with the complete subject using about 80-90% of the square. Keep everything inside the frame.

Output: 512x512 PNG, RGBA, genuine transparent background. No text, numerals, labels, logos or watermark.",作成済み,,references/invidious.png
Robert.png,ロバート,ロバート,"Subject: Robert, Robert, a male given name.

Composition: Show an adult man named Robert in simple contemporary clothing, friendly and natural.

Style: Use the attached invidious.png for drawing style only. Match its thick rounded dark-brown contours, simplified rounded shapes, and restrained 2D cartoon shading. Do not copy the reference subject or composition.

Framing: One compact composition, with the complete subject using about 80-90% of the square. Keep everything inside the frame.

Output: 512x512 PNG, RGBA, genuine transparent background. No text, numerals, labels, logos or watermark.",作成済み,,references/invidious.png
Israel.png,イスラエル,イスラエル,"Subject: Israel, Israel, the country.

Composition: Show the recognizable outline of Israel with a small Israeli flag and a compact cityscape cue.

Style: Use the attached invidious.png for drawing style only. Match its thick rounded dark-brown contours, simplified rounded shapes, and restrained 2D cartoon shading. Do not copy the reference subject or composition.

Framing: One compact composition, with the complete subject using about 80-90% of the square. Keep everything inside the frame.

Output: 512x512 PNG, RGBA, genuine transparent background. No text, numerals, labels, logos or watermark.",作成済み,,references/invidious.png
Michael.png,ミカエル,ミカエル,"Subject: Michael, Michael, the archangel.

Composition: Show the archangel Michael with wings, armor, and a sword, in a dignified heroic pose.

Style: Use the attached invidious.png for drawing style only. Match its thick rounded dark-brown contours, simplified rounded shapes, and restrained 2D cartoon shading. Do not copy the reference subject or composition.

Framing: One compact composition, with the complete subject using about 80-90% of the square. Keep everything inside the frame.

Output: 512x512 PNG, RGBA, genuine transparent background. No text, numerals, labels, logos or watermark.",作成済み,,references/invidious.png
post-.png,郵便,郵便,"Subject: post-, postal mail.

Composition: Show a postal mailbox with a sealed envelope being inserted into it.

Style: Use the attached invidious.png for drawing style only. Match its thick rounded dark-brown contours, simplified rounded shapes, and restrained 2D cartoon shading. Do not copy the reference subject or composition.

Framing: One compact composition, with the complete subject using about 80-90% of the square. Keep everything inside the frame.

Output: 512x512 PNG, RGBA, genuine transparent background. No text, numerals, labels, logos or watermark.",作成済み,,references/invidious.png
okay.png,分かったよ,分かったよ,"Subject: okay, understanding and acceptance.

Composition: Show one person nodding with a clear expression of understanding and acceptance.

Style: Use the attached invidious.png for drawing style only. Match its thick rounded dark-brown contours, simplified rounded shapes, and restrained 2D cartoon shading. Do not copy the reference subject or composition.

Framing: One compact composition, with the complete subject using about 80-90% of the square. Keep everything inside the frame.

Output: 512x512 PNG, RGBA, genuine transparent background. No text, numerals, labels, logos or watermark.",作成済み,,references/invidious.png
Washington.png,ワシントン,ワシントン,"Subject: Washington, Washington, D.C..

Composition: Show a compact Washington, D.C. scene with the U.S. Capitol dome and the Washington Monument.

Style: Use the attached invidious.png for drawing style only. Match its thick rounded dark-brown contours, simplified rounded shapes, and restrained 2D cartoon shading. Do not copy the reference subject or composition.

Framing: One compact composition, with the complete subject using about 80-90% of the square. Keep everything inside the frame.

Output: 512x512 PNG, RGBA, genuine transparent background. No text, numerals, labels, logos or watermark.",作成済み,,references/invidious.png
Henry.png,ヘンリー,ヘンリー,"Subject: Henry, Henry, a male given name.

Composition: Show an adult man named Henry in simple contemporary clothing, friendly and natural.

Style: Use the attached invidious.png for drawing style only. Match its thick rounded dark-brown contours, simplified rounded shapes, and restrained 2D cartoon shading. Do not copy the reference subject or composition.

Framing: One compact composition, with the complete subject using about 80-90% of the square. Keep everything inside the frame.

Output: 512x512 PNG, RGBA, genuine transparent background. No text, numerals, labels, logos or watermark.",作成済み,,references/invidious.png
asking.png,求めること,求めること,"Subject: asking, requesting something from another person.

Composition: Show one person politely requesting an item from another person with an open hand gesture.

Style: Use the attached invidious.png for drawing style only. Match its thick rounded dark-brown contours, simplified rounded shapes, and restrained 2D cartoon shading. Do not copy the reference subject or composition.

Framing: One compact composition, with the complete subject using about 80-90% of the square. Keep everything inside the frame.

Output: 512x512 PNG, RGBA, genuine transparent background. No text, numerals, labels, logos or watermark.",作成済み,,references/invidious.png
keeping.png,維持,維持,"Subject: keeping, maintaining something in good condition.

Composition: Show one person carefully maintaining a useful object, such as cleaning and oiling a tool.

Style: Use the attached invidious.png for drawing style only. Match its thick rounded dark-brown contours, simplified rounded shapes, and restrained 2D cartoon shading. Do not copy the reference subject or composition.

Framing: One compact composition, with the complete subject using about 80-90% of the square. Keep everything inside the frame.

Output: 512x512 PNG, RGBA, genuine transparent background. No text, numerals, labels, logos or watermark.",作成済み,,references/invidious.png
smaller.png,より小さい、小さめの,より小さい,"Subject: smaller, smaller than another.

Composition: Show two matching objects side by side, with one clearly smaller than the other.

Style: Use the attached invidious.png for drawing style only. Match its thick rounded dark-brown contours, simplified rounded shapes, and restrained 2D cartoon shading. Do not copy the reference subject or composition.

Framing: One compact composition, with the complete subject using about 80-90% of the square. Keep everything inside the frame.

Output: 512x512 PNG, RGBA, genuine transparent background. No text, numerals, labels, logos or watermark.",作成済み,,references/invidious.png
Charles.png,チャールズ,チャールズ,"Subject: Charles, Charles, a male given name.

Composition: Show an adult man named Charles in simple contemporary clothing, friendly and natural.

Style: Use the attached invidious.png for drawing style only. Match its thick rounded dark-brown contours, simplified rounded shapes, and restrained 2D cartoon shading. Do not copy the reference subject or composition.

Framing: One compact composition, with the complete subject using about 80-90% of the square. Keep everything inside the frame.

Output: 512x512 PNG, RGBA, genuine transparent background. No text, numerals, labels, logos or watermark.",作成済み,,references/invidious.png
Jack.png,ジャック、ジャツク,ジャック,"Subject: Jack, Jack, a male given name.

Composition: Show an adult man named Jack in simple contemporary clothing, friendly and natural.

Style: Use the attached invidious.png for drawing style only. Match its thick rounded dark-brown contours, simplified rounded shapes, and restrained 2D cartoon shading. Do not copy the reference subject or composition.

Framing: One compact composition, with the complete subject using about 80-90% of the square. Keep everything inside the frame.

Output: 512x512 PNG, RGBA, genuine transparent background. No text, numerals, labels, logos or watermark.",作成済み,,references/invidious.png
familiar.png,よく知っている、精通している,よく知っている,"Subject: familiar, well known through repeated experience.

Composition: Show one person instantly recognizing a familiar home or object with a relaxed, knowing expression.

Style: Use the attached invidious.png for drawing style only. Match its thick rounded dark-brown contours, simplified rounded shapes, and restrained 2D cartoon shading. Do not copy the reference subject or composition.

Framing: One compact composition, with the complete subject using about 80-90% of the square. Keep everything inside the frame.

Output: 512x512 PNG, RGBA, genuine transparent background. No text, numerals, labels, logos or watermark.",作成済み,,references/invidious.png
picked.png,精選した,精選した,"Subject: picked, carefully selected from a group.

Composition: Show one especially good apple carefully selected and held apart from several ordinary apples.

Style: Use the attached invidious.png for drawing style only. Match its thick rounded dark-brown contours, simplified rounded shapes, and restrained 2D cartoon shading. Do not copy the reference subject or composition.

Framing: One compact composition, with the complete subject using about 80-90% of the square. Keep everything inside the frame.

Output: 512x512 PNG, RGBA, genuine transparent background. No text, numerals, labels, logos or watermark.",作成済み,,references/invidious.png
Paris.png,パリ、パリス,パリ,"Subject: Paris, Paris, the capital city of France.

Composition: Show a compact Paris city scene with the Eiffel Tower and classic Parisian buildings.

Style: Use the attached invidious.png for drawing style only. Match its thick rounded dark-brown contours, simplified rounded shapes, and restrained 2D cartoon shading. Do not copy the reference subject or composition.

Framing: One compact composition, with the complete subject using about 80-90% of the square. Keep everything inside the frame.

Output: 512x512 PNG, RGBA, genuine transparent background. No text, numerals, labels, logos or watermark.",作成済み,,references/invidious.png
highest.png,最高の,最高の,"Subject: highest, the highest among several.

Composition: Show several matching vertical objects with one clearly the highest.

Style: Use the attached invidious.png for drawing style only. Match its thick rounded dark-brown contours, simplified rounded shapes, and restrained 2D cartoon shading. Do not copy the reference subject or composition.

Framing: One compact composition, with the complete subject using about 80-90% of the square. Keep everything inside the frame.

Output: 512x512 PNG, RGBA, genuine transparent background. No text, numerals, labels, logos or watermark.",作成済み,,references/invidious.png
previously.png,前に、以前に,前に,"Subject: previously, at an earlier time.

Composition: Show a simple timeline with one event placed clearly before the current event.

Style: Use the attached invidious.png for drawing style only. Match its thick rounded dark-brown contours, simplified rounded shapes, and restrained 2D cartoon shading. Do not copy the reference subject or composition.

Framing: One compact composition, with the complete subject using about 80-90% of the square. Keep everything inside the frame.

Output: 512x512 PNG, RGBA, genuine transparent background. No text, numerals, labels, logos or watermark.",作成済み,,references/invidious.png
chemical.png,化学の,化学の,"Subject: chemical, chemical; relating to chemistry.

Composition: Show a clean chemistry setup with a flask, beaker, and simple molecular model.

Style: Use the attached invidious.png for drawing style only. Match its thick rounded dark-brown contours, simplified rounded shapes, and restrained 2D cartoon shading. Do not copy the reference subject or composition.

Framing: One compact composition, with the complete subject using about 80-90% of the square. Keep everything inside the frame.

Output: 512x512 PNG, RGBA, genuine transparent background. No text, numerals, labels, logos or watermark.",作成済み,,references/invidious.png
of-.png,…の,…の,"Subject: of-, belonging to or associated with.

Composition: Show one key clearly belonging to one house, visually connected to it as a possession relationship.

Style: Use the attached invidious.png for drawing style only. Match its thick rounded dark-brown contours, simplified rounded shapes, and restrained 2D cartoon shading. Do not copy the reference subject or composition.

Framing: One compact composition, with the complete subject using about 80-90% of the square. Keep everything inside the frame.

Output: 512x512 PNG, RGBA, genuine transparent background. No text, numerals, labels, logos or watermark.",作成済み,,references/invidious.png
rock.png,岩,岩,"Subject: rock, a rock or stone.

Composition: Show one solid natural rock as the main subject.

Style: Use the attached invidious.png for drawing style only. Match its thick rounded dark-brown contours, simplified rounded shapes, and restrained 2D cartoon shading. Do not copy the reference subject or composition.

Framing: One compact composition, with the complete subject using about 80-90% of the square. Keep everything inside the frame.

Output: 512x512 PNG, RGBA, genuine transparent background. No text, numerals, labels, logos or watermark.",作成済み,,references/invidious.png
long-term.png,はるか先の,はるか先の,"Subject: long-term, far into the future over a long period.

Composition: Show a long timeline stretching far into the future, with a distant goal at the end.

Style: Use the attached invidious.png for drawing style only. Match its thick rounded dark-brown contours, simplified rounded shapes, and restrained 2D cartoon shading. Do not copy the reference subject or composition.

Framing: One compact composition, with the complete subject using about 80-90% of the square. Keep everything inside the frame.

Output: 512x512 PNG, RGBA, genuine transparent background. No text, numerals, labels, logos or watermark.",作成済み,,references/invidious.png
false.png,正しくない、誤った,正しくない,"Subject: false, false or incorrect.

Composition: Show one clearly incorrect statement or symbol marked with a bold red X.

Style: Use the attached invidious.png for drawing style only. Match its thick rounded dark-brown contours, simplified rounded shapes, and restrained 2D cartoon shading. Do not copy the reference subject or composition.

Framing: One compact composition, with the complete subject using about 80-90% of the square. Keep everything inside the frame.

Output: 512x512 PNG, RGBA, genuine transparent background. No text, numerals, labels, logos or watermark.",作成済み,,references/invidious.png
bound@bhendh.png,縛られた,縛られた,"Subject: bound, bound tightly with rope.

Composition: Show one object tightly bound with rope around it.

Style: Use the attached invidious.png for drawing style only. Match its thick rounded dark-brown contours, simplified rounded shapes, and restrained 2D cartoon shading. Do not copy the reference subject or composition.

Framing: One compact composition, with the complete subject using about 80-90% of the square. Keep everything inside the frame.

Output: 512x512 PNG, RGBA, genuine transparent background. No text, numerals, labels, logos or watermark.",作成済み,,references/invidious.png
pick.png,選ぶ,選ぶ,"Subject: pick, to choose one item from several.

Composition: Show one hand choosing a single item from several available options.

Style: Use the attached invidious.png for drawing style only. Match its thick rounded dark-brown contours, simplified rounded shapes, and restrained 2D cartoon shading. Do not copy the reference subject or composition.

Framing: One compact composition, with the complete subject using about 80-90% of the square. Keep everything inside the frame.

Output: 512x512 PNG, RGBA, genuine transparent background. No text, numerals, labels, logos or watermark.",作成済み,,references/invidious.png
greatest.png,最高に良いもの,最高に良いもの,"Subject: greatest, the best or greatest among several.

Composition: Show several strong candidates with one clearly outstanding as the best among them.

Style: Use the attached invidious.png for drawing style only. Match its thick rounded dark-brown contours, simplified rounded shapes, and restrained 2D cartoon shading. Do not copy the reference subject or composition.

Framing: One compact composition, with the complete subject using about 80-90% of the square. Keep everything inside the frame.

Output: 512x512 PNG, RGBA, genuine transparent background. No text, numerals, labels, logos or watermark.",作成済み,,references/invidious.png
labour.png,分娩,分娩,"Subject: labour, childbirth labor.

Composition: Show a pregnant adult woman in a hospital bed experiencing childbirth contractions, supported by a medical professional, non-graphic.

Style: Use the attached invidious.png for drawing style only. Match its thick rounded dark-brown contours, simplified rounded shapes, and restrained 2D cartoon shading. Do not copy the reference subject or composition.

Framing: One compact composition, with the complete subject using about 80-90% of the square. Keep everything inside the frame.

Output: 512x512 PNG, RGBA, genuine transparent background. No text, numerals, labels, logos or watermark.",作成済み,,references/invidious.png
putting.png,パットする,パットする,"Subject: putting, putting a golf ball.

Composition: Show a golfer gently putting a golf ball toward a nearby hole.

Style: Use the attached invidious.png for drawing style only. Match its thick rounded dark-brown contours, simplified rounded shapes, and restrained 2D cartoon shading. Do not copy the reference subject or composition.

Framing: One compact composition, with the complete subject using about 80-90% of the square. Keep everything inside the frame.

Output: 512x512 PNG, RGBA, genuine transparent background. No text, numerals, labels, logos or watermark.",作成済み,,references/invidious.png
acting.png,事務取り扱いの,事務取り扱いの,"Subject: acting, temporarily filling another person's official role.

Composition: Show one office worker temporarily occupying an absent manager's desk and carrying out the manager's duties.

Style: Use the attached invidious.png for drawing style only. Match its thick rounded dark-brown contours, simplified rounded shapes, and restrained 2D cartoon shading. Do not copy the reference subject or composition.

Framing: One compact composition, with the complete subject using about 80-90% of the square. Keep everything inside the frame.

Output: 512x512 PNG, RGBA, genuine transparent background. No text, numerals, labels, logos or watermark.",作成済み,,references/invidious.png
settled.png,固定した,固定した,"Subject: settled, fixed securely in place.

Composition: Show one object firmly fixed in place with bolts so it cannot move.

Style: Use the attached invidious.png for drawing style only. Match its thick rounded dark-brown contours, simplified rounded shapes, and restrained 2D cartoon shading. Do not copy the reference subject or composition.

Framing: One compact composition, with the complete subject using about 80-90% of the square. Keep everything inside the frame.

Output: 512x512 PNG, RGBA, genuine transparent background. No text, numerals, labels, logos or watermark.",作成済み,,references/invidious.png
Sam.png,サム,サム,"Subject: Sam, Sam, a male given name.

Composition: Show an adult man named Sam in simple contemporary clothing, friendly and natural.

Style: Use the attached invidious.png for drawing style only. Match its thick rounded dark-brown contours, simplified rounded shapes, and restrained 2D cartoon shading. Do not copy the reference subject or composition.

Framing: One compact composition, with the complete subject using about 80-90% of the square. Keep everything inside the frame.

Output: 512x512 PNG, RGBA, genuine transparent background. No text, numerals, labels, logos or watermark.",作成済み,,references/invidious.png
Martin.png,マーティン,マーティン,"Subject: Martin, Martin, a male given name.

Composition: Show an adult man named Martin in simple contemporary clothing, friendly and natural.

Style: Use the attached invidious.png for drawing style only. Match its thick rounded dark-brown contours, simplified rounded shapes, and restrained 2D cartoon shading. Do not copy the reference subject or composition.

Framing: One compact composition, with the complete subject using about 80-90% of the square. Keep everything inside the frame.

Output: 512x512 PNG, RGBA, genuine transparent background. No text, numerals, labels, logos or watermark.",作成済み,,references/invidious.png
calculated.png,計算して確かめられた,計算して確かめられた,"Subject: calculated, checked and verified by calculation.

Composition: Show a calculator beside a measured result that has been carefully checked and confirmed.

Style: Use the attached invidious.png for drawing style only. Match its thick rounded dark-brown contours, simplified rounded shapes, and restrained 2D cartoon shading. Do not copy the reference subject or composition.

Framing: One compact composition, with the complete subject using about 80-90% of the square. Keep everything inside the frame.

Output: 512x512 PNG, RGBA, genuine transparent background. No text, numerals, labels, logos or watermark.",作成済み,,references/invidious.png
helping.png,手助け,手助け,"Subject: helping, giving practical help to another person.

Composition: Show one person helping another lift a heavy box.

Style: Use the attached invidious.png for drawing style only. Match its thick rounded dark-brown contours, simplified rounded shapes, and restrained 2D cartoon shading. Do not copy the reference subject or composition.

Framing: One compact composition, with the complete subject using about 80-90% of the square. Keep everything inside the frame.

Output: 512x512 PNG, RGBA, genuine transparent background. No text, numerals, labels, logos or watermark.",作成済み,,references/invidious.png
largest.png,最も大きい、最大の,最も大きい,"Subject: largest, the largest among several.

Composition: Show several matching objects with one clearly the largest.

Style: Use the attached invidious.png for drawing style only. Match its thick rounded dark-brown contours, simplified rounded shapes, and restrained 2D cartoon shading. Do not copy the reference subject or composition.

Framing: One compact composition, with the complete subject using about 80-90% of the square. Keep everything inside the frame.

Output: 512x512 PNG, RGBA, genuine transparent background. No text, numerals, labels, logos or watermark.",作成済み,,references/invidious.png
shop.png,小売店、小規模商店,小売店,"Subject: shop, a small retail shop.

Composition: Show a small neighborhood retail shop with a counter, shelves, and a few everyday goods.

Style: Use the attached invidious.png for drawing style only. Match its thick rounded dark-brown contours, simplified rounded shapes, and restrained 2D cartoon shading. Do not copy the reference subject or composition.

Framing: One compact composition, with the complete subject using about 80-90% of the square. Keep everything inside the frame.

Output: 512x512 PNG, RGBA, genuine transparent background. No text, numerals, labels, logos or watermark.",作成済み,,references/invidious.png
Spanish.png,スペインの,スペインの,"Subject: Spanish, Spanish; relating to Spain.

Composition: Show the outline of Spain with a small Spanish flag and a compact Spanish architectural cue.

Style: Use the attached invidious.png for drawing style only. Match its thick rounded dark-brown contours, simplified rounded shapes, and restrained 2D cartoon shading. Do not copy the reference subject or composition.

Framing: One compact composition, with the complete subject using about 80-90% of the square. Keep everything inside the frame.

Output: 512x512 PNG, RGBA, genuine transparent background. No text, numerals, labels, logos or watermark.",作成済み,,references/invidious.png
Tom.png,トム,トム,"Subject: Tom, Tom, a male given name.

Composition: Show an adult man named Tom in simple contemporary clothing, friendly and natural.

Style: Use the attached invidious.png for drawing style only. Match its thick rounded dark-brown contours, simplified rounded shapes, and restrained 2D cartoon shading. Do not copy the reference subject or composition.

Framing: One compact composition, with the complete subject using about 80-90% of the square. Keep everything inside the frame.

Output: 512x512 PNG, RGBA, genuine transparent background. No text, numerals, labels, logos or watermark.",作成済み,,references/invidious.png
centre.png,センター,センター,"Subject: centre, a center or central place.

Composition: Show one object placed exactly at the center of a surrounding ring of objects.

Style: Use the attached invidious.png for drawing style only. Match its thick rounded dark-brown contours, simplified rounded shapes, and restrained 2D cartoon shading. Do not copy the reference subject or composition.

Framing: One compact composition, with the complete subject using about 80-90% of the square. Keep everything inside the frame.

Output: 512x512 PNG, RGBA, genuine transparent background. No text, numerals, labels, logos or watermark.",作成済み,,references/invidious.png
