ファイル名,単語,問題,発見バッチ,状態
said.png,said,語義と英語欄が不一致,prompt_rows_002作成時,解決済み
de.png,de,接頭辞語義と略語語義が混在,prompt_rows_002作成時,解決済み
heard@x.png,heard,地名語義なのに品詞が動詞,prompt_rows_002作成時,解決済み
John.png,John,人名語義とtoilet語義が混在,prompt_rows_002作成時,解決済み
Nazi.png,Nazi,画像生成の安全判定で入力拒否,prompt_rows_005生成時,保留
pussy.png,pussy,画像生成の安全判定で性的表現として拒否,prompt_rows_005生成時,保留
rape.png,rape,画像生成の安全判定で性的表現として拒否,prompt_rows_005生成時,保留
York.png,York,地名か人名か要照合,prompt_rows_002作成時,解決済み
London.png,London,都市か人名か要照合,prompt_rows_002作成時,解決済み
May_cap.png,May,大文字見出しと助動詞語義が不一致,prompt_rows_002作成時,解決済み
things.png,things,語義または英語欄が空欄,prompt_rows_001作成時,解決済み
using.png,using,語義または英語欄が空欄,prompt_rows_001作成時,解決済み
look.png,look,語義と英語欄が不一致,prompt_rows_001作成時,解決済み
given.png,given,語義と英語欄が不一致,prompt_rows_001作成時,解決済み
got@x.png,got,語義または英語欄が空欄,prompt_rows_001作成時,解決済み
put.png,put,語義または英語欄が空欄,prompt_rows_001作成時,解決済み
seen@x.png,seen,語義または英語欄が空欄,prompt_rows_001作成時,解決済み
done.png,done,語義または英語欄が空欄,prompt_rows_001作成時,解決済み
American.png,American,語義と英語欄が不一致,prompt_rows_001作成時,解決済み
taken@x.png,taken,語義または英語欄が空欄,prompt_rows_001作成時,解決済み
looking.png,looking,語義または英語欄が空欄,prompt_rows_001作成時,解決済み
says.png,says,語義または英語欄が空欄,prompt_rows_001作成時,解決済み
terms.png,terms,語義または英語欄が空欄,prompt_rows_001作成時,解決済み
working.png,working,語義と英語欄が不一致,prompt_rows_001作成時,解決済み
States.png,States,語義または英語欄が空欄,prompt_rows_001作成時,解決済み
space.png,space,語義と英語欄が不一致,prompt_rows_001作成時,解決済み
higher.png,higher,語義または英語欄が空欄,prompt_rows_001作成時,解決済み
taking.png,taking,語義または英語欄が空欄,prompt_rows_001作成時,解決済み
values.png,values,語義または英語欄が空欄,prompt_rows_001作成時,解決済み
ways@x.png,ways,語義または英語欄が空欄,prompt_rows_001作成時,解決済み
towards.png,towards,語義または英語欄が空欄,prompt_rows_001作成時,解決済み
coming.png,coming,語義と英語欄が不一致,prompt_rows_001作成時,解決済み
longer.png,longer,語義または英語欄が空欄,prompt_rows_001作成時,解決済み
feet@x.png,feet,語義または英語欄が空欄,prompt_rows_001作成時,解決済み
minutes.png,minutes,語義または英語欄が空欄,prompt_rows_001作成時,解決済み
China.png,China,語義と英語欄が不一致,prompt_rows_001作成時,解決済み
lost.png,lost,語義と英語欄が不一致,prompt_rows_001作成時,解決済み
India.png,India,語義または英語欄が空欄,prompt_rows_001作成時,解決済み
activities.png,activities,語義または英語欄が空欄,prompt_rows_001作成時,解決済み
British.png,British,語義と英語欄が不一致,prompt_rows_001作成時,解決済み
works.png,works,語義または英語欄が空欄,prompt_rows_001作成時,解決済み
greater.png,greater,語義と英語欄が不一致,prompt_rows_001作成時,解決済み
reported.png,reported,語義または英語欄が空欄,prompt_rows_001作成時,解決済み
features.png,features,語義または英語欄が空欄,prompt_rows_001作成時,解決済み
parts.png,parts,語義または英語欄が空欄,prompt_rows_001作成時,解決済み
earlier.png,earlier,語義または英語欄が空欄,prompt_rows_001作成時,解決済み
lines.png,lines,語義または英語欄が空欄,prompt_rows_001作成時,解決済み
to-.png,to-,語義または英語欄が空欄,prompt_rows_001作成時,解決済み
standing.png,standing,語義と英語欄が不一致,prompt_rows_001作成時,解決済み
James.png,James,語義と英語欄が不一致,prompt_rows_001作成時,解決済み
carried.png,carried,語義または英語欄が空欄,prompt_rows_001作成時,解決済み
allowed.png,allowed,語義または英語欄が空欄,prompt_rows_001作成時,解決済み
Paul.png,Paul,語義と英語欄が不一致,prompt_rows_001作成時,解決済み
Chinese.png,Chinese,語義と英語欄が不一致,prompt_rows_001作成時,解決済み
waiting.png,waiting,語義または英語欄が空欄,prompt_rows_001作成時,解決済み
leading.png,leading,語義と英語欄が不一致,prompt_rows_001作成時,解決済み
loved.png,loved,語義または英語欄が空欄,prompt_rows_001作成時,解決済み
March_cap.png,March,語義と英語欄が不一致,prompt_rows_001作成時,解決済み
nearly.png,nearly,語義と英語欄が不一致,prompt_rows_001作成時,解決済み
ran@x.png,ran,語義または英語欄が空欄,prompt_rows_001作成時,解決済み
covered.png,covered,語義または英語欄が空欄,prompt_rows_001作成時,解決済み
chest.png,chest,語義と英語欄が不一致,prompt_rows_001作成時,解決済み
African.png,African,語義と英語欄が不一致,prompt_rows_001作成時,解決済み
larger.png,larger,語義または英語欄が空欄,prompt_rows_001作成時,解決済み
holding.png,holding,語義または英語欄が空欄,prompt_rows_001作成時,解決済み
older.png,older,語義または英語欄が空欄,prompt_rows_001作成時,解決済み
pretty.png,pretty,語義と英語欄が不一致,prompt_rows_001作成時,解決済み
seeing.png,seeing,語義と英語欄が不一致,prompt_rows_001作成時,解決済み
benefits.png,benefits,語義または英語欄が空欄,prompt_rows_001作成時,解決済み
drug.png,drug,語義と英語欄が不一致,prompt_rows_001作成時,解決済み
hadnt.png,hadn't,語義または英語欄が空欄,prompt_rows_001作成時,解決済み
popular.png,popular,語義と英語欄が不一致,prompt_rows_001作成時,解決済み
concerned.png,concerned,語義と英語欄が不一致,prompt_rows_001作成時,解決済み
feelings.png,feelings,語義または英語欄が空欄,prompt_rows_001作成時,解決済み
la.png,la,語義または英語欄が空欄,prompt_rows_001作成時,解決済み
supposed.png,supposed,語義と英語欄が不一致,prompt_rows_001作成時,解決済み
Robert.png,Robert,語義と英語欄が不一致,prompt_rows_001作成時,解決済み
Israel.png,Israel,語義と英語欄が不一致,prompt_rows_001作成時,解決済み
Michael.png,Michael,語義と英語欄が不一致,prompt_rows_001作成時,解決済み
post-.png,post-,語義と英語欄が不一致,prompt_rows_001作成時,解決済み
okay.png,okay,語義または英語欄が空欄,prompt_rows_001作成時,解決済み
Washington.png,Washington,語義と英語欄が不一致,prompt_rows_001作成時,解決済み
Henry.png,Henry,語義と英語欄が不一致,prompt_rows_001作成時,解決済み
served.png,served,語義または英語欄が空欄,prompt_rows_001作成時,解決済み
changing.png,changing,語義または英語欄が空欄,prompt_rows_001作成時,解決済み
asking.png,asking,語義または英語欄が空欄,prompt_rows_001作成時,解決済み
keeping.png,keeping,語義と英語欄が不一致,prompt_rows_001作成時,解決済み
smaller.png,smaller,語義または英語欄が空欄,prompt_rows_001作成時,解決済み
user.png,user,語義または英語欄が空欄,prompt_rows_001作成時,解決済み
Charles.png,Charles,語義と英語欄が不一致,prompt_rows_001作成時,解決済み
Jack.png,Jack,語義と英語欄が不一致,prompt_rows_001作成時,解決済み
letters.png,letters,語義または英語欄が空欄,prompt_rows_001作成時,解決済み
matters.png,matters,語義または英語欄が空欄,prompt_rows_001作成時,解決済み
familiar.png,familiar,語義と英語欄が不一致,prompt_rows_001作成時,解決済み
picked.png,picked,語義と英語欄が不一致,prompt_rows_001作成時,解決済み
Paris.png,Paris,語義と英語欄が不一致,prompt_rows_001作成時,解決済み
highest.png,highest,語義または英語欄が空欄,prompt_rows_001作成時,解決済み
ended.png,ended,語義または英語欄が空欄,prompt_rows_001作成時,解決済み
previously.png,previously,語義または英語欄が空欄,prompt_rows_001作成時,解決済み
chemical.png,chemical,語義と英語欄が不一致,prompt_rows_001作成時,解決済み
of-.png,of-,語義または英語欄が空欄,prompt_rows_001作成時,解決済み
laid.png,laid,語義または英語欄が空欄,prompt_rows_001作成時,解決済み
rock.png,rock,語義と英語欄が不一致,prompt_rows_001作成時,解決済み
consequences.png,consequences,語義または英語欄が空欄,prompt_rows_001作成時,解決済み
findings.png,findings,語義または英語欄が空欄,prompt_rows_001作成時,解決済み
revealed.png,revealed,語義または英語欄が空欄,prompt_rows_001作成時,解決済み
long-term.png,long-term,語義と英語欄が不一致,prompt_rows_001作成時,解決済み
drugs.png,drugs,語義または英語欄が空欄,prompt_rows_001作成時,解決済み
false.png,false,語義と英語欄が不一致,prompt_rows_001作成時,解決済み
bound@bhendh.png,bound,語義と英語欄が不一致,prompt_rows_001作成時,解決済み
teeth.png,teeth,語義または英語欄が空欄,prompt_rows_001作成時,解決済み
behaviour.png,behaviour,語義または英語欄が空欄,prompt_rows_001作成時,解決済み
drawing.png,drawing,語義または英語欄が空欄,prompt_rows_001作成時,解決済み
pick.png,pick,語義と英語欄が不一致,prompt_rows_001作成時,解決済み
easier.png,easier,語義または英語欄が空欄,prompt_rows_001作成時,解決済み
greatest.png,greatest,語義または英語欄が空欄,prompt_rows_001作成時,解決済み
labour.png,labour,語義または英語欄が空欄,prompt_rows_001作成時,解決済み
putting.png,putting,語義または英語欄が空欄,prompt_rows_001作成時,解決済み
sold.png,sold,語義または英語欄が空欄,prompt_rows_001作成時,解決済み
settled.png,settled,語義または英語欄が空欄,prompt_rows_001作成時,解決済み
Martin.png,Martin,語義と英語欄が不一致,prompt_rows_001作成時,解決済み
calculated.png,calculated,語義と英語欄が不一致,prompt_rows_001作成時,解決済み
seconds.png,seconds,語義または英語欄が空欄,prompt_rows_001作成時,解決済み
helping.png,helping,語義と英語欄が不一致,prompt_rows_001作成時,解決済み
largest.png,largest,語義または英語欄が空欄,prompt_rows_001作成時,解決済み
shop.png,shop,語義と英語欄が不一致,prompt_rows_001作成時,解決済み
Spanish.png,Spanish,語義と英語欄が不一致,prompt_rows_001作成時,解決済み
falling.png,falling,語義または英語欄が空欄,prompt_rows_001作成時,解決済み
Tom.png,Tom,語義と英語欄が不一致,prompt_rows_001作成時,解決済み
centre.png,centre,語義または英語欄が空欄,prompt_rows_001作成時,解決済み
acting.png,acting,語義と英語欄が不一致,prompt_rows_001作成時,解決済み
Sam.png,Sam,固有名詞だけで視覚化対象不明,prompt_rows_001作成時,解決済み
used.png,used,語義と英語欄が不一致,prompt_rows_001作成時,解決済み
virgin.png,virgin,画像生成安全確認,prompt_rows_007作成時,解決済み
sexually.png,sexually,画像生成安全確認,prompt_rows_007作成時,解決済み
bi.png,bi,画像生成安全確認,prompt_rows_007作成時,解決済み
liquor.png,liquor,画像生成安全確認,prompt_rows_007作成時,解決済み
murderer.png,murderer,画像生成安全確認,prompt_rows_008作成時,解決済み
dagger.png,dagger,画像生成安全確認,prompt_rows_008作成時,解決済み
rear@re.png,rear,対象語義「後部」とCompositionの未来タイムラインが矛盾,prompt_rows_003生成時,保留
dogs.png,dogs,活用・語形の説明のみで描写対象語義が未特定,prompt_rows_009作成時,解決済み
so-called.png,so-called,「いわゆる」を表す呼称の文脈・構図を要確認,prompt_rows_009作成時,解決済み
forgotten.png,forgotten,活用・語形の説明のみで描写対象語義が未特定,prompt_rows_009作成時,解決済み
cheeks.png,cheeks,活用・語形の説明のみで描写対象語義が未特定,prompt_rows_009作成時,解決済み
gotten.png,gotten,活用・語形の説明のみで描写対象語義が未特定,prompt_rows_009作成時,解決済み
begun.png,begun,活用・語形の説明のみで描写対象語義が未特定,prompt_rows_009作成時,解決済み
thrown.png,thrown,活用・語形の説明のみで描写対象語義が未特定,prompt_rows_009作成時,解決済み
flew.png,flew,活用・語形の説明のみで描写対象語義が未特定,prompt_rows_009作成時,解決済み
mice.png,mice,活用・語形の説明のみで描写対象語義が未特定,prompt_rows_009作成時,解決済み
dining.png,dining,日本語の語義が空欄,prompt_rows_009作成時,保留
likes.png,likes,日本語の語義が空欄,prompt_rows_009作成時,保留
rang.png,rang,日本語の語義が空欄,prompt_rows_009作成時,保留
eaten.png,eaten,活用・語形の説明のみで描写対象語義が未特定,prompt_rows_009作成時,解決済み
wives.png,wives,活用・語形の説明のみで描写対象語義が未特定,prompt_rows_009作成時,解決済み
baking.png,baking,日本語の語義が空欄,prompt_rows_009作成時,保留
blew.png,blew,日本語の語義が空欄,prompt_rows_009作成時,保留
kissing.png,kissing,日本語の語義が空欄,prompt_rows_009作成時,保留
counting.png,counting,日本語の語義が空欄,prompt_rows_009作成時,保留
premises.png,premises,日本語の語義が空欄,prompt_rows_009作成時,保留
revised.png,revised,日本語の語義が空欄,prompt_rows_009作成時,保留
drank.png,drank,日本語の語義が空欄,prompt_rows_009作成時,保留
appreciated.png,appreciated,日本語の語義が空欄,prompt_rows_009作成時,保留
laying.png,laying,日本語の語義が空欄,prompt_rows_009作成時,保留
stepping.png,stepping,日本語の語義が空欄,prompt_rows_009作成時,保留
funded.png,funded,日本語の語義が空欄,prompt_rows_009作成時,保留
Elsevier.png,Elsevier,日本語の語義が空欄,prompt_rows_009作成時,保留
heavens.png,heavens,日本語の語義が空欄,prompt_rows_009作成時,保留
respects.png,respects,日本語の語義が空欄,prompt_rows_009作成時,保留
sang.png,sang,日本語の語義が空欄,prompt_rows_009作成時,保留
posted.png,posted,日本語の語義が空欄,prompt_rows_009作成時,保留
blocking.png,blocking,日本語の語義が空欄,prompt_rows_009作成時,保留
stained.png,stained,日本語の語義が空欄,prompt_rows_009作成時,保留
jumping.png,jumping,日本語の語義が空欄,prompt_rows_009作成時,保留
coaching.png,coaching,日本語の語義が空欄,prompt_rows_009作成時,保留
manners.png,manners,日本語の語義が空欄,prompt_rows_009作成時,保留
sticks.png,sticks,日本語の語義が空欄,prompt_rows_009作成時,保留
stocks.png,stocks,日本語の語義が空欄,prompt_rows_009作成時,保留
owed.png,owed,日本語の語義が空欄,prompt_rows_009作成時,保留
tore.png,tore,活用・語形の説明のみで描写対象語義が未特定,prompt_rows_009作成時,解決済み
risen.png,risen,活用・語形の説明のみで描写対象語義が未特定,prompt_rows_009作成時,解決済み
wolves.png,wolves,活用・語形の説明のみで描写対象語義が未特定,prompt_rows_009作成時,解決済み
clung.png,clung,活用・語形の説明のみで描写対象語義が未特定,prompt_rows_009作成時,解決済み
sworn.png,sworn,活用・語形の説明のみで描写対象語義が未特定,prompt_rows_009作成時,解決済み
Puerto.png,Puerto,地名・人名など描写対象の種別が未特定,prompt_rows_009作成時,保留
Las.png,Las,地名・人名など描写対象の種別が未特定,prompt_rows_009作成時,保留
Mao.png,Mao,描写対象となる人物・事物が未特定,prompt_rows_009作成時,保留
les.png,les,描写対象となる語義が未特定,prompt_rows_009作成時,保留
sung.png,sung,活用・語形の説明のみで描写対象語義が未特定,prompt_rows_010作成時,解決済み
modality.png,modality,様式・モダリティの分野が未特定,prompt_rows_010作成時,保留
Dakota.png,Dakota,地名・民族名・人名の別が未特定,prompt_rows_010作成時,保留
Meg.png,Meg,人名表記とmegabyteの説明が混在,prompt_rows_010作成時,保留
tween.png,tween,between・年齢層・補間の用法が未特定,prompt_rows_010作成時,保留
NASA.png,NASA,日本語の語義が空欄,prompt_rows_010作成時,保留
bathing.png,bathing,日本語の語義が空欄,prompt_rows_010作成時,保留
credentials.png,credentials,日本語の語義が空欄,prompt_rows_010作成時,保留
EPA.png,EPA,日本語の語義が空欄,prompt_rows_010作成時,保留
bombing.png,bombing,日本語の語義が空欄,prompt_rows_010作成時,保留
sped.png,sped,日本語の語義が空欄,prompt_rows_010作成時,保留
wanna.png,wanna,日本語の語義が空欄,prompt_rows_010作成時,保留
sweating.png,sweating,日本語の語義が空欄,prompt_rows_011作成時,保留
typing.png,typing,日本語の語義が空欄,prompt_rows_011作成時,保留
SUV.png,SUV,日本語の語義が空欄,prompt_rows_011作成時,保留
Vegas.png,Vegas,日本語の語義が空欄,prompt_rows_011作成時,保留
hopped.png,hopped,日本語の語義が空欄,prompt_rows_011作成時,保留
effected.png,effected,日本語の語義が空欄,prompt_rows_011作成時,保留
morals.png,morals,日本語の語義が空欄,prompt_rows_011作成時,保留
separates.png,separates,日本語の語義が空欄,prompt_rows_011作成時,保留
bred.png,bred,日本語の語義が空欄,prompt_rows_011作成時,保留
un-.png,un-,日本語の語義が空欄,prompt_rows_011作成時,保留
nuanced.png,nuanced,語義「～っぽい」の修飾内容が未特定,prompt_rows_011作成時,保留
staged.png,staged,日本語の語義が空欄,prompt_rows_011作成時,保留
bothering.png,bothering,日本語の語義が空欄,prompt_rows_011作成時,保留
pits.png,pits,日本語の語義が空欄,prompt_rows_011作成時,保留
blazing.png,blazing,日本語の語義が空欄,prompt_rows_011作成時,保留
cheating.png,cheating,日本語の語義が空欄,prompt_rows_011作成時,保留
screwed.png,screwed,日本語の語義が空欄,prompt_rows_011作成時,保留
armour.png,armour,日本語の語義が空欄,prompt_rows_011作成時,保留
panting.png,panting,日本語の語義が空欄,prompt_rows_011作成時,保留
smelling.png,smelling,日本語の語義が空欄,prompt_rows_011作成時,保留
twenties.png,twenties,日本語の語義が空欄,prompt_rows_011作成時,保留
bouncing.png,bouncing,日本語の語義が空欄,prompt_rows_011作成時,保留
flown.png,flown,日本語の語義が空欄,prompt_rows_011作成時,保留
Ephesians.png,Ephesians,日本語の語義が空欄,prompt_rows_011作成時,保留
Forbes.png,Forbes,人物・姓・雑誌名の別が未特定,prompt_rows_011作成時,保留
Jonas.png,Jonas,一般人名と聖書のJonahの別が未特定,prompt_rows_011作成時,保留
broadcasting.png,broadcasting,日本語の語義が空欄,prompt_rows_011作成時,保留
strata.png,strata,日本語の語義が空欄,prompt_rows_011作成時,保留
profiling.png,profiling,日本語の語義が空欄,prompt_rows_011作成時,保留
spoiled.png,spoiled,日本語の語義が空欄,prompt_rows_011作成時,保留
eats.png,eats,日本語の語義が空欄,prompt_rows_011作成時,保留
purified.png,purified,日本語の語義が空欄,prompt_rows_011作成時,保留
Abd.png,Abd,日本語の語義が空欄,prompt_rows_011作成時,保留
blinded.png,blinded,日本語の語義が空欄,prompt_rows_011作成時,保留
cleansing.png,cleansing,日本語の語義が空欄,prompt_rows_011作成時,保留
SQL.png,SQL,日本語の語義が空欄,prompt_rows_011作成時,保留
diagnoses.png,diagnoses,日本語の語義が空欄,prompt_rows_011作成時,保留
URL.png,URL,日本語の語義が空欄,prompt_rows_011作成時,保留
int.png,int,日本語の語義が空欄,prompt_rows_011作成時,保留
trunks.png,trunks,日本語の語義が空欄,prompt_rows_012作成時,保留
Sat.png,Sat,日本語の語義が空欄,prompt_rows_012作成時,保留
confines.png,confines,日本語の語義が空欄,prompt_rows_012作成時,保留
make-up.png,make-up,日本語の語義が空欄,prompt_rows_012作成時,保留
ridden.png,ridden,日本語の語義が空欄,prompt_rows_012作成時,保留
bi-.png,bi-,日本語の語義が空欄,prompt_rows_012作成時,保留
bout.png,bout,日本語の語義が空欄,prompt_rows_012作成時,保留
honors.png,honors,日本語の語義が空欄,prompt_rows_012作成時,保留
LED.png,LED,日本語の語義が空欄,prompt_rows_012作成時,保留
batter.png,batter,日本語の語義が空欄,prompt_rows_012作成時,保留
dem.png,dem,日本語の語義が空欄,prompt_rows_012作成時,保留
barracks.png,barracks,日本語の語義が空欄,prompt_rows_012作成時,保留
Fritz.png,Fritz,人名表記と故障状態の説明が混在,prompt_rows_012作成時,保留
dependencies.png,dependencies,日本語の語義が空欄,prompt_rows_012作成時,保留
messaging.png,messaging,日本語の語義が空欄,prompt_rows_012作成時,保留
mocking.png,mocking,日本語の語義が空欄,prompt_rows_012作成時,保留
Ida.png,Ida,人名表記と国際開発協会の説明が混在,prompt_rows_012作成時,保留
bewildered.png,bewildered,日本語の語義が空欄,prompt_rows_012作成時,保留
sprung.png,sprung,日本語の語義が空欄,prompt_rows_012作成時,保留
greens.png,greens,日本語の語義が空欄,prompt_rows_012作成時,保留
guts.png,guts,日本語の語義が空欄,prompt_rows_012作成時,保留
bounce.png,bounce,日本語の語義が空欄,prompt_rows_012作成時,保留
bud.png,bud,日本語の語義が空欄,prompt_rows_012作成時,保留
condensed.png,condensed,日本語の語義が空欄,prompt_rows_012作成時,保留
Mach.png,Mach,速度単位・人名・機械略語の別が未特定,prompt_rows_012作成時,保留
polluted.png,polluted,日本語の語義が空欄,prompt_rows_012作成時,保留
vis-a-vis_acc.png,vis-à-vis,日本語の語義が空欄,prompt_rows_012作成時,保留
grained.png,grained,日本語の語義が空欄,prompt_rows_012作成時,保留
grieving.png,grieving,日本語の語義が空欄,prompt_rows_012作成時,保留
watering.png,watering,日本語の語義が空欄,prompt_rows_012作成時,保留
FC.png,FC,日本語の語義が空欄,prompt_rows_012作成時,保留
Plains.png,Plains,日本語の語義が空欄,prompt_rows_012作成時,保留
lowing.png,lowing,日本語語義が空欄,prompt_rows_013,保留
Lyons.png,Lyons,日本語語義が空欄,prompt_rows_013,保留
Kyoto.png,Kyoto,日本語語義が空欄,prompt_rows_013,保留
blinding.png,blinding,日本語語義が空欄,prompt_rows_013,保留
blasted.png,blasted,日本語語義が空欄,prompt_rows_013,保留
hanged.png,hanged,日本語語義が空欄,prompt_rows_013,保留
flats.png,flats,日本語語義が空欄,prompt_rows_013,保留
Nam.png,Nam,日本語語義が空欄,prompt_rows_013,保留
OJ.png,OJ,日本語語義が空欄,prompt_rows_013,保留
advertised.png,advertised,日本語語義が空欄,prompt_rows_013,保留
spectacles.png,spectacles,日本語語義が空欄,prompt_rows_013,保留
taps.png,taps,日本語語義が空欄,prompt_rows_013,保留
crucified.png,crucified,日本語語義が空欄,prompt_rows_013,保留
woken.png,woken,日本語語義が空欄,prompt_rows_013,保留
Carla.png,Carla,日本語語義が空欄,prompt_rows_013,保留
strewn.png,strewn,日本語語義が空欄,prompt_rows_013,保留
trapping.png,trapping,日本語語義が空欄,prompt_rows_013,保留
undone.png,undone,日本語語義が空欄,prompt_rows_013,保留
classics.png,classics,日本語語義が空欄,prompt_rows_013,保留
esteemed.png,esteemed,日本語語義が空欄,prompt_rows_013,保留
memoirs.png,memoirs,日本語語義が空欄,prompt_rows_013,保留
thirties.png,thirties,日本語語義が空欄,prompt_rows_013,保留
accommodations.png,accommodations,日本語語義が空欄,prompt_rows_013,保留
bun.png,bun,日本語語義が空欄,prompt_rows_013,保留
groceries.png,groceries,日本語語義が空欄,prompt_rows_013,保留
oer.png,o'er,日本語語義が空欄,prompt_rows_013,保留
vanishing.png,vanishing,日本語語義が空欄,prompt_rows_013,保留
bunk.png,bunk,日本語語義が空欄,prompt_rows_013,保留
boxing.png,boxing,日本語語義が空欄,prompt_rows_013,保留
filler.png,filler,日本語語義が空欄,prompt_rows_013,保留
glistening.png,glistening,日本語語義が空欄,prompt_rows_013,保留
aggravated.png,aggravated,日本語語義が空欄,prompt_rows_013,保留
cheers.png,cheers,日本語語義が空欄,prompt_rows_013,保留
Tex.png,Tex,日本語語義が音写のみで、補助英語が示す略語の対象と一致するか確定できない,prompt_rows_013,保留
Vic.png,Vic,日本語語義が音写のみで、補助英語が示す略語の対象と一致するか確定できない,prompt_rows_013,保留
ins.png,ins,日本語語義「インス」だけでは対象を特定できない,prompt_rows_013,保留
gaping.png,gaping,日本語語義が空欄,prompt_rows_014,保留
mitigating.png,mitigating,日本語語義が空欄,prompt_rows_014,保留
metre.png,metre,日本語語義が空欄,prompt_rows_014,保留
shredded.png,shredded,日本語語義が空欄,prompt_rows_014,保留
Hamiltonian.png,Hamiltonian,日本語語義が空欄,prompt_rows_014,保留
sown.png,sown,日本語語義が空欄,prompt_rows_014,保留
lamented.png,lamented,日本語語義が空欄,prompt_rows_014,保留
retailer.png,retailer,日本語語義が空欄,prompt_rows_014,保留
PDF.png,PDF,日本語語義が空欄,prompt_rows_014,保留
anointed.png,anointed,日本語語義が空欄,prompt_rows_014,保留
bitten.png,bitten,日本語語義が空欄,prompt_rows_014,保留
canned.png,canned,日本語語義が空欄,prompt_rows_014,保留
stalking.png,stalking,日本語語義が空欄,prompt_rows_014,保留
sixties.png,sixties,日本語語義が空欄,prompt_rows_014,保留
aka.png,aka,日本語語義が空欄,prompt_rows_014,保留
beak.png,beak,日本語語義が空欄,prompt_rows_014,保留
spake.png,spake,日本語語義が空欄,prompt_rows_014,保留
withheld.png,withheld,日本語語義が空欄,prompt_rows_014,保留
cyber-.png,cyber-,日本語語義が空欄,prompt_rows_014,保留
millennia.png,millennia,日本語語義が空欄,prompt_rows_014,保留
Eisenhower.png,Eisenhower,日本語語義が空欄,prompt_rows_014,保留
black-and-white.png,black-and-white,日本語語義が空欄,prompt_rows_014,保留
enchanted.png,enchanted,日本語語義が空欄,prompt_rows_014,保留
prized.png,prized,日本語語義が空欄,prompt_rows_014,保留
Clyde.png,Clyde,「クライド」が人名・河川名か、英語欄の馬種略称か特定できない,prompt_rows_014,保留
var.png,var,バールが単位・工具などのどの意味か不明で、英語欄variableも特定を支えない,prompt_rows_014,保留
fifties.png,fifties,日本語語義が空欄,prompt_rows_015,保留
whistling.png,whistling,日本語語義が空欄,prompt_rows_015,保留
ver.png,ver,日本語語義が空欄,prompt_rows_015,保留
yall.png,y'all,日本語語義が空欄,prompt_rows_015,保留
blinds.png,blinds,日本語語義が空欄,prompt_rows_015,保留
groaning.png,groaning,日本語語義が空欄,prompt_rows_015,保留
Sabrina.png,Sabrina,日本語語義が空欄,prompt_rows_015,保留
foreseen.png,foreseen,日本語語義が空欄,prompt_rows_015,保留
recorder.png,recorder,日本語語義が空欄,prompt_rows_015,保留
bordering.png,bordering,日本語語義が空欄,prompt_rows_015,保留
rung.png,rung,日本語語義が空欄,prompt_rows_015,保留
withholding.png,withholding,日本語語義が空欄,prompt_rows_015,保留
bluff.png,bluff,日本語語義が空欄,prompt_rows_015,保留
bustling.png,bustling,日本語語義が空欄,prompt_rows_015,保留
NSW.png,NSW,日本語語義が空欄,prompt_rows_015,保留
betting.png,betting,日本語語義が空欄,prompt_rows_015,保留
rpm.png,rpm,日本語語義が空欄,prompt_rows_015,保留
HTML.png,HTML,日本語語義が空欄,prompt_rows_015,保留
globalisation.png,globalisation,日本語語義が空欄,prompt_rows_015,保留
vibe.png,vibe,日本語語義が空欄,prompt_rows_015,保留
weathered.png,weathered,日本語語義が空欄,prompt_rows_015,保留
blooming.png,blooming,日本語語義が空欄,prompt_rows_016,保留
budding.png,budding,日本語語義が空欄,prompt_rows_016,保留
crossroads.png,crossroads,日本語語義が空欄,prompt_rows_016,保留
lain.png,lain,日本語語義が空欄,prompt_rows_016,保留
shrank.png,shrank,日本語語義が空欄,prompt_rows_016,保留
tel.png,tel,日本語語義が空欄,prompt_rows_016,保留
dreamt.png,dreamt,日本語語義が空欄,prompt_rows_016,保留
codified.png,codified,日本語語義が空欄,prompt_rows_016,保留
slash.png,slash,日本語語義が空欄,prompt_rows_016,保留
logged.png,logged,日本語語義が空欄,prompt_rows_016,保留
props.png,props,日本語語義が空欄,prompt_rows_016,保留
bled.png,bled,日本語語義が空欄,prompt_rows_016,保留
gilded.png,gilded,日本語語義が空欄,prompt_rows_016,保留
hammered.png,hammered,日本語語義が空欄,prompt_rows_016,保留
brooding.png,brooding,日本語語義が空欄,prompt_rows_016,保留
seeded.png,seeded,日本語語義が空欄,prompt_rows_016,保留
forsaken.png,forsaken,日本語語義が空欄,prompt_rows_016,保留
org.png,org,日本語語義が空欄,prompt_rows_016,保留
minimise.png,minimise,日本語語義が空欄,prompt_rows_017,保留
seventies.png,seventies,日本語語義が空欄,prompt_rows_017,保留
DVD.png,DVD,日本語語義が空欄,prompt_rows_017,保留
Tori.png,Tori,日本語語義が空欄,prompt_rows_017,保留
Toyota.png,Toyota,日本語語義が空欄,prompt_rows_017,保留
priming.png,priming,日本語語義が空欄,prompt_rows_017,保留
Sens.png,Sens,日本語語義が空欄,prompt_rows_017,保留
bullied.png,bullied,日本語語義が空欄,prompt_rows_017,保留
hissing.png,hissing,日本語語義が空欄,prompt_rows_017,保留
tickled.png,tickled,日本語語義が空欄,prompt_rows_017,保留
buggy.png,buggy,日本語語義が空欄,prompt_rows_017,保留
spiked.png,spiked,日本語語義が空欄,prompt_rows_017,保留
Smithsonian.png,Smithsonian,日本語語義が空欄,prompt_rows_017,保留
murmuring.png,murmuring,日本語語義が空欄,prompt_rows_017,保留
nesting.png,nesting,日本語語義が空欄,prompt_rows_017,保留
appalled.png,appalled,日本語語義が空欄,prompt_rows_017,保留
RBI.png,RBI,日本語語義が空欄,prompt_rows_017,保留
binoculars.png,binoculars,日本語語義が空欄,prompt_rows_017,保留
tho.png,tho,日本語が発音表記のみで対象の意味を特定できない,prompt_rows_017,保留
GATT.png,GATT,日本語語義が空欄,prompt_rows_018,保留
USB.png,USB,日本語語義が空欄,prompt_rows_018,保留
buffet.png,buffet,日本語語義が空欄,prompt_rows_018,保留
busted.png,busted,日本語語義が空欄,prompt_rows_018,保留
molded.png,molded,日本語語義が空欄,prompt_rows_018,保留
haunts.png,haunts,日本語語義が空欄,prompt_rows_018,保留
NBA.png,NBA,日本語語義が空欄,prompt_rows_018,保留
bowling.png,bowling,日本語語義が空欄,prompt_rows_018,保留
intestines.png,intestines,日本語語義が空欄,prompt_rows_018,保留
waning.png,waning,日本語語義が空欄,prompt_rows_018,保留
braided.png,braided,日本語語義が空欄,prompt_rows_018,保留
coveted.png,coveted,日本語語義が空欄,prompt_rows_018,保留
batting.png,batting,日本語語義が空欄,prompt_rows_018,保留
chopping.png,chopping,日本語語義が空欄,prompt_rows_018,保留
toolkit.png,toolkit,日本語語義が空欄,prompt_rows_018,保留
Elisha.png,Elisha,日本語語義が空欄,prompt_rows_018,保留
jus.png,jus,日本語語義が空欄,prompt_rows_018,保留
MBA.png,MBA,日本語語義が空欄,prompt_rows_018,保留
begotten.png,begotten,日本語語義が空欄,prompt_rows_018,保留
dues.png,dues,日本語語義が空欄,prompt_rows_018,保留
heuristics.png,heuristics,日本語語義が空欄,prompt_rows_018,保留
overtaken.png,overtaken,日本語語義が空欄,prompt_rows_018,保留
briefs.png,briefs,日本語語義が空欄,prompt_rows_018,保留
ure.png,ure,日本語が音写のみで人物名・地名・接尾辞などの指示対象を特定できない,prompt_rows_018,保留
boxer.png,boxer,日本語語義が空欄,prompt_rows_019,保留
eighties.png,eighties,日本語語義が空欄,prompt_rows_019,保留
HMS.png,HMS,日本語語義が空欄,prompt_rows_019,保留
build-up.png,build-up,日本語語義が空欄,prompt_rows_019,保留
perturbed.png,perturbed,日本語語義が空欄,prompt_rows_019,保留
antics.png,antics,日本語語義が空欄,prompt_rows_019,保留
envied.png,envied,日本語語義が空欄,prompt_rows_019,保留
goggles.png,goggles,日本語語義が空欄,prompt_rows_019,保留
marbles.png,marbles,日本語語義が空欄,prompt_rows_019,保留
bot.png,bot,日本語語義が空欄,prompt_rows_019,保留
characterisation.png,characterisation,日本語語義が空欄,prompt_rows_019,保留
bibliographical.png,bibliographical,日本語語義が空欄,prompt_rows_019,保留
bumper.png,bumper,日本語語義が空欄,prompt_rows_019,保留
rRNA.png,rRNA,日本語語義が空欄,prompt_rows_019,保留
Barnabas.png,Barnabas,日本語語義が空欄,prompt_rows_019,保留
PubMed.png,PubMed,日本語語義が空欄,prompt_rows_019,保留
connexion.png,connexion,日本語語義が空欄,prompt_rows_019,保留
ATM.png,ATM,日本語語義が空欄,prompt_rows_019,保留
bum.png,bum,日本語語義が空欄,prompt_rows_020,保留
di-.png,di-,日本語語義が空欄,prompt_rows_020,保留
mythic.png,mythic,日本語語義が空欄,prompt_rows_020,保留
cosy.png,cosy,日本語語義が空欄,prompt_rows_020,保留
Greco-.png,Greco-,日本語語義が空欄,prompt_rows_020,保留
cis-.png,cis-,日本語語義が空欄,prompt_rows_020,保留
hermeneutic.png,hermeneutic,日本語語義が空欄,prompt_rows_020,保留
multilayer.png,multilayer,日本語語義が空欄,prompt_rows_020,保留
stitching.png,stitching,日本語語義が空欄,prompt_rows_020,保留
mph.png,mph,日本語語義が空欄,prompt_rows_020,保留
FCC.png,FCC,日本語語義が空欄,prompt_rows_020,保留
mailed.png,mailed,日本語語義が空欄,prompt_rows_020,保留
maximise.png,maximise,日本語語義が空欄,prompt_rows_020,保留
scrubbing.png,scrubbing,日本語語義が空欄,prompt_rows_020,保留
http.png,http,日本語語義が空欄,prompt_rows_020,保留
SMS.png,SMS,日本語語義が空欄,prompt_rows_020,保留
RCA.png,RCA,日本語語義が空欄,prompt_rows_020,保留
Dolores.png,Dolores,日本語語義が空欄,prompt_rows_020,保留
DES.png,DES,日本語語義が空欄,prompt_rows_020,保留
pent.png,pent,日本語語義が空欄,prompt_rows_020,保留
betrothed.png,betrothed,日本語語義が空欄,prompt_rows_021,保留
braids.png,braids,日本語語義が空欄,prompt_rows_021,保留
programmer.png,programmer,日本語語義が空欄,prompt_rows_021,保留
wove.png,wove,日本語語義が空欄,prompt_rows_021,保留
Antonia.png,Antonia,日本語語義が空欄,prompt_rows_021,保留
Zika.png,Zika,日本語語義が空欄,prompt_rows_021,保留
cose.png,cose,日本語語義が空欄,prompt_rows_021,保留
Hezekiah.png,Hezekiah,日本語語義が空欄,prompt_rows_021,保留
voicemail.png,voicemail,日本語語義が空欄,prompt_rows_021,保留
brimming.png,brimming,日本語語義が空欄,prompt_rows_021,保留
digs.png,digs,日本語語義が空欄,prompt_rows_021,保留
buff.png,buff,日本語語義が空欄,prompt_rows_021,保留
chops.png,chops,日本語語義が空欄,prompt_rows_021,保留
tude.png,tude,日本語語義が空欄,prompt_rows_021,保留
mobilisation.png,mobilisation,日本語語義が空欄,prompt_rows_021,保留
NAACP.png,NAACP,日本語語義が空欄,prompt_rows_021,保留
THC.png,THC,日本語語義が空欄,prompt_rows_021,保留
airs.png,airs,日本語語義が空欄,prompt_rows_021,保留
buns.png,buns,日本語語義が空欄,prompt_rows_021,保留
Maimonides.png,Maimonides,日本語語義が空欄,prompt_rows_021,保留
SSR.png,SSR,日本語語義が空欄,prompt_rows_021,保留
seeding.png,seeding,日本語語義が空欄,prompt_rows_021,保留
Franco-.png,Franco-,日本語語義が空欄,prompt_rows_021,保留
Sami.png,Sami,日本語語義が空欄,prompt_rows_022,保留
Che.png,Che,日本語語義が空欄,prompt_rows_022,保留
IPA.png,IPA,日本語語義が空欄,prompt_rows_022,保留
tri-.png,tri-,日本語語義が空欄,prompt_rows_022,保留
ESP.png,ESP,日本語語義が空欄,prompt_rows_022,保留
cv.png,cv,日本語語義が空欄,prompt_rows_022,保留
NAFTA.png,NAFTA,日本語語義が空欄,prompt_rows_022,保留
bangs.png,bangs,日本語語義が空欄,prompt_rows_022,保留
brat.png,brat,日本語語義が空欄,prompt_rows_022,保留
frayed.png,frayed,日本語語義が空欄,prompt_rows_022,保留
genitals.png,genitals,日本語語義が空欄,prompt_rows_022,保留
Meiji.png,Meiji,日本語語義が空欄,prompt_rows_022,保留
characterise.png,characterise,日本語語義が空欄,prompt_rows_022,保留
fooling.png,fooling,日本語語義が空欄,prompt_rows_022,保留
looting.png,looting,日本語語義が空欄,prompt_rows_022,保留
lounging.png,lounging,日本語語義が空欄,prompt_rows_022,保留
NYC.png,NYC,日本語語義が空欄,prompt_rows_022,保留
stunted.png,stunted,日本語語義が空欄,prompt_rows_022,保留
Tabitha.png,Tabitha,日本語語義が空欄,prompt_rows_022,保留
zeros.png,zeros,日本語語義が空欄,prompt_rows_022,保留
colonisation.png,colonisation,日本語語義が空欄,prompt_rows_022,保留
crystallized.png,crystallized,日本語語義が空欄,prompt_rows_022,保留
FIFA.png,FIFA,日本語語義が空欄,prompt_rows_022,保留
PDA.png,PDA,日本語語義が空欄,prompt_rows_022,保留
docked.png,docked,日本語語義が空欄,prompt_rows_022,保留
nineties.png,nineties,日本語語義が空欄,prompt_rows_022,保留
cravings.png,cravings,日本語語義が空欄,prompt_rows_023,保留
avowed.png,avowed,日本語語義が空欄,prompt_rows_023,保留
barring.png,barring,日本語語義が空欄,prompt_rows_023,保留
shaming.png,shaming,日本語語義が空欄,prompt_rows_023,保留
trodden.png,trodden,日本語語義が空欄,prompt_rows_023,保留
CDS.png,CDS,日本語語義が空欄,prompt_rows_023,保留
OED.png,OED,日本語語義が空欄,prompt_rows_023,保留
ae.png,ae,日本語語義が空欄,prompt_rows_023,保留
stereotyping.png,stereotyping,日本語語義が空欄,prompt_rows_023,保留
trod.png,trod,日本語語義が空欄,prompt_rows_023,保留
irons.png,irons,日本語語義が空欄,prompt_rows_023,保留
overalls.png,overalls,日本語語義が空欄,prompt_rows_023,保留
Angelina.png,Angelina,日本語語義が空欄,prompt_rows_023,保留
dawning.png,dawning,日本語語義が空欄,prompt_rows_023,保留
ole.png,ole,日本語語義が空欄,prompt_rows_023,保留
sig.png,sig,日本語語義が空欄,prompt_rows_023,保留
welling.png,welling,日本語語義が空欄,prompt_rows_023,保留
Piers.png,Piers,日本語語義が空欄,prompt_rows_023,保留
neer.png,ne'er,日本語語義が空欄,prompt_rows_023,保留
bedchamber.png,bedchamber,日本語語義が空欄,prompt_rows_023,保留
hermeneutical.png,hermeneutical,日本語語義が空欄,prompt_rows_023,保留
NHL.png,NHL,日本語語義が空欄,prompt_rows_023,保留
babbling.png,babbling,日本語語義が空欄,prompt_rows_023,保留
bespoke.png,bespoke,日本語語義が空欄,prompt_rows_023,保留
birthing.png,birthing,日本語語義が空欄,prompt_rows_023,保留
motor-.png,motor-,"The separate motor- record has a hyphen-ended identity, but its Japanese and English define the standalone noun motor and it has no verified canonical-prefix match. Canonical words.json already contains motor at rarity469, while motor- at896 has src=etymonline and ty=motor. Removing the hyphen would collide with the existing entry, so source-level identity reconciliation is required.",prompt_rows_023,保留
USC.png,USC,日本語の語義が空欄で対象語義を決定できない,prompt_rows_024.csv,保留
millennial.png,millennial,日本語の語義が空欄で対象語義を決定できない,prompt_rows_024.csv,保留
VW.png,VW,日本語の語義が空欄で対象語義を決定できない,prompt_rows_024.csv,保留
baggy.png,baggy,日本語の語義が空欄で対象語義を決定できない,prompt_rows_024.csv,保留
blaring.png,blaring,日本語の語義が空欄で対象語義を決定できない,prompt_rows_024.csv,保留
fulness.png,fulness,日本語の語義が空欄で対象語義を決定できない,prompt_rows_024.csv,保留
hewn.png,hewn,日本語の語義が空欄で対象語義を決定できない,prompt_rows_024.csv,保留
summarise.png,summarise,日本語の語義が空欄で対象語義を決定できない,prompt_rows_024.csv,保留
GNP.png,GNP,日本語の語義が空欄で対象語義を決定できない,prompt_rows_024.csv,保留
Octavia.png,Octavia,日本語の語義が空欄で対象語義を決定できない,prompt_rows_024.csv,保留
hybridity.png,hybridity,日本語の語義が空欄で対象語義を決定できない,prompt_rows_024.csv,保留
unbound.png,unbound,日本語の語義が空欄で対象語義を決定できない,prompt_rows_024.csv,保留
NCAA.png,NCAA,日本語の語義が空欄で対象語義を決定できない,prompt_rows_024.csv,保留
Nagasaki.png,Nagasaki,日本語の語義が空欄で対象語義を決定できない,prompt_rows_024.csv,保留
bewildering.png,bewildering,日本語の語義が空欄で対象語義を決定できない,prompt_rows_024.csv,保留
Britannica.png,Britannica,日本語の語義が空欄で対象語義を決定できない,prompt_rows_024.csv,保留
thru.png,thru,日本語の語義が空欄で対象語義を決定できない,prompt_rows_024.csv,保留
ascorbic.png,ascorbic,日本語の語義が空欄で対象語義を決定できない,prompt_rows_025.csv,保留
industrialisation.png,industrialisation,日本語の語義が空欄で対象語義を決定できない,prompt_rows_025.csv,保留
rapids.png,rapids,日本語の語義が空欄で対象語義を決定できない,prompt_rows_025.csv,保留
LAN.png,LAN,日本語の語義が空欄で対象語義を決定できない,prompt_rows_025.csv,保留
TLC.png,TLC,日本語の語義が空欄で対象語義を決定できない,prompt_rows_025.csv,保留
schooled.png,schooled,日本語の語義が空欄で対象語義を決定できない,prompt_rows_025.csv,保留
dumps.png,dumps,日本語の語義が空欄で対象語義を決定できない,prompt_rows_025.csv,保留
vapors.png,vapors,日本語の語義が空欄で対象語義を決定できない,prompt_rows_025.csv,保留
OPEC.png,OPEC,日本語の語義が空欄で対象語義を決定できない,prompt_rows_025.csv,保留
incensed.png,incensed,日本語の語義が空欄で対象語義を決定できない,prompt_rows_025.csv,保留
dar.png,dar,日本語の語義が空欄で対象語義を決定できない,prompt_rows_025.csv,保留
stalling.png,stalling,日本語の語義が空欄で対象語義を決定できない,prompt_rows_025.csv,保留
emancipated.png,emancipated,日本語の語義が空欄で対象語義を決定できない,prompt_rows_025.csv,保留
Nicene.png,Nicene,日本語の語義が空欄で対象語義を決定できない,prompt_rows_025.csv,保留
amino-.png,amino-,日本語の語義が空欄で対象語義を決定できない,prompt_rows_025.csv,保留
pecking.png,pecking,日本語の語義が空欄で対象語義を決定できない,prompt_rows_025.csv,保留
conceptualisation.png,conceptualisation,日本語の語義が空欄で対象語義を決定できない,prompt_rows_025.csv,保留
Ritz.png,Ritz,語義が「リッツ」のみで、人名・ホテル名・商品名のいずれか特定できない,prompt_rows_025.csv,保留
Cortes.png,Cortes,「コルテス」のみで英語説明・語源が空欄。人物の姓とスペイン議会のどちらかを特定できない。,prompt_rows_025.csv,保留
landscaping.png,landscaping,日本語の語義が空欄で対象語義を決定できない,prompt_rows_026.csv,保留
polarisation.png,polarisation,日本語の語義が空欄で対象語義を決定できない,prompt_rows_026.csv,保留
Zarathustra.png,Zarathustra,日本語の語義が空欄で対象語義を決定できない,prompt_rows_026.csv,保留
carb.png,carb,日本語の語義が空欄で対象語義を決定できない,prompt_rows_026.csv,保留
chiseled.png,chiseled,日本語の語義が空欄で対象語義を決定できない,prompt_rows_026.csv,保留
fuming.png,fuming,日本語の語義が空欄で対象語義を決定できない,prompt_rows_026.csv,保留
mothering.png,mothering,日本語の語義が空欄で対象語義を決定できない,prompt_rows_026.csv,保留
Austro-.png,Austro-,日本語の語義が空欄で対象語義を決定できない,prompt_rows_026.csv,保留
consenting.png,consenting,日本語の語義が空欄で対象語義を決定できない,prompt_rows_026.csv,保留
indentured.png,indentured,日本語の語義が空欄で対象語義を決定できない,prompt_rows_026.csv,保留
ammo.png,ammo,日本語の語義が空欄で対象語義を決定できない,prompt_rows_026.csv,保留
sur-.png,sur-,日本語の語義が空欄で対象語義を決定できない,prompt_rows_026.csv,保留
LCD.png,LCD,日本語の語義が空欄で対象語義を決定できない,prompt_rows_026.csv,保留
prioritise.png,prioritise,日本語の語義が空欄で対象語義を決定できない,prompt_rows_026.csv,保留
pyjamas.png,pyjamas,日本語の語義が空欄で対象語義を決定できない,prompt_rows_026.csv,保留
retailing.png,retailing,日本語の語義が空欄で対象語義を決定できない,prompt_rows_026.csv,保留
wuz.png,wuz,日本語の語義が空欄で対象語義を決定できない,prompt_rows_026.csv,保留
grand-.png,grand-,grand-の非系譜的接頭辞義は1924年辞書の検索断片に現れるが原典本文を確認できず、「雄大な」との対応が未確定。,prompt_rows_026.csv,保留
mis-.png,mis-,日本語の語義が空欄で対象語義を決定できない,prompt_rows_027.csv,保留
privatisation.png,privatisation,日本語の語義が空欄で対象語義を決定できない,prompt_rows_027.csv,保留
specialisation.png,specialisation,日本語の語義が空欄で対象語義を決定できない,prompt_rows_027.csv,保留
Yosemite.png,Yosemite,日本語の語義が空欄で対象語義を決定できない,prompt_rows_027.csv,保留
merited.png,merited,日本語の語義が空欄で対象語義を決定できない,prompt_rows_027.csv,保留
socialisation.png,socialisation,日本語の語義が空欄で対象語義を決定できない,prompt_rows_027.csv,保留
PLO.png,PLO,日本語の語義が空欄で対象語義を決定できない,prompt_rows_027.csv,保留
Avicenna.png,Avicenna,日本語の語義が空欄で対象語義を決定できない,prompt_rows_027.csv,保留
celled.png,celled,日本語の語義が空欄で対象語義を決定できない,prompt_rows_027.csv,保留
weeding.png,weeding,日本語の語義が空欄で対象語義を決定できない,prompt_rows_027.csv,保留
Lucretius.png,Lucretius,日本語の語義が空欄で対象語義を決定できない,prompt_rows_027.csv,保留
bossy.png,bossy,日本語の語義が空欄で対象語義を決定できない,prompt_rows_027.csv,保留
Maccabees.png,Maccabees,日本語の語義が空欄で対象語義を決定できない,prompt_rows_027.csv,保留
STP.png,STP,日本語の語義が空欄で対象語義を決定できない,prompt_rows_027.csv,保留
basking.png,basking,日本語の語義が空欄で対象語義を決定できない,prompt_rows_027.csv,保留
vitals.png,vitals,日本語の語義が空欄で対象語義を決定できない,prompt_rows_027.csv,保留
liberalisation.png,liberalisation,日本語の語義が空欄で対象語義を決定できない,prompt_rows_027.csv,保留
MGM.png,MGM,日本語の語義が空欄で対象語義を決定できない,prompt_rows_027.csv,保留
Raza.png,Raza,日本語の語義が空欄で対象語義を決定できない,prompt_rows_027.csv,保留
SEO.png,SEO,日本語の語義が空欄で対象語義を決定できない,prompt_rows_027.csv,保留
calibre.png,calibre,日本語の語義が空欄で対象語義を決定できない,prompt_rows_027.csv,保留
piloted.png,piloted,日本語の語義が空欄で対象語義を決定できない,prompt_rows_027.csv,保留
prepaid.png,prepaid,日本語の語義が空欄で対象語義を決定できない,prompt_rows_027.csv,保留
vasodilation.png,vasodilation,日本語の語義が空欄で対象語義を決定できない,prompt_rows_027.csv,保留
YMCA.png,YMCA,日本語の語義が空欄で対象語義を決定できない,prompt_rows_027.csv,保留
slut.png,slut,侮蔑的な性的評価の非文字表現は文脈確認が必要,prompt_rows_018_no_dialogue_review,保留
me.png,me,生成サービスの安全ブロック。request_id=a53284e9-4e20-4e75-bb64-f5a022447a01。,prompt_rows_028,保留
too.png,too,第一語義照合相違: CSV「〜も」、開始時原本「〜もまた」。,prompt_rows_028,保留
power.png,power,第一語義照合相違: CSV「電力」、開始時原本「力」。,prompt_rows_028,保留
loud.png,loud,第一語義照合相違: CSV「音が大きい」、開始時原本「大きい」。,prompt_rows_029,保留
prejudicial.png,prejudicial,第一日本語語義は「偏見を抱かせる」だが第一英語義は「有害な」で語義ペアが不一致,prompt_rows_024.csv,保留
tabular.png,tabular,第一日本語語義は「板状の」だが第一英語義は表形式で語義ペアが不一致,prompt_rows_024.csv,保留
Brie.png,Brie,第一日本語語義はブリ地方、第一英語義は白カビ熟成チーズで同綴り語の対応が不一致,prompt_rows_024.csv,保留
Gambia.png,Gambia,第一日本語語義はガンビア、第一英語義はガンビア川で地名の対象が不一致,prompt_rows_024.csv,保留
clitoris.png,clitoris,画像生成サービスがsexualカテゴリで拒否。代替図の生成可否を要確認,prompt_rows_024.csv,保留
quid@kwo.png,quid,第一日本語語義は1ポンド、第一英語義はchewで同綴り語・語根の対応が不一致。登録済みプロンプトは硬貨を描く,prompt_rows_024.csv,保留
kite.png,kite,PNGに酔った人物が描かれ、凧の語義と一致しない。対応する語義の画像を確認・差し替える必要がある。 元プロンプトに沿ったPNGへ差し替え、英日解説と実行プロンプトを記録。,prompt_rows_020.csv,解決済み
lactose.png,lactose,PNGに凧揚げが描かれ、乳糖の語義と一致しない。対応する語義の画像を確認・差し替える必要がある。 元プロンプトに沿ったPNGへ差し替え、英日解説と実行プロンプトを記録。,prompt_rows_020.csv,解決済み
luckily.png,luckily,PNGに乳糖の分子模型が描かれ、「幸いにも」の語義と一致しない。対応する語義の画像を確認・差し替える必要がある。 元プロンプトに沿ったPNGへ差し替え、英日解説と実行プロンプトを記録。,prompt_rows_020.csv,解決済み
neutralize.png,neutralize,PNGは玄関を開ける人物を描いているが、無効にする・中和する意味が画像から読み取れない。 修正版PNGを生成し、英日解説と実行プロンプトをCSVへ記録。,prompt_rows_020.csv,解決済み
succinctly.png,succinctly,実画像はDJがミキサーを操作する場面で、保存済みプロンプトの「長い説明を短いメモにまとめる」内容と一致しない。 修正版PNGを生成し、英日解説と実行プロンプトをCSVへ記録。,prompt_rows_020.csv,解決済み
Klan.png,Klan,ImageGenの安全システムが要求を拒否（moderation_blocked、safety_violations=[abuse]）。代替表現での再試行はしていない。,prompt_rows_020.csv,保留
misrepresentation.png,misrepresentation,実画像は男性が花瓶を持つ場面で、保存済みプロンプトが指定する「ひびを隠して出品写真を撮る」状況が描かれていない。 元プロンプトに沿ったPNGへ差し替え、英日解説と実行プロンプトを記録。,prompt_rows_020.csv,解決済み
voluminous.png,voluminous,実画像は多くの陶器を作る多作さを示しており、語義「多作の」は voluminous の代表語義とずれる。,020,要修正
brevity.png,brevity,実画像はろうそくの長さを比べており、語義「短さ」のうち brevity が表す簡潔さ・短さを示していない。,020,要修正
hype.png,hype,第一英語義 publicity と登録プロンプト hypodermic needle が不一致。正しい語義対応に沿う構図へ修正が必要。,024,要修正
fatally.png,fatally,日本語第一語義「致命的に」と第一英語義「in a way determined by fate」が意味上対応しないため、正本語義の確認が必要。,prompt_rows_024.csv,要修正
Berkshire.png,Berkshire,対象語義「バークシャー州」と第一英語義「a breed of ... swine」が別語義で不一致。正本の代表語義確認が必要。,prompt_rows_024.csv,要修正
well-worn.png,well-worn,対象語義「使い古した」と第一英語義「made trite by overuse : hackneyed」に対し、登録プロンプトは物理的に摩耗した靴を描く。語義と構図の対応確認が必要。,prompt_rows_024.csv,要修正
Bremen.png,Bremen,第一英語義は北ドイツの旧公国を指すが、登録プロンプトは現代都市の市庁舎とローラント像を描く。対象範囲の確認が必要。,prompt_rows_024.csv,要修正
overhear.png,overhear,英語語義 eavesdrop（意図的に盗み聞き）と日本語語義・生成プロンプト（偶然耳にする）が不一致。語義を要確認。,024,要確認
hassle.png,hassle,代表語義は長引く口論だが、画像生成プロンプトは配線の手間を表し語義不一致,prompt_rows_024,要確認
plc.png,plc,代表英語語義はpublic limited companyだが、日本語語義と生成プロンプトはホスホリパーゼCを指し不一致。語義IDの対応確認が必要。,prompt_rows_024,要確認
pounce@peuk.png,pounce,代表英語語義はink stopperだが、日本語語義と生成プロンプトは飛びかかる意味で不一致。語義IDの対応確認が必要。,prompt_rows_024,要確認
tyre.png,tyre,代表英語語義は古代フェニキアの都市Tyreだが、日本語語義と生成プロンプトはタイヤを指し不一致。語義IDの対応確認が必要。,prompt_rows_024,要確認
burglar.png,burglar,第一英語語義はhousebreakerだが、登録プロンプトは居住者に対する強盗場面を強調している。侵入窃盗を中心にするプロンプトへ修正が必要。,prompt_rows_024,要確認
Hertz.png,Hertz,第一英語語義は周波数の単位だが、登録プロンプトは同姓の架空人物を描いており意味不一致。単位を表す構図へ修正が必要。,prompt_rows_024,要修正
Nassau.png,Nassau,担当CSVの語義「ナッソー郡」、正本の第一英語義がバハマの都市、プロンプトがニューヨーク州の郡庁舎で一致しない。対象語義確認が必要。,prompt_rows_025,要修正
tat.png,tat,作業CSVの対象語義「軽くたたく」と画像生成プロンプトが、正本の第一語義「a tattoo on a person's skin」と不一致。,025,要修正
buy-in.png,buy-in,作業CSVの対象語義「株の買い付け」とプロンプトが、正本の第一英語義「acceptance of and willingness to actively support and participate in something」と不一致。,025,要修正
testicular.png,testicular,非グラフィックな医学教材画像の初回生成と簡略化した再試行が、ともにsexual安全判定で拒否。画像未生成。,020,安全判定保留
sacral.png,sacral,画像は宗教儀式だが、正本第一語義は仙骨に関する意味で対象語義と不一致。,020,要修正
Macedonian.png,Macedonian,画像とプロンプトはマケドニア人の書店員だが、正本第一英語義は古代マケドニア語。対象語義と不一致。,020,要修正
Appalachian.png,Appalachian,画像は山並みだけだが、正本第一英語義はアパラチア地域の出身者・居住者。対象が不一致。,prompt_rows_021,要修正
Henley.png,Henley,画像は公園でスケッチする人物。正本第一英語義はヘンリーシャツ。対象が不一致。,prompt_rows_021,要修正
peep.png,peep,画像はカーテン越しのぞき見。正本第一英語義はひな鳥の鳴き声。対象が不一致。,prompt_rows_021,要修正
Europa.png,Europa,画像はユーロパ島。正本第一英語義はゼウスにさらわれたフェニキア王女。対象が不一致。,prompt_rows_021,要修正
dispensation.png,dispensation,画像は食料の分配。正本第一英語義は人間社会を規律する啓示的な命令と約束の体系。対象が不一致。,prompt_rows_021,要修正
hangover.png,hangover,画像は二日酔い。正本第一英語義は過去から残存する慣習など。対象が不一致。,prompt_rows_021,要修正
naturalism.png,naturalism,画像は自然主義的な絵画制作。正本第一英語義は自然な欲求・本能だけに基づく行動や思考。対象が不一致。,prompt_rows_021,要修正
Hiroshima.png,Hiroshima,画像は広島型原子爆弾。正本第一英語義は広島市。対象が不一致。,prompt_rows_021,要修正
Rolf.png,Rolf,画像はRolfという人物。正本第一英語義はロルフィングを施術すること。対象が不一致。,prompt_rows_021,要修正
anarchist.png,anarchist,画像は平和の記号を囲んでボードゲームをする人々で、正本第一英語義の反逆者・無政府主義者を表していない。,prompt_rows_021,要修正
chivalry.png,chivalry,画像は騎士が旅人を助ける場面で、正本第一英語義の騎乗した武装兵士と対象が一致しない。,prompt_rows_021,要修正
mortified.png,mortified,画像は不機嫌そうに怒る人物。正本第一英語義は強い羞恥や当惑を感じること。対象が不一致。,prompt_rows_021,要修正
peck.png,peck,画像は鶏が穀物をついばむ場面。正本第一英語義は容量単位（1/4ブッシェル）。対象が不一致。,prompt_rows_021,要修正
poop.png,poop,対象語義・画像は「船尾楼」だが、正本第一英語義は「排便する」。同綴り別語義の識別が必要。,prompt_rows_021,要修正
Celsius.png,Celsius,正本第一日本語語義「セ氏」とCSVの対象語義「セ氏温度計」が一致しないため、対象語義を要確認。,prompt_rows_021,要確認
Magdalene.png,Magdalene,画像は花を生ける女性。正本第一英語義は性行為を対価にする女性を指し、対象が不一致。,prompt_rows_021,要修正
barbaric.png,barbaric,画像は食卓での粗雑な振る舞い。正本第一英語義は他集団から異質・劣等と見なされる人々に関する語義で、対象が不一致。,prompt_rows_021,要修正
quill.png,quill,対象語義・草稿プロンプトは羽軸だが、正本第一英語義は緯糸を巻くボビン。第一語義が不一致。,prompt_rows_026,要修正
Manchu.png,Manchu,草稿と対象画像は満州宮殿の建築だが、正本第一英語義は満州人。語義と対象が不一致。,prompt_rows_026,要修正
ファイル名,単語,問題,発見バッチ,状態
said.png,said,語義と英語欄が不一致,prompt_rows_002作成時,解決済み
de.png,de,接頭辞語義と略語語義が混在,prompt_rows_002作成時,解決済み
heard@x.png,heard,地名語義なのに品詞が動詞,prompt_rows_002作成時,解決済み
John.png,John,人名語義とtoilet語義が混在,prompt_rows_002作成時,解決済み
Nazi.png,Nazi,画像生成の安全判定で入力拒否,prompt_rows_005生成時,保留
pussy.png,pussy,画像生成の安全判定で性的表現として拒否,prompt_rows_005生成時,保留
rape.png,rape,画像生成の安全判定で性的表現として拒否,prompt_rows_005生成時,保留
York.png,York,地名か人名か要照合,prompt_rows_002作成時,解決済み
London.png,London,都市か人名か要照合,prompt_rows_002作成時,解決済み
May_cap.png,May,大文字見出しと助動詞語義が不一致,prompt_rows_002作成時,解決済み
things.png,things,語義または英語欄が空欄,prompt_rows_001作成時,解決済み
using.png,using,語義または英語欄が空欄,prompt_rows_001作成時,解決済み
look.png,look,語義と英語欄が不一致,prompt_rows_001作成時,解決済み
given.png,given,語義と英語欄が不一致,prompt_rows_001作成時,解決済み
got@x.png,got,語義または英語欄が空欄,prompt_rows_001作成時,解決済み
put.png,put,語義または英語欄が空欄,prompt_rows_001作成時,解決済み
seen@x.png,seen,語義または英語欄が空欄,prompt_rows_001作成時,解決済み
done.png,done,語義または英語欄が空欄,prompt_rows_001作成時,解決済み
American.png,American,語義と英語欄が不一致,prompt_rows_001作成時,解決済み
taken@x.png,taken,語義または英語欄が空欄,prompt_rows_001作成時,解決済み
looking.png,looking,語義または英語欄が空欄,prompt_rows_001作成時,解決済み
says.png,says,語義または英語欄が空欄,prompt_rows_001作成時,解決済み
terms.png,terms,語義または英語欄が空欄,prompt_rows_001作成時,解決済み
working.png,working,語義と英語欄が不一致,prompt_rows_001作成時,解決済み
States.png,States,語義または英語欄が空欄,prompt_rows_001作成時,解決済み
space.png,space,語義と英語欄が不一致,prompt_rows_001作成時,解決済み
higher.png,higher,語義または英語欄が空欄,prompt_rows_001作成時,解決済み
taking.png,taking,語義または英語欄が空欄,prompt_rows_001作成時,解決済み
values.png,values,語義または英語欄が空欄,prompt_rows_001作成時,解決済み
ways@x.png,ways,語義または英語欄が空欄,prompt_rows_001作成時,解決済み
towards.png,towards,語義または英語欄が空欄,prompt_rows_001作成時,解決済み
coming.png,coming,語義と英語欄が不一致,prompt_rows_001作成時,解決済み
longer.png,longer,語義または英語欄が空欄,prompt_rows_001作成時,解決済み
feet@x.png,feet,語義または英語欄が空欄,prompt_rows_001作成時,解決済み
minutes.png,minutes,語義または英語欄が空欄,prompt_rows_001作成時,解決済み
China.png,China,語義と英語欄が不一致,prompt_rows_001作成時,解決済み
lost.png,lost,語義と英語欄が不一致,prompt_rows_001作成時,解決済み
India.png,India,語義または英語欄が空欄,prompt_rows_001作成時,解決済み
activities.png,activities,語義または英語欄が空欄,prompt_rows_001作成時,解決済み
British.png,British,語義と英語欄が不一致,prompt_rows_001作成時,解決済み
works.png,works,語義または英語欄が空欄,prompt_rows_001作成時,解決済み
greater.png,greater,語義と英語欄が不一致,prompt_rows_001作成時,解決済み
reported.png,reported,語義または英語欄が空欄,prompt_rows_001作成時,解決済み
features.png,features,語義または英語欄が空欄,prompt_rows_001作成時,解決済み
parts.png,parts,語義または英語欄が空欄,prompt_rows_001作成時,解決済み
earlier.png,earlier,語義または英語欄が空欄,prompt_rows_001作成時,解決済み
lines.png,lines,語義または英語欄が空欄,prompt_rows_001作成時,解決済み
to-.png,to-,語義または英語欄が空欄,prompt_rows_001作成時,解決済み
standing.png,standing,語義と英語欄が不一致,prompt_rows_001作成時,解決済み
James.png,James,語義と英語欄が不一致,prompt_rows_001作成時,解決済み
carried.png,carried,語義または英語欄が空欄,prompt_rows_001作成時,解決済み
allowed.png,allowed,語義または英語欄が空欄,prompt_rows_001作成時,解決済み
Paul.png,Paul,語義と英語欄が不一致,prompt_rows_001作成時,解決済み
Chinese.png,Chinese,語義と英語欄が不一致,prompt_rows_001作成時,解決済み
waiting.png,waiting,語義または英語欄が空欄,prompt_rows_001作成時,解決済み
leading.png,leading,語義と英語欄が不一致,prompt_rows_001作成時,解決済み
loved.png,loved,語義または英語欄が空欄,prompt_rows_001作成時,解決済み
March_cap.png,March,語義と英語欄が不一致,prompt_rows_001作成時,解決済み
nearly.png,nearly,語義と英語欄が不一致,prompt_rows_001作成時,解決済み
ran@x.png,ran,語義または英語欄が空欄,prompt_rows_001作成時,解決済み
covered.png,covered,語義または英語欄が空欄,prompt_rows_001作成時,解決済み
chest.png,chest,語義と英語欄が不一致,prompt_rows_001作成時,解決済み
African.png,African,語義と英語欄が不一致,prompt_rows_001作成時,解決済み
larger.png,larger,語義または英語欄が空欄,prompt_rows_001作成時,解決済み
holding.png,holding,語義または英語欄が空欄,prompt_rows_001作成時,解決済み
older.png,older,語義または英語欄が空欄,prompt_rows_001作成時,解決済み
pretty.png,pretty,語義と英語欄が不一致,prompt_rows_001作成時,解決済み
seeing.png,seeing,語義と英語欄が不一致,prompt_rows_001作成時,解決済み
benefits.png,benefits,語義または英語欄が空欄,prompt_rows_001作成時,解決済み
drug.png,drug,語義と英語欄が不一致,prompt_rows_001作成時,解決済み
hadnt.png,hadn't,語義または英語欄が空欄,prompt_rows_001作成時,解決済み
popular.png,popular,語義と英語欄が不一致,prompt_rows_001作成時,解決済み
concerned.png,concerned,語義と英語欄が不一致,prompt_rows_001作成時,解決済み
feelings.png,feelings,語義または英語欄が空欄,prompt_rows_001作成時,解決済み
la.png,la,語義または英語欄が空欄,prompt_rows_001作成時,解決済み
supposed.png,supposed,語義と英語欄が不一致,prompt_rows_001作成時,解決済み
Robert.png,Robert,語義と英語欄が不一致,prompt_rows_001作成時,解決済み
Israel.png,Israel,語義と英語欄が不一致,prompt_rows_001作成時,解決済み
Michael.png,Michael,語義と英語欄が不一致,prompt_rows_001作成時,解決済み
post-.png,post-,語義と英語欄が不一致,prompt_rows_001作成時,解決済み
okay.png,okay,語義または英語欄が空欄,prompt_rows_001作成時,解決済み
Washington.png,Washington,語義と英語欄が不一致,prompt_rows_001作成時,解決済み
Henry.png,Henry,語義と英語欄が不一致,prompt_rows_001作成時,解決済み
served.png,served,語義または英語欄が空欄,prompt_rows_001作成時,解決済み
changing.png,changing,語義または英語欄が空欄,prompt_rows_001作成時,解決済み
asking.png,asking,語義または英語欄が空欄,prompt_rows_001作成時,解決済み
keeping.png,keeping,語義と英語欄が不一致,prompt_rows_001作成時,解決済み
smaller.png,smaller,語義または英語欄が空欄,prompt_rows_001作成時,解決済み
user.png,user,語義または英語欄が空欄,prompt_rows_001作成時,解決済み
Charles.png,Charles,語義と英語欄が不一致,prompt_rows_001作成時,解決済み
Jack.png,Jack,語義と英語欄が不一致,prompt_rows_001作成時,解決済み
letters.png,letters,語義または英語欄が空欄,prompt_rows_001作成時,解決済み
matters.png,matters,語義または英語欄が空欄,prompt_rows_001作成時,解決済み
familiar.png,familiar,語義と英語欄が不一致,prompt_rows_001作成時,解決済み
picked.png,picked,語義と英語欄が不一致,prompt_rows_001作成時,解決済み
Paris.png,Paris,語義と英語欄が不一致,prompt_rows_001作成時,解決済み
highest.png,highest,語義または英語欄が空欄,prompt_rows_001作成時,解決済み
ended.png,ended,語義または英語欄が空欄,prompt_rows_001作成時,解決済み
previously.png,previously,語義または英語欄が空欄,prompt_rows_001作成時,解決済み
chemical.png,chemical,語義と英語欄が不一致,prompt_rows_001作成時,解決済み
of-.png,of-,語義または英語欄が空欄,prompt_rows_001作成時,解決済み
laid.png,laid,語義または英語欄が空欄,prompt_rows_001作成時,解決済み
rock.png,rock,語義と英語欄が不一致,prompt_rows_001作成時,解決済み
consequences.png,consequences,語義または英語欄が空欄,prompt_rows_001作成時,解決済み
findings.png,findings,語義または英語欄が空欄,prompt_rows_001作成時,解決済み
revealed.png,revealed,語義または英語欄が空欄,prompt_rows_001作成時,解決済み
long-term.png,long-term,語義と英語欄が不一致,prompt_rows_001作成時,解決済み
drugs.png,drugs,語義または英語欄が空欄,prompt_rows_001作成時,解決済み
false.png,false,語義と英語欄が不一致,prompt_rows_001作成時,解決済み
bound@bhendh.png,bound,語義と英語欄が不一致,prompt_rows_001作成時,解決済み
teeth.png,teeth,語義または英語欄が空欄,prompt_rows_001作成時,解決済み
behaviour.png,behaviour,語義または英語欄が空欄,prompt_rows_001作成時,解決済み
drawing.png,drawing,語義または英語欄が空欄,prompt_rows_001作成時,解決済み
pick.png,pick,語義と英語欄が不一致,prompt_rows_001作成時,解決済み
easier.png,easier,語義または英語欄が空欄,prompt_rows_001作成時,解決済み
greatest.png,greatest,語義または英語欄が空欄,prompt_rows_001作成時,解決済み
labour.png,labour,語義または英語欄が空欄,prompt_rows_001作成時,解決済み
putting.png,putting,語義または英語欄が空欄,prompt_rows_001作成時,解決済み
sold.png,sold,語義または英語欄が空欄,prompt_rows_001作成時,解決済み
settled.png,settled,語義または英語欄が空欄,prompt_rows_001作成時,解決済み
Martin.png,Martin,語義と英語欄が不一致,prompt_rows_001作成時,解決済み
calculated.png,calculated,語義と英語欄が不一致,prompt_rows_001作成時,解決済み
seconds.png,seconds,語義または英語欄が空欄,prompt_rows_001作成時,解決済み
helping.png,helping,語義と英語欄が不一致,prompt_rows_001作成時,解決済み
largest.png,largest,語義または英語欄が空欄,prompt_rows_001作成時,解決済み
shop.png,shop,語義と英語欄が不一致,prompt_rows_001作成時,解決済み
Spanish.png,Spanish,語義と英語欄が不一致,prompt_rows_001作成時,解決済み
falling.png,falling,語義または英語欄が空欄,prompt_rows_001作成時,解決済み
Tom.png,Tom,語義と英語欄が不一致,prompt_rows_001作成時,解決済み
centre.png,centre,語義または英語欄が空欄,prompt_rows_001作成時,解決済み
acting.png,acting,語義と英語欄が不一致,prompt_rows_001作成時,解決済み
Sam.png,Sam,固有名詞だけで視覚化対象不明,prompt_rows_001作成時,解決済み
used.png,used,語義と英語欄が不一致,prompt_rows_001作成時,解決済み
virgin.png,virgin,画像生成安全確認,prompt_rows_007作成時,解決済み
sexually.png,sexually,画像生成安全確認,prompt_rows_007作成時,解決済み
bi.png,bi,画像生成安全確認,prompt_rows_007作成時,解決済み
liquor.png,liquor,画像生成安全確認,prompt_rows_007作成時,解決済み
murderer.png,murderer,画像生成安全確認,prompt_rows_008作成時,解決済み
dagger.png,dagger,画像生成安全確認,prompt_rows_008作成時,解決済み
rear@re.png,rear,対象語義「後部」とCompositionの未来タイムラインが矛盾,prompt_rows_003生成時,保留
dogs.png,dogs,活用・語形の説明のみで描写対象語義が未特定,prompt_rows_009作成時,解決済み
so-called.png,so-called,「いわゆる」を表す呼称の文脈・構図を要確認,prompt_rows_009作成時,解決済み
forgotten.png,forgotten,活用・語形の説明のみで描写対象語義が未特定,prompt_rows_009作成時,解決済み
cheeks.png,cheeks,活用・語形の説明のみで描写対象語義が未特定,prompt_rows_009作成時,解決済み
gotten.png,gotten,活用・語形の説明のみで描写対象語義が未特定,prompt_rows_009作成時,解決済み
begun.png,begun,活用・語形の説明のみで描写対象語義が未特定,prompt_rows_009作成時,解決済み
thrown.png,thrown,活用・語形の説明のみで描写対象語義が未特定,prompt_rows_009作成時,解決済み
flew.png,flew,活用・語形の説明のみで描写対象語義が未特定,prompt_rows_009作成時,解決済み
mice.png,mice,活用・語形の説明のみで描写対象語義が未特定,prompt_rows_009作成時,解決済み
dining.png,dining,日本語の語義が空欄,prompt_rows_009作成時,保留
likes.png,likes,日本語の語義が空欄,prompt_rows_009作成時,保留
rang.png,rang,日本語の語義が空欄,prompt_rows_009作成時,保留
eaten.png,eaten,活用・語形の説明のみで描写対象語義が未特定,prompt_rows_009作成時,解決済み
wives.png,wives,活用・語形の説明のみで描写対象語義が未特定,prompt_rows_009作成時,解決済み
baking.png,baking,日本語の語義が空欄,prompt_rows_009作成時,保留
blew.png,blew,日本語の語義が空欄,prompt_rows_009作成時,保留
kissing.png,kissing,日本語の語義が空欄,prompt_rows_009作成時,保留
counting.png,counting,日本語の語義が空欄,prompt_rows_009作成時,保留
premises.png,premises,日本語の語義が空欄,prompt_rows_009作成時,保留
revised.png,revised,日本語の語義が空欄,prompt_rows_009作成時,保留
drank.png,drank,日本語の語義が空欄,prompt_rows_009作成時,保留
appreciated.png,appreciated,日本語の語義が空欄,prompt_rows_009作成時,保留
laying.png,laying,日本語の語義が空欄,prompt_rows_009作成時,保留
stepping.png,stepping,日本語の語義が空欄,prompt_rows_009作成時,保留
funded.png,funded,日本語の語義が空欄,prompt_rows_009作成時,保留
Elsevier.png,Elsevier,日本語の語義が空欄,prompt_rows_009作成時,保留
heavens.png,heavens,日本語の語義が空欄,prompt_rows_009作成時,保留
respects.png,respects,日本語の語義が空欄,prompt_rows_009作成時,保留
sang.png,sang,日本語の語義が空欄,prompt_rows_009作成時,保留
posted.png,posted,日本語の語義が空欄,prompt_rows_009作成時,保留
blocking.png,blocking,日本語の語義が空欄,prompt_rows_009作成時,保留
stained.png,stained,日本語の語義が空欄,prompt_rows_009作成時,保留
jumping.png,jumping,日本語の語義が空欄,prompt_rows_009作成時,保留
coaching.png,coaching,日本語の語義が空欄,prompt_rows_009作成時,保留
manners.png,manners,日本語の語義が空欄,prompt_rows_009作成時,保留
sticks.png,sticks,日本語の語義が空欄,prompt_rows_009作成時,保留
stocks.png,stocks,日本語の語義が空欄,prompt_rows_009作成時,保留
owed.png,owed,日本語の語義が空欄,prompt_rows_009作成時,保留
tore.png,tore,活用・語形の説明のみで描写対象語義が未特定,prompt_rows_009作成時,解決済み
risen.png,risen,活用・語形の説明のみで描写対象語義が未特定,prompt_rows_009作成時,解決済み
wolves.png,wolves,活用・語形の説明のみで描写対象語義が未特定,prompt_rows_009作成時,解決済み
clung.png,clung,活用・語形の説明のみで描写対象語義が未特定,prompt_rows_009作成時,解決済み
sworn.png,sworn,活用・語形の説明のみで描写対象語義が未特定,prompt_rows_009作成時,解決済み
Puerto.png,Puerto,地名・人名など描写対象の種別が未特定,prompt_rows_009作成時,保留
Las.png,Las,地名・人名など描写対象の種別が未特定,prompt_rows_009作成時,保留
Mao.png,Mao,描写対象となる人物・事物が未特定,prompt_rows_009作成時,保留
les.png,les,描写対象となる語義が未特定,prompt_rows_009作成時,保留
sung.png,sung,活用・語形の説明のみで描写対象語義が未特定,prompt_rows_010作成時,解決済み
modality.png,modality,様式・モダリティの分野が未特定,prompt_rows_010作成時,保留
Dakota.png,Dakota,地名・民族名・人名の別が未特定,prompt_rows_010作成時,保留
Meg.png,Meg,人名表記とmegabyteの説明が混在,prompt_rows_010作成時,保留
tween.png,tween,between・年齢層・補間の用法が未特定,prompt_rows_010作成時,保留
NASA.png,NASA,日本語の語義が空欄,prompt_rows_010作成時,保留
bathing.png,bathing,日本語の語義が空欄,prompt_rows_010作成時,保留
credentials.png,credentials,日本語の語義が空欄,prompt_rows_010作成時,保留
EPA.png,EPA,日本語の語義が空欄,prompt_rows_010作成時,保留
bombing.png,bombing,日本語の語義が空欄,prompt_rows_010作成時,保留
sped.png,sped,日本語の語義が空欄,prompt_rows_010作成時,保留
wanna.png,wanna,日本語の語義が空欄,prompt_rows_010作成時,保留
sweating.png,sweating,日本語の語義が空欄,prompt_rows_011作成時,保留
typing.png,typing,日本語の語義が空欄,prompt_rows_011作成時,保留
SUV.png,SUV,日本語の語義が空欄,prompt_rows_011作成時,保留
Vegas.png,Vegas,日本語の語義が空欄,prompt_rows_011作成時,保留
hopped.png,hopped,日本語の語義が空欄,prompt_rows_011作成時,保留
effected.png,effected,日本語の語義が空欄,prompt_rows_011作成時,保留
morals.png,morals,日本語の語義が空欄,prompt_rows_011作成時,保留
separates.png,separates,日本語の語義が空欄,prompt_rows_011作成時,保留
bred.png,bred,日本語の語義が空欄,prompt_rows_011作成時,保留
un-.png,un-,日本語の語義が空欄,prompt_rows_011作成時,保留
nuanced.png,nuanced,語義「～っぽい」の修飾内容が未特定,prompt_rows_011作成時,保留
staged.png,staged,日本語の語義が空欄,prompt_rows_011作成時,保留
bothering.png,bothering,日本語の語義が空欄,prompt_rows_011作成時,保留
pits.png,pits,日本語の語義が空欄,prompt_rows_011作成時,保留
blazing.png,blazing,日本語の語義が空欄,prompt_rows_011作成時,保留
cheating.png,cheating,日本語の語義が空欄,prompt_rows_011作成時,保留
screwed.png,screwed,日本語の語義が空欄,prompt_rows_011作成時,保留
armour.png,armour,日本語の語義が空欄,prompt_rows_011作成時,保留
panting.png,panting,日本語の語義が空欄,prompt_rows_011作成時,保留
smelling.png,smelling,日本語の語義が空欄,prompt_rows_011作成時,保留
twenties.png,twenties,日本語の語義が空欄,prompt_rows_011作成時,保留
bouncing.png,bouncing,日本語の語義が空欄,prompt_rows_011作成時,保留
flown.png,flown,日本語の語義が空欄,prompt_rows_011作成時,保留
Ephesians.png,Ephesians,日本語の語義が空欄,prompt_rows_011作成時,保留
Forbes.png,Forbes,人物・姓・雑誌名の別が未特定,prompt_rows_011作成時,保留
Jonas.png,Jonas,一般人名と聖書のJonahの別が未特定,prompt_rows_011作成時,保留
broadcasting.png,broadcasting,日本語の語義が空欄,prompt_rows_011作成時,保留
strata.png,strata,日本語の語義が空欄,prompt_rows_011作成時,保留
profiling.png,profiling,日本語の語義が空欄,prompt_rows_011作成時,保留
spoiled.png,spoiled,日本語の語義が空欄,prompt_rows_011作成時,保留
eats.png,eats,日本語の語義が空欄,prompt_rows_011作成時,保留
purified.png,purified,日本語の語義が空欄,prompt_rows_011作成時,保留
Abd.png,Abd,日本語の語義が空欄,prompt_rows_011作成時,保留
blinded.png,blinded,日本語の語義が空欄,prompt_rows_011作成時,保留
cleansing.png,cleansing,日本語の語義が空欄,prompt_rows_011作成時,保留
SQL.png,SQL,日本語の語義が空欄,prompt_rows_011作成時,保留
diagnoses.png,diagnoses,日本語の語義が空欄,prompt_rows_011作成時,保留
URL.png,URL,日本語の語義が空欄,prompt_rows_011作成時,保留
int.png,int,日本語の語義が空欄,prompt_rows_011作成時,保留
trunks.png,trunks,日本語の語義が空欄,prompt_rows_012作成時,保留
Sat.png,Sat,日本語の語義が空欄,prompt_rows_012作成時,保留
confines.png,confines,日本語の語義が空欄,prompt_rows_012作成時,保留
make-up.png,make-up,日本語の語義が空欄,prompt_rows_012作成時,保留
ridden.png,ridden,日本語の語義が空欄,prompt_rows_012作成時,保留
bi-.png,bi-,日本語の語義が空欄,prompt_rows_012作成時,保留
bout.png,bout,日本語の語義が空欄,prompt_rows_012作成時,保留
honors.png,honors,日本語の語義が空欄,prompt_rows_012作成時,保留
LED.png,LED,日本語の語義が空欄,prompt_rows_012作成時,保留
batter.png,batter,日本語の語義が空欄,prompt_rows_012作成時,保留
dem.png,dem,日本語の語義が空欄,prompt_rows_012作成時,保留
barracks.png,barracks,日本語の語義が空欄,prompt_rows_012作成時,保留
Fritz.png,Fritz,人名表記と故障状態の説明が混在,prompt_rows_012作成時,保留
dependencies.png,dependencies,日本語の語義が空欄,prompt_rows_012作成時,保留
messaging.png,messaging,日本語の語義が空欄,prompt_rows_012作成時,保留
mocking.png,mocking,日本語の語義が空欄,prompt_rows_012作成時,保留
Ida.png,Ida,人名表記と国際開発協会の説明が混在,prompt_rows_012作成時,保留
bewildered.png,bewildered,日本語の語義が空欄,prompt_rows_012作成時,保留
sprung.png,sprung,日本語の語義が空欄,prompt_rows_012作成時,保留
greens.png,greens,日本語の語義が空欄,prompt_rows_012作成時,保留
guts.png,guts,日本語の語義が空欄,prompt_rows_012作成時,保留
bounce.png,bounce,日本語の語義が空欄,prompt_rows_012作成時,保留
bud.png,bud,日本語の語義が空欄,prompt_rows_012作成時,保留
condensed.png,condensed,日本語の語義が空欄,prompt_rows_012作成時,保留
Mach.png,Mach,速度単位・人名・機械略語の別が未特定,prompt_rows_012作成時,保留
polluted.png,polluted,日本語の語義が空欄,prompt_rows_012作成時,保留
vis-a-vis_acc.png,vis-à-vis,日本語の語義が空欄,prompt_rows_012作成時,保留
grained.png,grained,日本語の語義が空欄,prompt_rows_012作成時,保留
grieving.png,grieving,日本語の語義が空欄,prompt_rows_012作成時,保留
watering.png,watering,日本語の語義が空欄,prompt_rows_012作成時,保留
FC.png,FC,日本語の語義が空欄,prompt_rows_012作成時,保留
Plains.png,Plains,日本語の語義が空欄,prompt_rows_012作成時,保留
lowing.png,lowing,日本語語義が空欄,prompt_rows_013,保留
Lyons.png,Lyons,日本語語義が空欄,prompt_rows_013,保留
Kyoto.png,Kyoto,日本語語義が空欄,prompt_rows_013,保留
blinding.png,blinding,日本語語義が空欄,prompt_rows_013,保留
blasted.png,blasted,日本語語義が空欄,prompt_rows_013,保留
hanged.png,hanged,日本語語義が空欄,prompt_rows_013,保留
flats.png,flats,日本語語義が空欄,prompt_rows_013,保留
Nam.png,Nam,日本語語義が空欄,prompt_rows_013,保留
OJ.png,OJ,日本語語義が空欄,prompt_rows_013,保留
advertised.png,advertised,日本語語義が空欄,prompt_rows_013,保留
spectacles.png,spectacles,日本語語義が空欄,prompt_rows_013,保留
taps.png,taps,日本語語義が空欄,prompt_rows_013,保留
crucified.png,crucified,日本語語義が空欄,prompt_rows_013,保留
woken.png,woken,日本語語義が空欄,prompt_rows_013,保留
Carla.png,Carla,日本語語義が空欄,prompt_rows_013,保留
strewn.png,strewn,日本語語義が空欄,prompt_rows_013,保留
trapping.png,trapping,日本語語義が空欄,prompt_rows_013,保留
undone.png,undone,日本語語義が空欄,prompt_rows_013,保留
classics.png,classics,日本語語義が空欄,prompt_rows_013,保留
esteemed.png,esteemed,日本語語義が空欄,prompt_rows_013,保留
memoirs.png,memoirs,日本語語義が空欄,prompt_rows_013,保留
thirties.png,thirties,日本語語義が空欄,prompt_rows_013,保留
accommodations.png,accommodations,日本語語義が空欄,prompt_rows_013,保留
bun.png,bun,日本語語義が空欄,prompt_rows_013,保留
groceries.png,groceries,日本語語義が空欄,prompt_rows_013,保留
oer.png,o'er,日本語語義が空欄,prompt_rows_013,保留
vanishing.png,vanishing,日本語語義が空欄,prompt_rows_013,保留
bunk.png,bunk,日本語語義が空欄,prompt_rows_013,保留
boxing.png,boxing,日本語語義が空欄,prompt_rows_013,保留
filler.png,filler,日本語語義が空欄,prompt_rows_013,保留
glistening.png,glistening,日本語語義が空欄,prompt_rows_013,保留
aggravated.png,aggravated,日本語語義が空欄,prompt_rows_013,保留
cheers.png,cheers,日本語語義が空欄,prompt_rows_013,保留
Tex.png,Tex,日本語語義が音写のみで、補助英語が示す略語の対象と一致するか確定できない,prompt_rows_013,保留
Vic.png,Vic,日本語語義が音写のみで、補助英語が示す略語の対象と一致するか確定できない,prompt_rows_013,保留
ins.png,ins,日本語語義「インス」だけでは対象を特定できない,prompt_rows_013,保留
gaping.png,gaping,日本語語義が空欄,prompt_rows_014,保留
mitigating.png,mitigating,日本語語義が空欄,prompt_rows_014,保留
metre.png,metre,日本語語義が空欄,prompt_rows_014,保留
shredded.png,shredded,日本語語義が空欄,prompt_rows_014,保留
Hamiltonian.png,Hamiltonian,日本語語義が空欄,prompt_rows_014,保留
sown.png,sown,日本語語義が空欄,prompt_rows_014,保留
lamented.png,lamented,日本語語義が空欄,prompt_rows_014,保留
retailer.png,retailer,日本語語義が空欄,prompt_rows_014,保留
PDF.png,PDF,日本語語義が空欄,prompt_rows_014,保留
anointed.png,anointed,日本語語義が空欄,prompt_rows_014,保留
bitten.png,bitten,日本語語義が空欄,prompt_rows_014,保留
canned.png,canned,日本語語義が空欄,prompt_rows_014,保留
stalking.png,stalking,日本語語義が空欄,prompt_rows_014,保留
sixties.png,sixties,日本語語義が空欄,prompt_rows_014,保留
aka.png,aka,日本語語義が空欄,prompt_rows_014,保留
beak.png,beak,日本語語義が空欄,prompt_rows_014,保留
spake.png,spake,日本語語義が空欄,prompt_rows_014,保留
withheld.png,withheld,日本語語義が空欄,prompt_rows_014,保留
cyber-.png,cyber-,日本語語義が空欄,prompt_rows_014,保留
millennia.png,millennia,日本語語義が空欄,prompt_rows_014,保留
Eisenhower.png,Eisenhower,日本語語義が空欄,prompt_rows_014,保留
black-and-white.png,black-and-white,日本語語義が空欄,prompt_rows_014,保留
enchanted.png,enchanted,日本語語義が空欄,prompt_rows_014,保留
prized.png,prized,日本語語義が空欄,prompt_rows_014,保留
Clyde.png,Clyde,「クライド」が人名・河川名か、英語欄の馬種略称か特定できない,prompt_rows_014,保留
var.png,var,バールが単位・工具などのどの意味か不明で、英語欄variableも特定を支えない,prompt_rows_014,保留
fifties.png,fifties,日本語語義が空欄,prompt_rows_015,保留
whistling.png,whistling,日本語語義が空欄,prompt_rows_015,保留
ver.png,ver,日本語語義が空欄,prompt_rows_015,保留
yall.png,y'all,日本語語義が空欄,prompt_rows_015,保留
blinds.png,blinds,日本語語義が空欄,prompt_rows_015,保留
groaning.png,groaning,日本語語義が空欄,prompt_rows_015,保留
Sabrina.png,Sabrina,日本語語義が空欄,prompt_rows_015,保留
foreseen.png,foreseen,日本語語義が空欄,prompt_rows_015,保留
recorder.png,recorder,日本語語義が空欄,prompt_rows_015,保留
bordering.png,bordering,日本語語義が空欄,prompt_rows_015,保留
rung.png,rung,日本語語義が空欄,prompt_rows_015,保留
withholding.png,withholding,日本語語義が空欄,prompt_rows_015,保留
bluff.png,bluff,日本語語義が空欄,prompt_rows_015,保留
bustling.png,bustling,日本語語義が空欄,prompt_rows_015,保留
NSW.png,NSW,日本語語義が空欄,prompt_rows_015,保留
betting.png,betting,日本語語義が空欄,prompt_rows_015,保留
rpm.png,rpm,日本語語義が空欄,prompt_rows_015,保留
HTML.png,HTML,日本語語義が空欄,prompt_rows_015,保留
globalisation.png,globalisation,日本語語義が空欄,prompt_rows_015,保留
vibe.png,vibe,日本語語義が空欄,prompt_rows_015,保留
weathered.png,weathered,日本語語義が空欄,prompt_rows_015,保留
blooming.png,blooming,日本語語義が空欄,prompt_rows_016,保留
budding.png,budding,日本語語義が空欄,prompt_rows_016,保留
crossroads.png,crossroads,日本語語義が空欄,prompt_rows_016,保留
lain.png,lain,日本語語義が空欄,prompt_rows_016,保留
shrank.png,shrank,日本語語義が空欄,prompt_rows_016,保留
tel.png,tel,日本語語義が空欄,prompt_rows_016,保留
dreamt.png,dreamt,日本語語義が空欄,prompt_rows_016,保留
codified.png,codified,日本語語義が空欄,prompt_rows_016,保留
slash.png,slash,日本語語義が空欄,prompt_rows_016,保留
logged.png,logged,日本語語義が空欄,prompt_rows_016,保留
props.png,props,日本語語義が空欄,prompt_rows_016,保留
bled.png,bled,日本語語義が空欄,prompt_rows_016,保留
gilded.png,gilded,日本語語義が空欄,prompt_rows_016,保留
hammered.png,hammered,日本語語義が空欄,prompt_rows_016,保留
brooding.png,brooding,日本語語義が空欄,prompt_rows_016,保留
seeded.png,seeded,日本語語義が空欄,prompt_rows_016,保留
forsaken.png,forsaken,日本語語義が空欄,prompt_rows_016,保留
org.png,org,日本語語義が空欄,prompt_rows_016,保留
minimise.png,minimise,日本語語義が空欄,prompt_rows_017,保留
seventies.png,seventies,日本語語義が空欄,prompt_rows_017,保留
DVD.png,DVD,日本語語義が空欄,prompt_rows_017,保留
Tori.png,Tori,日本語語義が空欄,prompt_rows_017,保留
Toyota.png,Toyota,日本語語義が空欄,prompt_rows_017,保留
priming.png,priming,日本語語義が空欄,prompt_rows_017,保留
Sens.png,Sens,日本語語義が空欄,prompt_rows_017,保留
bullied.png,bullied,日本語語義が空欄,prompt_rows_017,保留
hissing.png,hissing,日本語語義が空欄,prompt_rows_017,保留
tickled.png,tickled,日本語語義が空欄,prompt_rows_017,保留
buggy.png,buggy,日本語語義が空欄,prompt_rows_017,保留
spiked.png,spiked,日本語語義が空欄,prompt_rows_017,保留
Smithsonian.png,Smithsonian,日本語語義が空欄,prompt_rows_017,保留
murmuring.png,murmuring,日本語語義が空欄,prompt_rows_017,保留
nesting.png,nesting,日本語語義が空欄,prompt_rows_017,保留
appalled.png,appalled,日本語語義が空欄,prompt_rows_017,保留
RBI.png,RBI,日本語語義が空欄,prompt_rows_017,保留
binoculars.png,binoculars,日本語語義が空欄,prompt_rows_017,保留
tho.png,tho,日本語が発音表記のみで対象の意味を特定できない,prompt_rows_017,保留
GATT.png,GATT,日本語語義が空欄,prompt_rows_018,保留
USB.png,USB,日本語語義が空欄,prompt_rows_018,保留
buffet.png,buffet,日本語語義が空欄,prompt_rows_018,保留
busted.png,busted,日本語語義が空欄,prompt_rows_018,保留
molded.png,molded,日本語語義が空欄,prompt_rows_018,保留
haunts.png,haunts,日本語語義が空欄,prompt_rows_018,保留
NBA.png,NBA,日本語語義が空欄,prompt_rows_018,保留
bowling.png,bowling,日本語語義が空欄,prompt_rows_018,保留
intestines.png,intestines,日本語語義が空欄,prompt_rows_018,保留
waning.png,waning,日本語語義が空欄,prompt_rows_018,保留
braided.png,braided,日本語語義が空欄,prompt_rows_018,保留
coveted.png,coveted,日本語語義が空欄,prompt_rows_018,保留
batting.png,batting,日本語語義が空欄,prompt_rows_018,保留
chopping.png,chopping,日本語語義が空欄,prompt_rows_018,保留
toolkit.png,toolkit,日本語語義が空欄,prompt_rows_018,保留
Elisha.png,Elisha,日本語語義が空欄,prompt_rows_018,保留
jus.png,jus,日本語語義が空欄,prompt_rows_018,保留
MBA.png,MBA,日本語語義が空欄,prompt_rows_018,保留
begotten.png,begotten,日本語語義が空欄,prompt_rows_018,保留
dues.png,dues,日本語語義が空欄,prompt_rows_018,保留
heuristics.png,heuristics,日本語語義が空欄,prompt_rows_018,保留
overtaken.png,overtaken,日本語語義が空欄,prompt_rows_018,保留
briefs.png,briefs,日本語語義が空欄,prompt_rows_018,保留
ure.png,ure,日本語が音写のみで人物名・地名・接尾辞などの指示対象を特定できない,prompt_rows_018,保留
boxer.png,boxer,日本語語義が空欄,prompt_rows_019,保留
eighties.png,eighties,日本語語義が空欄,prompt_rows_019,保留
HMS.png,HMS,日本語語義が空欄,prompt_rows_019,保留
build-up.png,build-up,日本語語義が空欄,prompt_rows_019,保留
perturbed.png,perturbed,日本語語義が空欄,prompt_rows_019,保留
antics.png,antics,日本語語義が空欄,prompt_rows_019,保留
envied.png,envied,日本語語義が空欄,prompt_rows_019,保留
goggles.png,goggles,日本語語義が空欄,prompt_rows_019,保留
marbles.png,marbles,日本語語義が空欄,prompt_rows_019,保留
bot.png,bot,日本語語義が空欄,prompt_rows_019,保留
characterisation.png,characterisation,日本語語義が空欄,prompt_rows_019,保留
bibliographical.png,bibliographical,日本語語義が空欄,prompt_rows_019,保留
bumper.png,bumper,日本語語義が空欄,prompt_rows_019,保留
rRNA.png,rRNA,日本語語義が空欄,prompt_rows_019,保留
Barnabas.png,Barnabas,日本語語義が空欄,prompt_rows_019,保留
PubMed.png,PubMed,日本語語義が空欄,prompt_rows_019,保留
connexion.png,connexion,日本語語義が空欄,prompt_rows_019,保留
ATM.png,ATM,日本語語義が空欄,prompt_rows_019,保留
bum.png,bum,日本語語義が空欄,prompt_rows_020,保留
di-.png,di-,日本語語義が空欄,prompt_rows_020,保留
mythic.png,mythic,日本語語義が空欄,prompt_rows_020,保留
cosy.png,cosy,日本語語義が空欄,prompt_rows_020,保留
Greco-.png,Greco-,日本語語義が空欄,prompt_rows_020,保留
cis-.png,cis-,日本語語義が空欄,prompt_rows_020,保留
hermeneutic.png,hermeneutic,日本語語義が空欄,prompt_rows_020,保留
multilayer.png,multilayer,日本語語義が空欄,prompt_rows_020,保留
stitching.png,stitching,日本語語義が空欄,prompt_rows_020,保留
mph.png,mph,日本語語義が空欄,prompt_rows_020,保留
FCC.png,FCC,日本語語義が空欄,prompt_rows_020,保留
mailed.png,mailed,日本語語義が空欄,prompt_rows_020,保留
maximise.png,maximise,日本語語義が空欄,prompt_rows_020,保留
scrubbing.png,scrubbing,日本語語義が空欄,prompt_rows_020,保留
http.png,http,日本語語義が空欄,prompt_rows_020,保留
SMS.png,SMS,日本語語義が空欄,prompt_rows_020,保留
RCA.png,RCA,日本語語義が空欄,prompt_rows_020,保留
Dolores.png,Dolores,日本語語義が空欄,prompt_rows_020,保留
DES.png,DES,日本語語義が空欄,prompt_rows_020,保留
pent.png,pent,日本語語義が空欄,prompt_rows_020,保留
betrothed.png,betrothed,日本語語義が空欄,prompt_rows_021,保留
braids.png,braids,日本語語義が空欄,prompt_rows_021,保留
programmer.png,programmer,日本語語義が空欄,prompt_rows_021,保留
wove.png,wove,日本語語義が空欄,prompt_rows_021,保留
Antonia.png,Antonia,日本語語義が空欄,prompt_rows_021,保留
Zika.png,Zika,日本語語義が空欄,prompt_rows_021,保留
cose.png,cose,日本語語義が空欄,prompt_rows_021,保留
Hezekiah.png,Hezekiah,日本語語義が空欄,prompt_rows_021,保留
voicemail.png,voicemail,日本語語義が空欄,prompt_rows_021,保留
brimming.png,brimming,日本語語義が空欄,prompt_rows_021,保留
digs.png,digs,日本語語義が空欄,prompt_rows_021,保留
buff.png,buff,日本語語義が空欄,prompt_rows_021,保留
chops.png,chops,日本語語義が空欄,prompt_rows_021,保留
tude.png,tude,日本語語義が空欄,prompt_rows_021,保留
mobilisation.png,mobilisation,日本語語義が空欄,prompt_rows_021,保留
NAACP.png,NAACP,日本語語義が空欄,prompt_rows_021,保留
THC.png,THC,日本語語義が空欄,prompt_rows_021,保留
airs.png,airs,日本語語義が空欄,prompt_rows_021,保留
buns.png,buns,日本語語義が空欄,prompt_rows_021,保留
Maimonides.png,Maimonides,日本語語義が空欄,prompt_rows_021,保留
SSR.png,SSR,日本語語義が空欄,prompt_rows_021,保留
seeding.png,seeding,日本語語義が空欄,prompt_rows_021,保留
Franco-.png,Franco-,日本語語義が空欄,prompt_rows_021,保留
Sami.png,Sami,日本語語義が空欄,prompt_rows_022,保留
Che.png,Che,日本語語義が空欄,prompt_rows_022,保留
IPA.png,IPA,日本語語義が空欄,prompt_rows_022,保留
tri-.png,tri-,日本語語義が空欄,prompt_rows_022,保留
ESP.png,ESP,日本語語義が空欄,prompt_rows_022,保留
cv.png,cv,日本語語義が空欄,prompt_rows_022,保留
NAFTA.png,NAFTA,日本語語義が空欄,prompt_rows_022,保留
bangs.png,bangs,日本語語義が空欄,prompt_rows_022,保留
brat.png,brat,日本語語義が空欄,prompt_rows_022,保留
frayed.png,frayed,日本語語義が空欄,prompt_rows_022,保留
genitals.png,genitals,日本語語義が空欄,prompt_rows_022,保留
Meiji.png,Meiji,日本語語義が空欄,prompt_rows_022,保留
characterise.png,characterise,日本語語義が空欄,prompt_rows_022,保留
fooling.png,fooling,日本語語義が空欄,prompt_rows_022,保留
looting.png,looting,日本語語義が空欄,prompt_rows_022,保留
lounging.png,lounging,日本語語義が空欄,prompt_rows_022,保留
NYC.png,NYC,日本語語義が空欄,prompt_rows_022,保留
stunted.png,stunted,日本語語義が空欄,prompt_rows_022,保留
Tabitha.png,Tabitha,日本語語義が空欄,prompt_rows_022,保留
zeros.png,zeros,日本語語義が空欄,prompt_rows_022,保留
colonisation.png,colonisation,日本語語義が空欄,prompt_rows_022,保留
crystallized.png,crystallized,日本語語義が空欄,prompt_rows_022,保留
FIFA.png,FIFA,日本語語義が空欄,prompt_rows_022,保留
PDA.png,PDA,日本語語義が空欄,prompt_rows_022,保留
docked.png,docked,日本語語義が空欄,prompt_rows_022,保留
nineties.png,nineties,日本語語義が空欄,prompt_rows_022,保留
cravings.png,cravings,日本語語義が空欄,prompt_rows_023,保留
avowed.png,avowed,日本語語義が空欄,prompt_rows_023,保留
barring.png,barring,日本語語義が空欄,prompt_rows_023,保留
shaming.png,shaming,日本語語義が空欄,prompt_rows_023,保留
trodden.png,trodden,日本語語義が空欄,prompt_rows_023,保留
CDS.png,CDS,日本語語義が空欄,prompt_rows_023,保留
OED.png,OED,日本語語義が空欄,prompt_rows_023,保留
ae.png,ae,日本語語義が空欄,prompt_rows_023,保留
stereotyping.png,stereotyping,日本語語義が空欄,prompt_rows_023,保留
trod.png,trod,日本語語義が空欄,prompt_rows_023,保留
irons.png,irons,日本語語義が空欄,prompt_rows_023,保留
overalls.png,overalls,日本語語義が空欄,prompt_rows_023,保留
Angelina.png,Angelina,日本語語義が空欄,prompt_rows_023,保留
dawning.png,dawning,日本語語義が空欄,prompt_rows_023,保留
ole.png,ole,日本語語義が空欄,prompt_rows_023,保留
sig.png,sig,日本語語義が空欄,prompt_rows_023,保留
welling.png,welling,日本語語義が空欄,prompt_rows_023,保留
Piers.png,Piers,日本語語義が空欄,prompt_rows_023,保留
neer.png,ne'er,日本語語義が空欄,prompt_rows_023,保留
bedchamber.png,bedchamber,日本語語義が空欄,prompt_rows_023,保留
hermeneutical.png,hermeneutical,日本語語義が空欄,prompt_rows_023,保留
NHL.png,NHL,日本語語義が空欄,prompt_rows_023,保留
babbling.png,babbling,日本語語義が空欄,prompt_rows_023,保留
bespoke.png,bespoke,日本語語義が空欄,prompt_rows_023,保留
birthing.png,birthing,日本語語義が空欄,prompt_rows_023,保留
motor-.png,motor-,"The separate motor- record has a hyphen-ended identity, but its Japanese and English define the standalone noun motor and it has no verified canonical-prefix match. Canonical words.json already contains motor at rarity469, while motor- at896 has src=etymonline and ty=motor. Removing the hyphen would collide with the existing entry, so source-level identity reconciliation is required.",prompt_rows_023,保留
USC.png,USC,日本語の語義が空欄で対象語義を決定できない,prompt_rows_024.csv,保留
millennial.png,millennial,日本語の語義が空欄で対象語義を決定できない,prompt_rows_024.csv,保留
VW.png,VW,日本語の語義が空欄で対象語義を決定できない,prompt_rows_024.csv,保留
baggy.png,baggy,日本語の語義が空欄で対象語義を決定できない,prompt_rows_024.csv,保留
blaring.png,blaring,日本語の語義が空欄で対象語義を決定できない,prompt_rows_024.csv,保留
fulness.png,fulness,日本語の語義が空欄で対象語義を決定できない,prompt_rows_024.csv,保留
hewn.png,hewn,日本語の語義が空欄で対象語義を決定できない,prompt_rows_024.csv,保留
summarise.png,summarise,日本語の語義が空欄で対象語義を決定できない,prompt_rows_024.csv,保留
GNP.png,GNP,日本語の語義が空欄で対象語義を決定できない,prompt_rows_024.csv,保留
Octavia.png,Octavia,日本語の語義が空欄で対象語義を決定できない,prompt_rows_024.csv,保留
hybridity.png,hybridity,日本語の語義が空欄で対象語義を決定できない,prompt_rows_024.csv,保留
unbound.png,unbound,日本語の語義が空欄で対象語義を決定できない,prompt_rows_024.csv,保留
NCAA.png,NCAA,日本語の語義が空欄で対象語義を決定できない,prompt_rows_024.csv,保留
Nagasaki.png,Nagasaki,日本語の語義が空欄で対象語義を決定できない,prompt_rows_024.csv,保留
bewildering.png,bewildering,日本語の語義が空欄で対象語義を決定できない,prompt_rows_024.csv,保留
Britannica.png,Britannica,日本語の語義が空欄で対象語義を決定できない,prompt_rows_024.csv,保留
thru.png,thru,日本語の語義が空欄で対象語義を決定できない,prompt_rows_024.csv,保留
ascorbic.png,ascorbic,日本語の語義が空欄で対象語義を決定できない,prompt_rows_025.csv,保留
industrialisation.png,industrialisation,日本語の語義が空欄で対象語義を決定できない,prompt_rows_025.csv,保留
rapids.png,rapids,日本語の語義が空欄で対象語義を決定できない,prompt_rows_025.csv,保留
LAN.png,LAN,日本語の語義が空欄で対象語義を決定できない,prompt_rows_025.csv,保留
TLC.png,TLC,日本語の語義が空欄で対象語義を決定できない,prompt_rows_025.csv,保留
schooled.png,schooled,日本語の語義が空欄で対象語義を決定できない,prompt_rows_025.csv,保留
dumps.png,dumps,日本語の語義が空欄で対象語義を決定できない,prompt_rows_025.csv,保留
vapors.png,vapors,日本語の語義が空欄で対象語義を決定できない,prompt_rows_025.csv,保留
OPEC.png,OPEC,日本語の語義が空欄で対象語義を決定できない,prompt_rows_025.csv,保留
incensed.png,incensed,日本語の語義が空欄で対象語義を決定できない,prompt_rows_025.csv,保留
dar.png,dar,日本語の語義が空欄で対象語義を決定できない,prompt_rows_025.csv,保留
stalling.png,stalling,日本語の語義が空欄で対象語義を決定できない,prompt_rows_025.csv,保留
emancipated.png,emancipated,日本語の語義が空欄で対象語義を決定できない,prompt_rows_025.csv,保留
Nicene.png,Nicene,日本語の語義が空欄で対象語義を決定できない,prompt_rows_025.csv,保留
amino-.png,amino-,日本語の語義が空欄で対象語義を決定できない,prompt_rows_025.csv,保留
pecking.png,pecking,日本語の語義が空欄で対象語義を決定できない,prompt_rows_025.csv,保留
conceptualisation.png,conceptualisation,日本語の語義が空欄で対象語義を決定できない,prompt_rows_025.csv,保留
Ritz.png,Ritz,語義が「リッツ」のみで、人名・ホテル名・商品名のいずれか特定できない,prompt_rows_025.csv,保留
Cortes.png,Cortes,「コルテス」のみで英語説明・語源が空欄。人物の姓とスペイン議会のどちらかを特定できない。,prompt_rows_025.csv,保留
landscaping.png,landscaping,日本語の語義が空欄で対象語義を決定できない,prompt_rows_026.csv,保留
polarisation.png,polarisation,日本語の語義が空欄で対象語義を決定できない,prompt_rows_026.csv,保留
Zarathustra.png,Zarathustra,日本語の語義が空欄で対象語義を決定できない,prompt_rows_026.csv,保留
carb.png,carb,日本語の語義が空欄で対象語義を決定できない,prompt_rows_026.csv,保留
chiseled.png,chiseled,日本語の語義が空欄で対象語義を決定できない,prompt_rows_026.csv,保留
fuming.png,fuming,日本語の語義が空欄で対象語義を決定できない,prompt_rows_026.csv,保留
mothering.png,mothering,日本語の語義が空欄で対象語義を決定できない,prompt_rows_026.csv,保留
Austro-.png,Austro-,日本語の語義が空欄で対象語義を決定できない,prompt_rows_026.csv,保留
consenting.png,consenting,日本語の語義が空欄で対象語義を決定できない,prompt_rows_026.csv,保留
indentured.png,indentured,日本語の語義が空欄で対象語義を決定できない,prompt_rows_026.csv,保留
ammo.png,ammo,日本語の語義が空欄で対象語義を決定できない,prompt_rows_026.csv,保留
sur-.png,sur-,日本語の語義が空欄で対象語義を決定できない,prompt_rows_026.csv,保留
LCD.png,LCD,日本語の語義が空欄で対象語義を決定できない,prompt_rows_026.csv,保留
prioritise.png,prioritise,日本語の語義が空欄で対象語義を決定できない,prompt_rows_026.csv,保留
pyjamas.png,pyjamas,日本語の語義が空欄で対象語義を決定できない,prompt_rows_026.csv,保留
retailing.png,retailing,日本語の語義が空欄で対象語義を決定できない,prompt_rows_026.csv,保留
wuz.png,wuz,日本語の語義が空欄で対象語義を決定できない,prompt_rows_026.csv,保留
grand-.png,grand-,grand-の非系譜的接頭辞義は1924年辞書の検索断片に現れるが原典本文を確認できず、「雄大な」との対応が未確定。,prompt_rows_026.csv,保留
mis-.png,mis-,日本語の語義が空欄で対象語義を決定できない,prompt_rows_027.csv,保留
privatisation.png,privatisation,日本語の語義が空欄で対象語義を決定できない,prompt_rows_027.csv,保留
specialisation.png,specialisation,日本語の語義が空欄で対象語義を決定できない,prompt_rows_027.csv,保留
Yosemite.png,Yosemite,日本語の語義が空欄で対象語義を決定できない,prompt_rows_027.csv,保留
merited.png,merited,日本語の語義が空欄で対象語義を決定できない,prompt_rows_027.csv,保留
socialisation.png,socialisation,日本語の語義が空欄で対象語義を決定できない,prompt_rows_027.csv,保留
PLO.png,PLO,日本語の語義が空欄で対象語義を決定できない,prompt_rows_027.csv,保留
Avicenna.png,Avicenna,日本語の語義が空欄で対象語義を決定できない,prompt_rows_027.csv,保留
celled.png,celled,日本語の語義が空欄で対象語義を決定できない,prompt_rows_027.csv,保留
weeding.png,weeding,日本語の語義が空欄で対象語義を決定できない,prompt_rows_027.csv,保留
Lucretius.png,Lucretius,日本語の語義が空欄で対象語義を決定できない,prompt_rows_027.csv,保留
bossy.png,bossy,日本語の語義が空欄で対象語義を決定できない,prompt_rows_027.csv,保留
Maccabees.png,Maccabees,日本語の語義が空欄で対象語義を決定できない,prompt_rows_027.csv,保留
STP.png,STP,日本語の語義が空欄で対象語義を決定できない,prompt_rows_027.csv,保留
basking.png,basking,日本語の語義が空欄で対象語義を決定できない,prompt_rows_027.csv,保留
vitals.png,vitals,日本語の語義が空欄で対象語義を決定できない,prompt_rows_027.csv,保留
liberalisation.png,liberalisation,日本語の語義が空欄で対象語義を決定できない,prompt_rows_027.csv,保留
MGM.png,MGM,日本語の語義が空欄で対象語義を決定できない,prompt_rows_027.csv,保留
Raza.png,Raza,日本語の語義が空欄で対象語義を決定できない,prompt_rows_027.csv,保留
SEO.png,SEO,日本語の語義が空欄で対象語義を決定できない,prompt_rows_027.csv,保留
calibre.png,calibre,日本語の語義が空欄で対象語義を決定できない,prompt_rows_027.csv,保留
piloted.png,piloted,日本語の語義が空欄で対象語義を決定できない,prompt_rows_027.csv,保留
prepaid.png,prepaid,日本語の語義が空欄で対象語義を決定できない,prompt_rows_027.csv,保留
vasodilation.png,vasodilation,日本語の語義が空欄で対象語義を決定できない,prompt_rows_027.csv,保留
YMCA.png,YMCA,日本語の語義が空欄で対象語義を決定できない,prompt_rows_027.csv,保留
slut.png,slut,侮蔑的な性的評価の非文字表現は文脈確認が必要,prompt_rows_018_no_dialogue_review,保留
prejudicial.png,prejudicial,第一日本語語義は「偏見を抱かせる」だが第一英語義は「有害な」で語義ペアが不一致,prompt_rows_024.csv,保留
tabular.png,tabular,第一日本語語義は「板状の」だが第一英語義は表形式で語義ペアが不一致,prompt_rows_024.csv,保留
Brie.png,Brie,第一日本語語義はブリ地方、第一英語義は白カビ熟成チーズで同綴り語の対応が不一致,prompt_rows_024.csv,保留
Gambia.png,Gambia,第一日本語語義はガンビア、第一英語義はガンビア川で地名の対象が不一致,prompt_rows_024.csv,保留
clitoris.png,clitoris,画像生成サービスがsexualカテゴリで拒否。代替図の生成可否を要確認,prompt_rows_024.csv,保留
quid@kwo.png,quid,第一日本語語義は1ポンド、第一英語義はchewで同綴り語・語根の対応が不一致。登録済みプロンプトは硬貨を描く,prompt_rows_024.csv,保留
kite.png,kite,PNGに酔った人物が描かれ、凧の語義と一致しない。対応する語義の画像を確認・差し替える必要がある。 元プロンプトに沿ったPNGへ差し替え、英日解説と実行プロンプトを記録。,prompt_rows_020.csv,解決済み
lactose.png,lactose,PNGに凧揚げが描かれ、乳糖の語義と一致しない。対応する語義の画像を確認・差し替える必要がある。 元プロンプトに沿ったPNGへ差し替え、英日解説と実行プロンプトを記録。,prompt_rows_020.csv,解決済み
luckily.png,luckily,PNGに乳糖の分子模型が描かれ、「幸いにも」の語義と一致しない。対応する語義の画像を確認・差し替える必要がある。 元プロンプトに沿ったPNGへ差し替え、英日解説と実行プロンプトを記録。,prompt_rows_020.csv,解決済み
neutralize.png,neutralize,PNGは玄関を開ける人物を描いているが、無効にする・中和する意味が画像から読み取れない。 修正版PNGを生成し、英日解説と実行プロンプトをCSVへ記録。,prompt_rows_020.csv,解決済み
succinctly.png,succinctly,実画像はDJがミキサーを操作する場面で、保存済みプロンプトの「長い説明を短いメモにまとめる」内容と一致しない。 修正版PNGを生成し、英日解説と実行プロンプトをCSVへ記録。,prompt_rows_020.csv,解決済み
Klan.png,Klan,ImageGenの安全システムが要求を拒否（moderation_blocked、safety_violations=[abuse]）。代替表現での再試行はしていない。,prompt_rows_020.csv,保留
misrepresentation.png,misrepresentation,実画像は男性が花瓶を持つ場面で、保存済みプロンプトが指定する「ひびを隠して出品写真を撮る」状況が描かれていない。 元プロンプトに沿ったPNGへ差し替え、英日解説と実行プロンプトを記録。,prompt_rows_020.csv,解決済み
voluminous.png,voluminous,実画像は多くの陶器を作る多作さを示しており、語義「多作の」は voluminous の代表語義とずれる。,020,要修正
brevity.png,brevity,実画像はろうそくの長さを比べており、語義「短さ」のうち brevity が表す簡潔さ・短さを示していない。,020,要修正
hype.png,hype,第一英語義 publicity と登録プロンプト hypodermic needle が不一致。正しい語義対応に沿う構図へ修正が必要。,024,要修正
fatally.png,fatally,日本語第一語義「致命的に」と第一英語義「in a way determined by fate」が意味上対応しないため、正本語義の確認が必要。,prompt_rows_024.csv,要修正
Berkshire.png,Berkshire,対象語義「バークシャー州」と第一英語義「a breed of ... swine」が別語義で不一致。正本の代表語義確認が必要。,prompt_rows_024.csv,要修正
well-worn.png,well-worn,対象語義「使い古した」と第一英語義「made trite by overuse : hackneyed」に対し、登録プロンプトは物理的に摩耗した靴を描く。語義と構図の対応確認が必要。,prompt_rows_024.csv,要修正
Bremen.png,Bremen,第一英語義は北ドイツの旧公国を指すが、登録プロンプトは現代都市の市庁舎とローラント像を描く。対象範囲の確認が必要。,prompt_rows_024.csv,要修正
overhear.png,overhear,英語語義 eavesdrop（意図的に盗み聞き）と日本語語義・生成プロンプト（偶然耳にする）が不一致。語義を要確認。,024,要確認
hassle.png,hassle,代表語義は長引く口論だが、画像生成プロンプトは配線の手間を表し語義不一致,prompt_rows_024,要確認
plc.png,plc,代表英語語義はpublic limited companyだが、日本語語義と生成プロンプトはホスホリパーゼCを指し不一致。語義IDの対応確認が必要。,prompt_rows_024,要確認
pounce@peuk.png,pounce,代表英語語義はink stopperだが、日本語語義と生成プロンプトは飛びかかる意味で不一致。語義IDの対応確認が必要。,prompt_rows_024,要確認
tyre.png,tyre,代表英語語義は古代フェニキアの都市Tyreだが、日本語語義と生成プロンプトはタイヤを指し不一致。語義IDの対応確認が必要。,prompt_rows_024,要確認
burglar.png,burglar,第一英語語義はhousebreakerだが、登録プロンプトは居住者に対する強盗場面を強調している。侵入窃盗を中心にするプロンプトへ修正が必要。,prompt_rows_024,要確認
Hertz.png,Hertz,第一英語語義は周波数の単位だが、登録プロンプトは同姓の架空人物を描いており意味不一致。単位を表す構図へ修正が必要。,prompt_rows_024,要修正
Nassau.png,Nassau,担当CSVの語義「ナッソー郡」、正本の第一英語義がバハマの都市、プロンプトがニューヨーク州の郡庁舎で一致しない。対象語義確認が必要。,prompt_rows_025,要修正
tat.png,tat,作業CSVの対象語義「軽くたたく」と画像生成プロンプトが、正本の第一語義「a tattoo on a person's skin」と不一致。,025,要修正
buy-in.png,buy-in,作業CSVの対象語義「株の買い付け」とプロンプトが、正本の第一英語義「acceptance of and willingness to actively support and participate in something」と不一致。,025,要修正
testicular.png,testicular,非グラフィックな医学教材画像の初回生成と簡略化した再試行が、ともにsexual安全判定で拒否。画像未生成。,020,安全判定保留
sacral.png,sacral,画像は宗教儀式だが、正本第一語義は仙骨に関する意味で対象語義と不一致。,020,要修正
Macedonian.png,Macedonian,画像とプロンプトはマケドニア人の書店員だが、正本第一英語義は古代マケドニア語。対象語義と不一致。,020,要修正
Appalachian.png,Appalachian,画像は山並みだけだが、正本第一英語義はアパラチア地域の出身者・居住者。対象が不一致。,prompt_rows_021,要修正
Henley.png,Henley,画像は公園でスケッチする人物。正本第一英語義はヘンリーシャツ。対象が不一致。,prompt_rows_021,要修正
peep.png,peep,画像はカーテン越しのぞき見。正本第一英語義はひな鳥の鳴き声。対象が不一致。,prompt_rows_021,要修正
Europa.png,Europa,画像はユーロパ島。正本第一英語義はゼウスにさらわれたフェニキア王女。対象が不一致。,prompt_rows_021,要修正
dispensation.png,dispensation,画像は食料の分配。正本第一英語義は人間社会を規律する啓示的な命令と約束の体系。対象が不一致。,prompt_rows_021,要修正
hangover.png,hangover,画像は二日酔い。正本第一英語義は過去から残存する慣習など。対象が不一致。,prompt_rows_021,要修正
naturalism.png,naturalism,画像は自然主義的な絵画制作。正本第一英語義は自然な欲求・本能だけに基づく行動や思考。対象が不一致。,prompt_rows_021,要修正
Hiroshima.png,Hiroshima,画像は広島型原子爆弾。正本第一英語義は広島市。対象が不一致。,prompt_rows_021,要修正
Rolf.png,Rolf,画像はRolfという人物。正本第一英語義はロルフィングを施術すること。対象が不一致。,prompt_rows_021,要修正
anarchist.png,anarchist,画像は平和の記号を囲んでボードゲームをする人々で、正本第一英語義の反逆者・無政府主義者を表していない。,prompt_rows_021,要修正
chivalry.png,chivalry,画像は騎士が旅人を助ける場面で、正本第一英語義の騎乗した武装兵士と対象が一致しない。,prompt_rows_021,要修正
mortified.png,mortified,画像は不機嫌そうに怒る人物。正本第一英語義は強い羞恥や当惑を感じること。対象が不一致。,prompt_rows_021,要修正
peck.png,peck,画像は鶏が穀物をついばむ場面。正本第一英語義は容量単位（1/4ブッシェル）。対象が不一致。,prompt_rows_021,要修正
poop.png,poop,対象語義・画像は「船尾楼」だが、正本第一英語義は「排便する」。同綴り別語義の識別が必要。,prompt_rows_021,要修正
Celsius.png,Celsius,正本第一日本語語義「セ氏」とCSVの対象語義「セ氏温度計」が一致しないため、対象語義を要確認。,prompt_rows_021,要確認
Magdalene.png,Magdalene,画像は花を生ける女性。正本第一英語義は性行為を対価にする女性を指し、対象が不一致。,prompt_rows_021,要修正
barbaric.png,barbaric,画像は食卓での粗雑な振る舞い。正本第一英語義は他集団から異質・劣等と見なされる人々に関する語義で、対象が不一致。,prompt_rows_021,要修正
quill.png,quill,対象語義・草稿プロンプトは羽軸だが、正本第一英語義は緯糸を巻くボビン。第一語義が不一致。,prompt_rows_026,要修正
Manchu.png,Manchu,草稿と対象画像は満州宮殿の建築だが、正本第一英語義は満州人。語義と対象が不一致。,prompt_rows_026,要修正
grinder.png,grinder,担当CSVの対象語義は「グラインダー」だが正本の第一英語義は molar。画像案の機械式グラインダーと語義が一致しないため、正本の語義・正式な対象を要確認。,prompt_rows_026,要確認
palladium.png,palladium,担当CSVの対象語義・画像案は金属元素だが、正本の第一英語義はトロイアの安全を守るとされた女神像。第一語義と採用対象を要確認。,prompt_rows_026,要確認
recliner.png,recliner,正本の第一英語義は調節式背もたれ・足置き付き椅子だが、担当CSVの対象語義・画像案は寄り掛かる人。第一語義の一致を要確認。,prompt_rows_026,要確認
robin.png,robin,正本の第一英語義は北米コマツグミだが、担当CSVの対象語義・画像案はヨーロッパコマドリ。対象種の一致を要確認。,prompt_rows_026,要確認
biker.png,biker,正本の第一英語義「someone who rides a bicycle : bicyclist」と対象語義「バイクに乗る人」が整合しない。正本側の語義組を確認するまで生成保留。,026,要確認
catholic.png,catholic,正本の第一英語義「universal」と対象語義「カトリック教会の」が整合しない。正本側の語義組を確認するまで生成保留。,026,要確認
eponymous.png,eponymous,正本の第一英語義「titular」と対象語義「名祖の」が整合しない。正本側の語義組を確認するまで生成保留。,026,要確認
jot.png,jot,正本の第一英語義「the least bit : iota」と対象語義「手早く書き留める」が整合しない。第一英語義を確認するまで生成保留。,026,要確認
reversion.png,reversion,正本の第一英語義「the part of a simple estate remaining in the control of its owner after the owner has granted therefrom a lesser particular estate」と対象語義「復帰」が整合しない。第一語義を確認するまで生成保留。,026,要確認
ruinous.png,ruinous,"正本の第一英語義「dilapidated, ruined」と対象語義「甚大なダメージを与える」の語義対応が要確認。第一語義を照合するまで生成保留。",026,要確認
POS.png,POS,正本の第一英語義「position」と対象語義「経口の」が一致しない。正本側の語義組を確認するまで生成保留。,026,要確認
cracker.png,cracker,対象語義「かんしゃく玉」と正本の第一英語義「a bragging liar : boaster」が一致しない。語義確認後に再開。,026,要確認
snag.png,snag,対象語義「沈み木」と正本の第一英語義「a concealed or unexpected difficulty or obstacle」が一致しない。正本の語義対応を確認後に再開。,026,要確認
Hyman.png,Hyman,正本には固有名詞「Hyman／ハイマン」以外の語義・人物情報がなく、現行案のバイオリン修理職は根拠がない。描写対象を確認後に再開。,026,要確認
Roxanne.png,Roxanne,正本には人名「Roxanne／ロクサーヌ」以外の人物情報がなく、現行案の容姿や花を飾る場面に根拠がない。描写対象を確認後に再開。,026,要確認
Cesar.png,Cesar,正本には人名「Cesar／シーザー」以外の人物情報がなく、現行案の木工職と鳥小屋作りに根拠がない。描写対象を確認後に再開。,026,要確認
dampen.png,dampen,日本語の第一語義「湿らせる」と英語の第一語義「勢いや活動を弱める」が一致しないため、語義確認まで画像生成を保留,prompt_rows_026,保留
goosebumps.png,goosebumps,日本語語義欄は作品名の説明だが、英語第一語義は寒さ・恐怖などで皮膚に生じる鳥肌を指し、意味が一致しない。原本確認まで画像生成を保留,prompt_rows_026,保留
physicality.png,physicality,日本語語義「身体的な特徴」と英語第一語義「精神・精神性・社会性より身体面を重視する傾向」が一致しない。正本確認まで画像生成を保留,prompt_rows_026,保留
cardinality.png,cardinality,対象語義「濃度」と第一英語義「集合の要素数」が不一致。正本で語義を確認・修正するまで画像生成保留。,026,要確認
frosted.png,frosted,対象語義「霜でおおわれた」と辞書原本第一英語語義 “coated or decorated with icing” が不一致。原本要確認。,026,要確認
three-way.png,three-way,対象語義「3方向」と原本第一英語語義 “involving three people or groups” が不一致。語義確認が必要。,026,要確認
unaccustomed.png,unaccustomed,対象語義「不慣れな」と原本第一英語語義 “not customary : not usual or common” が不一致。語義確認が必要。,026,要確認
clam.png,clam,"日本語対象語義「ハマグリ」と第一英語義「clamp, clasp」が一致しない。原本の語義確認が必要。",prompt_rows_026,要確認
shrapnel.png,shrapnel,CSVの対象語義と正本の第一英語義が一致せず、第一語義の選定が必要。発見バッチ prompt_rows_026。,prompt_rows_026,要確認
cleanly.png,cleanly,CSVの日本語対象語義と正本の第一英語義で品詞・意味が一致せず、第一語義の選定が必要。発見バッチ prompt_rows_026。,prompt_rows_026,要確認
vulva.png,vulva,画像生成が出力段階で安全判定（sexual category）により拒否され、PNG未生成。,026,要確認
storied.png,storied,対象語義「物語で名高い」と正本第一英語義「物語や歴史を表す図柄で飾られた」が意味不一致。原本の語義対応を確認後に再開。,prompt_rows_026,要確認
chargeable.png,chargeable,対象語義「支払われるべきで」と正本第一英語義「financially burdensome : expensive」が意味不一致。原本の語義対応を確認後に再開。,prompt_rows_026,要確認
subculture.png,subculture,草稿はスケートボード文化だが正本第一英語語義は別の培養から派生した培養で不一致。どの語義を対象にするか要確認。,026,要確認
telltale.png,telltale,対象語義は暴露する人だが正本第一英語語義は外に現れる兆候で意味不一致。どの語義にするか要確認。,026,要確認
Balaam.png,Balaam,対象語義は埋め草だが正本第一英語語義は旧約聖書の預言者。意味不一致のため要確認。,026,要確認
footman.png,footman,対象語義「従僕」と正本第一英語義「a traveler on foot : pedestrian」が一致しない。意味を確定するまで保留。,prompt_rows_021,要確認
deep-seated.png,deep-seated,対象の「深い座り心地」と正本第一英語義「situated far below the surface」が一致しない。語義を確認するまで保留。,prompt_rows_022,要確認
Corinthian.png,Corinthian,正本第一英語義はコリントの住民を指すが、対象語義と画像はコリント式建築の柱頭を示しており不一致。,prompt_rows_023,要確認
McFarland.png,McFarland,正本の第一英語義が空欄で、固有名詞と既存画像の人物との対応を確認できない。,prompt_rows_023,要確認
finesse.png,finesse,"対象語義「策略」と正本第一英語義「refinement or delicacy of workmanship, structure, or texture」が不一致。語義確認まで生成を保留。",prompt_rows_027,要確認
unkind.png,unkind,担当CSVの対象語義「不親切な」と正本第一語義「not pleasing or mild : inclement」が不一致。正本の語義順・識別を要確認。,020,要確認
gutter.png,gutter,対象語義の道路脇の側溝と正本第一語義の軒先の雨樋が不一致。語義識別・順序を要確認。,020,要確認
Brit.png,Brit,対象語義「英国人」と現在の第一英語義「minute marine animals (such as copepods) on which right whales feed」が不一致。現在の画像も英国人を描くため、語義確認まで採用保留。,prompt_rows_020,要確認
constancy.png,constancy,語義の対応が不一致。日本語第一義「不変」と画像は一定した水位を示す一方、第一英語義は「steadfastness of mind under duress : fortitude」。,prompt_rows_020,要確認
overrun.png,overrun,対象語義・画像は「費用が上回る」だが、現在の第一英語義は「to defeat decisively and occupy the positions of」。語義対応の確認が必要。,prompt_rows_020,要確認
racy.png,racy,対象語義・画像は「際どい／性的にきわどい」だが、現在の第一英語義は「full of zest or vigor」。代表語義の対応確認が必要。,prompt_rows_020,要確認
Coventry.png,Coventry,対象語義「コベントリ」と画像は都市名だが、現在の第一英語義は「a state of ostracism or exclusion」。代表語義の確認が必要。,prompt_rows_020,要確認
cynicism.png,cynicism,画像は皮肉を込めた贈り物の場面だが、正本の第一英語義は「the doctrine of the Cynics」で、語義が一致しない。,prompt_rows_020,要確認
non-invasive.png,non-invasive,画像は超音波検査を描くが、正本の第一英語義は「not tending to spread; specifically: not tending to infiltrate and destroy healthy tissue」で、検査手技の語義と一致するか要確認。,prompt_rows_020,要確認
princely.png,princely,画像は豊作の野菜を差し出す場面だが、正本の第一英語義は「of or relating to a prince: royal」で、「かなりの、相当な」と対応せず要確認。,prompt_rows_020,要確認
tributary.png,tributary,画像は本流から海へ枝分かれする河口の分流（distributary）に見え、正本第一英語義「feeder stream」の支流と向きが逆。,prompt_rows_020,要確認
Benin.png,Benin,画像はベナン共和国の地図だが、正本第一英語義はナイジェリア南部のベニン川を指すため、対象の同綴り語義を要確認。,prompt_rows_020,要確認
programmatic.png,programmatic,対象語義・画像は計画立案を表すが、正本の第一英語義は「relating to program music」で不一致。,prompt_rows_020,要確認
sigmoid.png,sigmoid,対象語義・画像はS状結腸を表すが、正本の第一英語義は「curved like the letter C」で不一致。,prompt_rows_020,要確認
cf.png,cf,対象語義は「比較せよ」だが、正本の第一英語義が「calf」で意味が不一致。,prompt_rows_020,要確認
crispy.png,crispy,対象語義は「二日酔い」だが、正本の第一英語義が「appealingly crunchy : crisp」で意味が不一致。,prompt_rows_020,要確認
homely.png,homely,対象語義「美しくない」と正本第一英語義「suggestive or characteristic of a place of residence or home」が不一致。,prompt_rows_021,要確認
Anastasia.png,Anastasia,日本語対象語義は人名「アナスタシア」だが、正本の第一英語義は「resurrection」。画像は読書中の女性で意味が一致しない。,prompt_rows_021,要確認
bourbon.png,bourbon,画像はバーボン酒だが、正本の第一英語義は「member of a French family founded in 1272」。同綴り語義の対応を要確認。,prompt_rows_021,要確認
disorderly.png,disorderly,対象語義は「散らかった」だが、正本の第一英語義は「engaged in conduct offensive to public order」。語義が不一致。,prompt_rows_021,要確認
dope.png,dope,対象語義・画像は麻薬（大麻）だが、正本の第一英語義は「a stupid person」。同綴り語義の対応を要確認。,prompt_rows_021,要確認
a@kap.png,a@kap,日本語の対象語義「持つ」と、語義参照の第一英語義「one」が一致せず、絵だけでは正確な語義を確定できない。,prompt_rows_022確認時,要確認
all-time.png,all-time,日本語の対象語義「これまでで最も〜な」と、語義参照の第一英語義「full-time」が一致しない。,prompt_rows_022確認時,要確認
unqualified.png,unqualified,日本語の対象語義「制限のない」と、語義参照の第一英語義「not fit : not having requisite qualifications」が一致しない。現画像も無条件の支援を描き、語義を確定できない。,prompt_rows_022確認時,要確認
consecration.png,consecration,日本語の対象語義「献身」と、語義参照の第一英語義「the act or ceremony of consecrating」が一致しない。画像も動物の世話を描き、聖別の儀式とは異なる。,prompt_rows_022確認時,要確認
muck.png,muck,日本語の対象語義「泥」と、語義参照の第一英語義「soft moist farmyard manure」が一致しない。現画像は泥土で、肥料の語義を表さない。,prompt_rows_022確認時,要確認
commonality.png,commonality,日本語の対象語義「共有していること」と、語義参照の第一英語義「the common people」が一致しない。現画像は同じ本を持つ人々を描いている。,prompt_rows_022確認時,要確認
slug.png,slug,日本語の対象語義「ナメクジ」と、語義参照の第一英語義「sluggard」が一致しない。画像はナメクジとして修正したが、見出し語の語義対応確認まで解説・検品合格を保留。,prompt_rows_022確認時,要確認
Atlantis.png,Atlantis,第一英語義は「大西洋の伝説上の島」だが、日本語対象語義と現画像はスペースシャトルAtlantis号を示しており、英日語義が一致しない。,prompt_rows_022確認時,要確認
siding.png,siding,対象語義「側線」と正本第一英語義「the taking of sides : partisanship」が不一致。正本の確認が必要。,prompt_rows_022,要確認
Derry.png,Derry,第一語義はニューハンプシャー州の都市だが、画像は田園の家屋で都市の場面と一致しない。,prompt_rows_022,要確認
fucker.png,fucker,第一語義は侮蔑語としての人を指すが、画像の人物場面が語義を表していない。,prompt_rows_022,要確認
genitalia.png,genitalia,第一語義は主に外性器を指すが、画像は子宮を中心とする内部の生殖器官を描いている。,prompt_rows_022,要確認
lashing.png,lashing,第一語義は結束・固定用のひも等だが、画像は人物をむち打つ場面になっている。,prompt_rows_022,要確認
deafness.png,deafness,画像では会話する子どもが描かれているが、難聴を示す視覚的手掛かりがなく、語義との対応を確認できない。,prompt_rows_022,要確認
politic.png,politic,画像は食卓で意見を交わす子どもたちだが、思慮深さ・慎重さを示す行動が読み取れない。,prompt_rows_022,要確認
pop-up.png,pop-up,画像は飛び出す本だが、正本第一英語義は野球のポップフライ。第一語義に合う画像へ修正が必要。,prompt_rows_022,要確認
recapture.png,recapture,画像は旅の思い出を想起する場面だが、正本第一英語義は「再奪取・奪還」。英語第一語義と対象語義の対応確認が必要。,prompt_rows_022,要確認
unfaithful.png,unfaithful,画像は封筒を手渡す人物を描いているが、不誠実さや不貞を示す手掛かりがないため、語義と場面の対応を確認する。,prompt_rows_022,要確認
comforter.png,comforter,対象語義は「聖霊」だが、画像は子ども同士が慰め合う場面で、語義と一致しない。,prompt_rows_023,要確認
philosophic.png,philosophic,画像は子どもを励ます場面だが、対象語義の「悟り切った・淡々たる」姿勢を示していない。,prompt_rows_023,要確認
stuffy.png,stuffy,"対象語義の日本語「息苦しい」と正本第一英語義「ill-natured, ill-humored」が不一致。画像も密閉した部屋を描いているため、語義対応の確認が必要。",prompt_rows_023,要確認
Nazism.png,Nazism,画像はナチス関係者の集会を描くが、ナチ主義の政治・経済思想を学習的に示さず、賛美とも誤読され得るため差し替えが必要。,prompt_rows_023,要確認
ferment.png,ferment,対象語義は発酵だが、画像は発酵過程や発酵食品を示さず、炊いた穀物の器に見える。,prompt_rows_023,要確認
lapsed.png,lapsed,対象語義は実践・会員資格・信仰をやめた状態だが、画像は人物が机で金品を扱うだけで、意味を示していない。,prompt_rows_023,要確認
Saskatchewan.png,Saskatchewan,対象語義は「サスカチュワン州」だが、正本第一英語義はカナダ中南部を流れる川。地名の対応確認が必要。,prompt_rows_023,要確認
drab.png,drab,画像は面談中の二人だが、対象語義の「売春婦」を示す場面や手掛かりがない。,prompt_rows_023,要確認
incest.png,incest,画像は家族構成図を示すが、近親相姦や近親交配を表す関係が確認できない。,prompt_rows_023,要確認
sod.png,sod,画像は洗濯機からあふれる洗剤の泡を描いているが、対象語義は芝地・芝土のsod。別の綴りの意味になっている。,prompt_rows_023,要確認
Tripoli.png,Tripoli,対象語義「トリポリ」と正本第一英語義「珪質の柔らかい堆積土」が別の語義を指している。画像も地理的な地図で、語義の対応確認が必要。,prompt_rows_023,要確認
heretical.png,heretical,画像は子どもたちの宗教画制作だが、教会の教義に反する考えや異端性を示す手掛かりがない。,prompt_rows_023,要確認
inscrutable.png,inscrutable,二人が会話に困っている様子だが、対象語義の「不可解・神秘的」な性質を示す特徴が画像にない。,prompt_rows_023,要確認
troll.png,troll,画像は流し釣りをする人を描いているが、正本第一英語義は北欧伝承の洞窟・丘に住む怪物。対象語義と英語の照合が必要。,prompt_rows_023,要確認
baton.png,baton,画像は指揮者の指揮棒だが、正本第一英語義は警棒・棍棒。対象語義との不一致を解消する必要がある。,prompt_rows_023,要確認
childless.png,childless,画像には子どもたちの写真が飾られ、対象語義「子どものいない」と矛盾している。,prompt_rows_023,要確認
Attic.png,Attic,正本第一英語義は古典建築の主階上部の低い壁・階層だが、対象語義は「アッティカの」。画像はアッティカ地方の古典建築であり、語義対応を確認する必要がある。,prompt_rows_023,要確認
Shiloh.png,Shiloh,対象語義はテネシー州南西部の特定の地域名だが、画像は場所を特定できない一般的な丸太小屋。,prompt_rows_023,要確認
consummation.png,consummation,画像は橋の組み立てを完成させる場面だが、正本第一英語義は特に婚姻の成就。対象語義と第一義が異なる。,prompt_rows_023,要確認
haemorrhage.png,haemorrhage,画像は医療従事者が採血する場面で、出血・大量出血を表す画像ではない。,prompt_rows_023,要確認
illogical.png,illogical,画像は植木鉢をめぐる子どもたちの場面だが、非論理性を示す根拠が読み取れない。,prompt_rows_023,要確認
inquest.png,inquest,画像はこぼれた水を片付ける場面で、公的な審問・検視を示していない。,prompt_rows_023,要確認
insular.png,insular,画像は地理的な島だが、正本第一英語義は新しい考えや他文化に閉じていること。語義と絵が不一致。,prompt_rows_023,要確認
rickety.png,rickety,画像はぐらつく椅子を示すが、正本第一英語義はくる病にかかった状態。日英語義との対応確認が必要。,prompt_rows_023,要確認
tithe.png,tithe,画像はリンゴを一つ取り分ける場面だが、正本第一英語義は教会への十分の一税。徴収や献納の手掛かりがない。,prompt_rows_023,要確認
Barbie.png,Barbie,画像はバービー人形だが、対象語義の「バーベキュー」と一致しない。,prompt_rows_023,要確認
comeback.png,comeback,画像は競走の場面で、対象語義の「復帰」と第一英語義の「機知に富んだ返答」のどちらも示していない。,prompt_rows_023,要確認
freer.png,freer,画像は博物館で像を眺める場面に見え、誰かを解放する人・物を自由にする場面ではない。,prompt_rows_023,要確認
indentation.png,indentation,画像は布にギザギザの切れ込みを作る場面だが、正本第一英語義は字下げで生じる空白。日英語義の対応確認が必要。,prompt_rows_023,要確認
takeaway.png,takeaway,画像は持ち帰り用の食事だが、正本第一英語義は提示された事実から得る結論・要点。語義が一致しない。,prompt_rows_023,要確認
Bethesda.png,Bethesda,画像は一般的な街路で、メリーランド州のベセスダを示す地理的手掛かりがない。,prompt_rows_023,要確認
Iroquois.png,Iroquois,画像は川とカヌーを描くが、正本第一英語義はニューヨーク州先住民のイロコイ連合。対象語義との不一致。,prompt_rows_023,要確認
barbarism.png,barbarism,画像は整った庭園と噴水で、正本第一英語義の野蛮・未開状態を示していない。,prompt_rows_023,要確認
neckline.png,neckline,画像は後頭部の髪の生え際を示すが、対象語義は衣服の首回り。英語第一義と日本語対象語義の対応も確認が必要。,prompt_rows_023,要確認
Chesapeake.png,Chesapeake,対象語義はバージニア州南東部のチェサピーク市だが、画像は一般的な運河・水辺の風景で地名を示す手掛かりがない。,prompt_rows_023,要確認
cert.png,cert,画像は果物を持つ場面で、対象語義の証明・確実性・本命馬のいずれも示していない。,prompt_rows_023,要確認
chuck.png,chuck,画像は旋盤の部品であるチャックだが、正本第一英語義は「投げる」。同綴り別語の語義対応を確認する必要がある。,prompt_rows_023,要確認
ea.png,ea,"Image depicts the Mesopotamian deity Ea, but the source row maps lowercase ea to “each” (Japanese: エア). Confirm the intended headword/sense mapping before captioning.",024,要確認
sensibly.png,sensibly,"The source target is Japanese “目立って” (noticeably), while the illustration and caption show sensible candle-lighting. Confirm the intended sense before captioning.",024,要確認
elaborately.png,elaborately,"The source target is Japanese “わざとらしく,” while the illustration shows careful, detailed decorating. Confirm the intended sense before captioning.",024,要確認
hind@ko.png,hind,担当CSVでは対象語義が「後ろの」ですが、第一英語義は “farm laborer” です。語義ID・同綴り異義語の対応を確認する必要があります。,024,要確認
scape.png,scape,担当CSVでは対象語義が「花茎」ですが、第一英語義は “escape” です。語義ID・見出し対応を確認する必要があります。,024,要確認
minimalist.png,minimalist,担当CSVの第一英語義は政治組織・目標を最小限にする立場ですが、登録プロンプトは持ち物を減らす生活様式です。第一語義と一致する構図の確認が必要です。,025,要確認
partiality.png,partiality,日本語対象語義は「部分的であること」ですが、公式作業一覧の第一英語義は “bias” です。登録プロンプトの未完成パズルは第一英語義に合わず、正確な語義対応の確認が必要です。,025,要確認
brag.png,brag,日本語の対象語義は動詞「自慢する」だが、正本の第一英語義は名詞 “a pompous or boastful statement”。品詞・意味の不一致を正本確認するまで生成保留。,025,要確認
cesarean.png,cesarean,日本語対象語義「シーザーの、ローマ皇帝の」と第一英語義 “cesarean section” の意味対応が不一致。正本確認まで生成保留。,025,要確認
nigga.png,nigga,日本語対象語義「おまえ」と第一英語義の空欄では、見出し語の語用と侮蔑性を記録できず、親しい呼びかけとして扱うと意味を誤る。辞書原本確認まで生成保留。,025,要確認
pocket.png,pocket,生成サービスの安全ブロック。request_id=c2fb2cd1-2b48-4150-92a8-f80f1160d960。,prompt_rows_029,保留
potted.png,potted,"担当CSVの対象語義は「鉢植えの」だが、正本第一英語義は “preserved in a pot, jar, or can”。語義対応を確認するまで画像生成と解説を保留。",prompt_rows_025,要確認
sunscreen.png,sunscreen,正本ワークリストにP1再確認および承認済み語義・英訳・画像対応の変更警告あり。作業開始時との差分と採用語義を確認するまで生成保留。,prompt_rows_025,要確認
Sumerian.png,Sumerian,担当対象語義「シュメールの」は形容詞だが、正本第一英語義 “a native of Sumer” は名詞。品詞・語義対応を確定するまで画像生成を保留。,prompt_rows_025,解決済み
beep.png,beep,担当対象語義「ビープ音」は名詞だが、正本第一英語義 “to cause to sound” は動詞。語義と品詞を確認するまで画像生成を保留。,prompt_rows_025,解決済み
hurling.png,hurling,担当CSVの対象語義「投げること」と正本の英語第一語義（Irish game resembling field hockey）が不一致。語義の確認が必要。,prompt_rows_025,要確認
paltry.png,paltry,"正本の日本語語義「わずかばかりの」と英語第一語義「inferior, trashy」が不一致。対象語義の確認が必要。",prompt_rows_025,要確認
blackout.png,blackout,担当CSVの日本語語義は停電だが、正本の第一英語義は舞台照明を消す意味で不一致,prompt_rows_025,要確認
broiler.png,broiler,日本語第一語義「若鶏」と英語第一語義 one that broils の対応が未判定。正本作業一覧も語義候補の選択をP2要検討としているため、対象語義を確定してから画像生成が必要。,prompt_rows_025.csv,要確認
clout.png,clout,正本の日本語第一語義「殴る」と英語第一語義「a piece of cloth or leather : rag」が品詞・意味で不一致。対象語義の確認が必要。 Cambridgeは動詞用法として強く打つ意味を記載。正本側で語義ペアを確定してから制作する。,prompt_rows_025.csv,要確認
limousine.png,limousine,正本の第一英語義（運転手付き高級セダン）と第一日本語義・担当プロンプト（リムジンバス）が不一致,prompt_rows_025,要確認
mace.png,mace,正本の第一日本語義・担当プロンプト（儀礼用の笏）と第一英語義（ナツメグの外皮から作る香辛料）が不一致。正本確認まで生成保留。,prompt_rows_025,要確認
rec.png,rec,正本の第一日本語義はレクリエーション・娯楽、第一英語義はreceivedで一致しない。担当プロンプトはレクリエーションの場面のため、正本確認まで生成保留。,prompt_rows_025,要確認
Hunan.png,Hunan,正本の第一日本語義は湖南省だが、第一英語義は湖南料理を指し不一致。担当プロンプトは湖南省の地形を描くため、正本確認まで生成保留。,prompt_rows_025,要確認
Tonga.png,Tonga,対象語義「トンガ」と正本第一英語義（インドで使う一頭立て二輪馬車）が不一致。正本確認が必要。,prompt_rows_025,保留
ashen.png,ashen,対象語義「灰の」と正本第一英語義「pale」の対応が曖昧で、第一語義の確認が必要。,prompt_rows_025,解決済み
gratuitous.png,gratuitous,担当CSVの対象語義「無料の」および場面案「無料提供」が、作業一覧・第一英語義 “unnecessary” と不一致。正本側で語義対応を確認するまで生成保留。,prompt_rows_025,要確認
toolbar.png,toolbar,担当CSVの対象語義は「ツールバー」だが、作業一覧の第一英語義は taskbar。関連するが別のUI要素のため、辞書原本の代表語義を確認するまで生成保留。,prompt_rows_025,要確認
far-fetched.png,far-fetched,担当CSVの対象語義は「ありそうもない」だが、作業一覧の第一英語義は brought from a remote time or place。意味が一致しないため、辞書原本の代表語義を確認するまで生成保留。,prompt_rows_025,要確認
spectre.png,spectre,作業一覧と担当CSVの第一英語義が空欄で、第一語義の英語内容を確定できない。日本語対象語義「幽霊」はあるが、英語義を推測せず原本確認まで生成保留。,prompt_rows_025,要確認
Akkadian.png,Akkadian,担当CSVの対象語義は「アッカド人」だが、作業一覧の第一英語義は古代メソポタミアの消滅したセム語。意味の確認が必要なため生成保留。,prompt_rows_025,要確認
outage.png,outage,担当CSVの対象語義「供給停止」と正本の第一英語義「輸送・保管中の物資の損失」が不一致。正本の語義対応を確認するまで生成保留。,prompt_rows_027,要確認
self-centered.png,self-centered,正本の第一日本語義「自己中心的な」と第一英語義「independent of outside force or influence : self-sufficient」が一致しない,prompt_rows_027,要確認
cranky.png,cranky,日本語第一語義「風変わりな」と英語第一語義（怒りっぽく不機嫌な）が一致しない。,prompt_rows_027,要確認
workhouse.png,workhouse,担当CSVの第一日本語義「矯正院」と正本の第一英語義「poorhouse」が一致しない。どちらかへ自動補正せず、語義確認まで画像生成を保留。,027,要確認
condescension.png,condescension,日本語第一語義「へりくだり、謙遜」と正本の英語第一語義 “patronizing attitude or behavior” が不一致。代表語義を確認するまで生成保留。,027,要確認
scrotum.png,scrotum,非性的な解剖学教材の依頼が画像生成の安全判定（sexual）で拒否されたため、再試行せず要確認。,prompt_rows_027,要確認
Moll.png,Moll,画像案は一般的な女性像だが、正本第一英語義は有償の性労働を指し、語義と画像案が一致しない。語義と安全な表現を確認するまで生成を保留。,prompt_rows_027,要確認
amp.png,amp,対象語義はアデノシン一リン酸だが、正本の第一英語義は ampere。単語の別語義と対象画像が食い違うため、語義IDを確認するまで生成を保留。,prompt_rows_027,要確認
combo.png,combo,対象語義は食事の組み合わせだが、正本第一英語義はジャズまたはダンスの小編成バンド。別語義を対象にしているため、語義IDを確認するまで生成を保留。,prompt_rows_027,要確認
ferret@bher1.png,ferret,正本第一英語義「searcher」と画像案の対象「フェレット（動物）」が一致しない。語義IDとファイル割当を確認するまで要確認。,prompt_rows_027,要確認
inbox.png,inbox,対象語義は「メッセージを送る」だが、正本第一英語義は受信した社内郵便を入れる箱・トレイ。別語義の不一致があるため語義ID確認まで生成を保留。,prompt_rows_027,要確認
antimony.png,antimony,日本語は元素アンチモン、第一英語義は輝安鉱stibnite。正本の語義整合確認待ち,prompt_rows_027画像生成引継ぎ時,未解決
backlog.png,backlog,日本語は未処理分、第一英語義は炉の奥の薪。正本の語義整合確認待ち,prompt_rows_027画像生成引継ぎ時,未解決
caster.png,caster,プロンプトは車輪、日本語はキャスター、第一英語義は鋳造する人・機械。正本の語義整合確認待ち,prompt_rows_027画像生成引継ぎ時,未解決
catfish.png,catfish,日本語はキャットフィッシングの動詞、第一英語義は魚。正本の語義整合確認待ち,prompt_rows_027画像生成引継ぎ時,未解決
comp.png,comp,日本語はタンパク質、第一英語義は無料券。正本の語義整合確認待ち,prompt_rows_027画像生成引継ぎ時,未解決
monstrosity.png,monstrosity,日本語は巨大なもの、第一英語義は動植物の奇形。正本の語義整合確認待ち,prompt_rows_027画像生成引継ぎ時,未解決
gusto.png,gusto,日本語は嗜好、第一英語義は熱意。正本の語義整合確認待ち,prompt_rows_027画像生成引継ぎ時,未解決
layman.png,layman,日本語は素人、第一英語義は非聖職者。正本の語義整合確認待ち,prompt_rows_027画像生成引継ぎ時,未解決
Sphinx.png,Sphinx,日本語とプロンプトは像、第一英語義はギリシャ神話の翼ある女性怪物。正本の語義整合確認待ち,prompt_rows_027画像生成引継ぎ時,未解決
bilinear.png,bilinear,日本語は2本の線、第一英語義は二変数それぞれについて線形。正本の語義整合確認待ち,prompt_rows_027画像生成引継ぎ時,未解決
faceless.png,faceless,日本語は顔のない、第一英語義は個性に乏しい。正本の語義整合確認待ち,prompt_rows_027画像生成引継ぎ時,未解決
fingering.png,fingering,日本語とプロンプトは指いじり、第一英語義は楽器の運指。正本の語義整合確認待ち,prompt_rows_027画像生成引継ぎ時,未解決
relatable.png,relatable,日本語は話すことのできる、第一英語義は因果・論理的に関連付けられる。正本の語義整合確認待ち,prompt_rows_027画像生成引継ぎ時,未解決
brainstorm.png,brainstorm,日本語は突然の妙案、第一英語義は集団で案を出す動詞。正本の語義整合確認待ち,prompt_rows_027画像生成引継ぎ時,未解決
candor.png,candor,日本語は公平無私、第一英語義は正直さ。正本の語義整合確認待ち,prompt_rows_027画像生成引継ぎ時,未解決
cavalier.png,cavalier,日本語は紳士、第一英語義は尊大で軽んじる態度。正本の語義整合確認待ち,prompt_rows_027画像生成引継ぎ時,未解決
noodle.png,noodle,日本語はヌードル、第一英語義は愚かな人。正本の語義整合確認待ち,prompt_rows_027画像生成引継ぎ時,未解決
retainer.png,retainer,日本語とプロンプトは物を保持する人、第一英語義は家に仕える家臣・使用人。正本の語義整合確認待ち,prompt_rows_027画像生成引継ぎ時,未解決
raving.png,raving,日本語と構図は荒れ狂う形容詞、第一英語義は支離滅裂な発言の名詞。正本の語義整合確認待ち,prompt_rows_027画像生成引継ぎ時,未解決
townhouse.png,townhouse,日本語と構図は町の別邸、第一英語義は共通側壁で連なる住宅。正本の語義整合確認待ち,prompt_rows_027画像生成引継ぎ時,未解決
multifactorial.png,multifactorial,構図は植物の環境条件、日本語は多因子の、第一英語義は複数の遺伝子と環境による遺伝。正本の語義整合確認待ち,prompt_rows_027画像生成引継ぎ時,未解決
regionalism.png,regionalism,日本語と構図は地方分権、第一英語義は地域への意識と忠誠。正本の語義整合確認待ち,prompt_rows_027画像生成引継ぎ時,未解決
quizzical.png,quizzical,日本語と構図は怪訝な表情、第一英語義は滑稽で風変わりな。正本の語義整合確認待ち,prompt_rows_027画像生成引継ぎ時,未解決
playlist.png,playlist,日本語と構図はニュース等を含む放送予定表、第一英語義は音楽のリスト。正本の語義整合確認待ち,prompt_rows_027画像生成引継ぎ時,未解決
prehistory.png,prehistory,日本語と構図は先史時代の生活、第一英語義は先史人類の研究。正本の語義整合確認待ち,prompt_rows_027画像生成引継ぎ時,未解決
misalignment.png,misalignment,日本語と構図は照準を外して矢が的に当たらないこと、第一英語義は位置や調整が正しく揃っていないこと。正本の語義整合確認待ち,prompt_rows_027画像生成引継ぎ時,未解決
labia.png,labia,画像生成ツールの安全判定で入力拒否（moderation_blocked、request ID fd1063c7-0b7a-43d3-8554-418dbfb1c90b）,prompt_rows_027画像生成引継ぎ時,未解決
