glyph_id,modern_char,unicode,char_form,encoding_status,pinyin,identity_confidence,identity_note,composition_note,n_source_variants,pua_legacy,previous_label_v0_2
1,一,4E00,in_simplified_set,unicode_encoded,yi,high,,,4,,一
2,元,5143,in_simplified_set,unicode_encoded,yuan,high,,,4,,元
3,天,5929,in_simplified_set,unicode_encoded,tian,high,,,4,,天
4,吏,540F,in_simplified_set,unicode_encoded,li,high,,,4,,吏
5,上,4E0A,in_simplified_set,unicode_encoded,shang,high,,,4,,上
6,帝,5E1D,in_simplified_set,unicode_encoded,di,high,,,4,,帝
7,旁,65C1,in_simplified_set,unicode_encoded,pang,high,,,4,,旁
8,下,4E0B,in_simplified_set,unicode_encoded,xia,high,,,4,,下
9,示,793A,in_simplified_set,unicode_encoded,shi,high,,,4,,示
10,祜,795C,in_simplified_set,unicode_encoded,hu,high,,,3,,祜
11,禮,79AE,in_simplified_set,unicode_encoded,li,high,,,2,,禮
12,禄,7984,in_simplified_set,unicode_encoded,lu,high,,,4,,禄
13,祥,7965,in_simplified_set,unicode_encoded,xiang,high,,,4,,祥
14,祉,7949,in_simplified_set,unicode_encoded,zhi,high,,,1,,祉
15,福,798F,in_simplified_set,unicode_encoded,fu,high,,,4,,福
16,祐,7950,in_simplified_set,unicode_encoded,you,high,,,4,,祐
17,祭,796D,in_simplified_set,unicode_encoded,ji,high,,,4,,祭
18,祀,7940,in_simplified_set,unicode_encoded,si,high,,,4,,祀
19,祖,7956,in_simplified_set,unicode_encoded,zu,high,,,4,,祖
20,祏,794F,in_simplified_set,unicode_encoded,shi,high,,,4,,祏
21,祠,7960,in_simplified_set,unicode_encoded,ci,high,,,2,,祠
22,禘,7998,in_simplified_set,unicode_encoded,di,high,,,2,,禘
23,祝,795D,in_simplified_set,unicode_encoded,zhu,high,,,4,,祝
24,祓,7953,traditional_or_variant,unicode_encoded,fu,high,,,2,,ba
25,祈,7948,in_simplified_set,unicode_encoded,qi,high,,,4,,祈
26,禦,79A6,traditional_or_variant,unicode_encoded,yu,high,"author rules that the form recorded in the source hand copy takes precedence; the v0.2 label 籞 is superseded by 禦 [author determination, 2026-08-10]",,3,,籞
27,禍,798D,in_simplified_set,unicode_encoded,huo,high,,,4,,禍
28,祟,795F,in_simplified_set,unicode_encoded,sui,high,,,4,,祟
29,禫,79AB,in_simplified_set,unicode_encoded,dan,high,,,1,,禫
30,三,4E09,in_simplified_set,unicode_encoded,san,high,,,4,,三
31,王,738B,in_simplified_set,unicode_encoded,wang,high,,,4,,王
32,玉,7389,in_simplified_set,unicode_encoded,yu,high,,,4,,玉
33,玨,73A8,in_simplified_set,unicode_encoded,jue,high,,,4,,玨
34,氣,6C23,in_simplified_set,unicode_encoded,qi,high,,,4,,氣
35,中,4E2D,in_simplified_set,unicode_encoded,zhong,high,,,4,,中
36,屮,5C6E,in_simplified_set,unicode_encoded,che,high,,,3,,屮
37,屯,5C6F,in_simplified_set,unicode_encoded,tun,high,,,4,,屯
38,每,6BCF,in_simplified_set,unicode_encoded,mei,high,,,4,,每
39,萑,8411,traditional_or_variant,unicode_encoded,huan,high,,,4,,zhui
40,萌,840C,in_simplified_set,unicode_encoded,meng,high,,,3,,萌
41,兹,5179,in_simplified_set,unicode_encoded,zi,high,,,4,,兹
42,蔡,8521,in_simplified_set,unicode_encoded,cai,high,,,1,,蔡
43,茀,8300,in_simplified_set,unicode_encoded,fu,high,,,1,,茀
44,若,82E5,in_simplified_set,unicode_encoded,ruo,high,,,4,,若
45,苴,82F4,in_simplified_set,unicode_encoded,ju,high,,,2,,苴
46,芻,82BB,in_simplified_set,unicode_encoded,chu,high,,,4,,芻
47,薶,85B6,in_simplified_set,unicode_encoded,mai,high,,,4,,薶
48,折,6298,in_simplified_set,unicode_encoded,zhe,high,,,3,,折
49,艿,827F,traditional_or_variant,unicode_encoded,nai,high,,,3,,reng
50,蒿,84BF,in_simplified_set,unicode_encoded,hao,high,,,3,,蒿
51,春,6625,in_simplified_set,unicode_encoded,chun,high,,,4,,春
52,蓐,84D0,in_simplified_set,unicode_encoded,ru,high,,,4,,蓐
53,莫,83AB,in_simplified_set,unicode_encoded,mo,high,,,4,,莫
54,葬,846C,in_simplified_set,unicode_encoded,zang,high,,,1,,葬
55,小,5C0F,in_simplified_set,unicode_encoded,xiao,high,,,4,,小
56,少,5C11,in_simplified_set,unicode_encoded,shao,high,,,4,,少
57,八,516B,in_simplified_set,unicode_encoded,ba,high,,,4,,八
58,分,5206,in_simplified_set,unicode_encoded,fen,high,,,3,,分
59,曾,66FE,in_simplified_set,unicode_encoded,ceng,high,,,4,,曾
60,遂,9042,traditional_or_variant,unicode_encoded,sui,high,reading of the candidate character matches the reading annotated in the source filename; the parenthetical note is therefore read as describing the components of the oracle-bone form of this same character,去掉辶,1,,sui
61,介,4ECB,in_simplified_set,unicode_encoded,jie,high,,,4,,介
62,兆,5146,in_simplified_set,unicode_encoded,zhao,high,,,4,,兆
63,公,516C,in_simplified_set,unicode_encoded,gong,high,,,4,,公
64,必,5FC5,in_simplified_set,unicode_encoded,bi,high,,,4,,必
65,余,4F59,in_simplified_set,unicode_encoded,yu,high,,,4,,余
66,番,756A,in_simplified_set,unicode_encoded,fan,high,,,4,,番
67,牛,725B,in_simplified_set,unicode_encoded,niu,high,,,4,,牛
68,牡,7261,in_simplified_set,unicode_encoded,mu,high,,,4,,牡
69,犅,7285,in_simplified_set,unicode_encoded,gang,high,,,4,,犅
70,牝,725D,in_simplified_set,unicode_encoded,pin,high,,,4,,牝
71,牲,7272,in_simplified_set,unicode_encoded,sheng,high,,,1,,牲
72,牢,7262,in_simplified_set,unicode_encoded,lao,high,,,4,,牢
73,物,7269,in_simplified_set,unicode_encoded,wu,high,,,4,,物
74,告,544A,in_simplified_set,unicode_encoded,gao,high,,,4,,告
75,口,53E3,in_simplified_set,unicode_encoded,kou,high,,,4,,口
76,喙,5599,in_simplified_set,unicode_encoded,hui,high,,,4,,喙
77,吹,5439,in_simplified_set,unicode_encoded,chui,high,,,4,,吹
78,名,540D,in_simplified_set,unicode_encoded,ming,high,,,4,,名
79,君,541B,in_simplified_set,unicode_encoded,jun,high,,,4,,君
80,命,547D,in_simplified_set,unicode_encoded,ming,high,,,4,,命
81,召,53EC,in_simplified_set,unicode_encoded,zhao,high,,,4,,召
82,問,554F,in_simplified_set,unicode_encoded,wen,high,,,2,,問
83,唯,552F,in_simplified_set,unicode_encoded,wei,high,,,4,,唯
84,启,542F,in_simplified_set,unicode_encoded,qi,high,,,4,,启
85,咸,54B8,in_simplified_set,unicode_encoded,xian,high,,,4,,咸
86,右,53F3,in_simplified_set,unicode_encoded,you,high,,,4,,右
87,吉,5409,in_simplified_set,unicode_encoded,ji,high,,,4,,吉
88,周,5468,in_simplified_set,unicode_encoded,zhou,high,,,4,,周
89,唐,5510,in_simplified_set,unicode_encoded,tang,high,,,4,,唐
90,敋,654B,traditional_or_variant,unicode_encoded,ge,high,,,4,,e
91,吝,541D,in_simplified_set,unicode_encoded,lin,high,,,3,,吝
92,各,5404,in_simplified_set,unicode_encoded,ge,high,,,4,,各
93,單,55AE,in_simplified_set,unicode_encoded,dan,high,,,4,,單
94,哭,54ED,in_simplified_set,unicode_encoded,ku,high,,,1,,哭
95,喪,55AA,in_simplified_set,unicode_encoded,sang,high,,,4,,喪
96,逺,903A,traditional_or_variant,unicode_encoded,yuan,high,,,4,,yuan
97,止,6B62,in_simplified_set,unicode_encoded,zhi,high,,,4,,止
98,前,524D,in_simplified_set,unicode_encoded,qian,high,,,3,,前
99,歷,6B77,in_simplified_set,unicode_encoded,li,high,,,4,,歷
100,歸,6B78,in_simplified_set,unicode_encoded,gui,high,,,4,,歸
101,登,767B,in_simplified_set,unicode_encoded,deng,high,,,4,,登
102,癹,7679,traditional_or_variant,unicode_encoded,ba,high,,,4,,bo
103,步,6B65,in_simplified_set,unicode_encoded,bu,high,,,4,,步
104,歳,6B73,in_simplified_set,unicode_encoded,sui,high,,,4,,歳
105,此,6B64,in_simplified_set,unicode_encoded,ci,high,,,4,,此
106,正,6B63,in_simplified_set,unicode_encoded,zheng,high,,,4,,正
107,辵,8FB5,in_simplified_set,unicode_encoded,chuo,high,,,4,,辵
108,征,5F81,in_simplified_set,unicode_encoded,zheng,high,,,4,,征
109,遝,905D,in_simplified_set,unicode_encoded,ta,high,,,1,,遝
110,颌,988C,traditional_or_variant,unicode_encoded,he,high,,,4,,he
111,逆,9006,in_simplified_set,unicode_encoded,ni,high,,,4,,逆
112,遘,9058,in_simplified_set,unicode_encoded,gou,high,,,4,,遘
113,通,901A,in_simplified_set,unicode_encoded,tong,high,,,4,,通
114,還,9084,in_simplified_set,unicode_encoded,hai,high,,,3,,還
115,遣,9063,in_simplified_set,unicode_encoded,qian,high,,,4,,遣
116,逹,9039,in_simplified_set,unicode_encoded,da,high,,,4,,逹
117,追,8FFD,in_simplified_set,unicode_encoded,zhui,high,,,4,,追
118,逐,9010,in_simplified_set,unicode_encoded,zhu,high,,,4,,逐
119,至,81F3,traditional_or_variant,unicode_encoded,zhi,high,,,4,,zhi
120,逴,9034,in_simplified_set,unicode_encoded,chuo,high,,,1,,逴
121,迂,8FC2,traditional_or_variant,unicode_encoded,yu,high,,,1,,yu
122,進,9032,in_simplified_set,unicode_encoded,jin,high,,,2,,進
123,途,9014,in_simplified_set,unicode_encoded,tu,high,,,3,,途
124,德,5FB7,in_simplified_set,unicode_encoded,de,high,,,4,,德
125,復,5FA9,traditional_or_variant,unicode_encoded,fu,high,,,3,,fu
126,往,5F80,in_simplified_set,unicode_encoded,wang,high,,,4,,往
127,彶,5F76,in_simplified_set,unicode_encoded,ji,high,,,3,,彶
128,逢,9022,traditional_or_variant,unicode_encoded,feng,high,,,4,,feng
129,避,907F,in_simplified_set,unicode_encoded,bi,high,,,4,,避
130,得,5F97,in_simplified_set,unicode_encoded,de,high,,,4,,得
131,律,5F8B,in_simplified_set,unicode_encoded,lv,high,,,1,,律
132,御,5FA1,in_simplified_set,unicode_encoded,yu,high,,,4,,御
133,延,5EF6,traditional_or_variant,unicode_encoded,yan,high,"author confirms the candidate character; the reading ""chan"" recorded in the source filename does not correspond to this character and is treated as an annotation error [author determination, 2026-08-10]",去掉止上一,4,,chan
134,行,884C,in_simplified_set,unicode_encoded,xing,high,,,4,,行
135,衛,885B,traditional_or_variant,unicode_encoded,wei,high,"author rules that the form recorded in the source hand copy takes precedence; the v0.2 label 衞 is superseded by 衛 [author determination, 2026-08-10]",,4,,衞
136,齒,9F52,traditional_or_variant,unicode_encoded,chi,high,,,4,,chi
137,足,8DB3,in_simplified_set,unicode_encoded,zu,high,,,4,,足
138,跽,8DFD,in_simplified_set,unicode_encoded,ji,high,,,3,,跽
139,品,54C1,in_simplified_set,unicode_encoded,pin,high,,,4,,品
140,龠,9FA0,in_simplified_set,unicode_encoded,yue,high,,,4,,龠
141,龢,9FA2,in_simplified_set,unicode_encoded,he,high,,,3,,龢
142,册,518C,in_simplified_set,unicode_encoded,ce,high,,,4,,册
143,嗣,55E3,in_simplified_set,unicode_encoded,si,high,,,4,,嗣
144,星,661F,traditional_or_variant,unicode_encoded,xing,high,,,3,,xing
145,嚚,569A,in_simplified_set,unicode_encoded,yin,high,,,1,,嚚
146,舌,820C,in_simplified_set,unicode_encoded,she,high,,,4,,舌
147,干,5E72,in_simplified_set,unicode_encoded,gan,high,,,2,,干
148,屰,5C70,in_simplified_set,unicode_encoded,ni,high,,,4,,屰
149,畑,7551,traditional_or_variant,unicode_encoded,tian,high,reading of the candidate character matches the reading annotated in the source filename; the parenthetical note is therefore read as describing the components of the oracle-bone form of this same character,封口,4,,tian
150,冏,518F,in_simplified_set,unicode_encoded,jiong,high,,,4,,冏
151,商,5546,in_simplified_set,unicode_encoded,shang,high,,,4,,商
152,句,53E5,in_simplified_set,unicode_encoded,ju,high,,,1,,句
153,丩,4E29,in_simplified_set,unicode_encoded,jiu,high,,,4,,丩
154,古,53E4,in_simplified_set,unicode_encoded,gu,high,,,4,,古
155,十,5341,in_simplified_set,unicode_encoded,shi,high,,,4,,十
156,千,5343,in_simplified_set,unicode_encoded,qian,high,,,4,,千
157,廿,5EFF,in_simplified_set,unicode_encoded,nian,high,,,4,,廿
158,卅,5345,in_simplified_set,unicode_encoded,sa,high,,,4,,卅
159,言,8A00,in_simplified_set,unicode_encoded,yan,high,,,4,,言
160,誨,8AA8,in_simplified_set,unicode_encoded,hui,high,,,4,,誨
161,訊,8A0A,in_simplified_set,unicode_encoded,xun,high,,,2,,訊
162,呼,547C,in_simplified_set,unicode_encoded,hu,high,,,4,,呼
163,誖,8A96,in_simplified_set,unicode_encoded,bei,high,,,4,,誖
164,競,7AF6,traditional_or_variant,unicode_encoded,jing,high,,,4,,jing
165,竟,7ADF,in_simplified_set,unicode_encoded,jing,high,,,2,,竟
166,铅,94C5,traditional_or_variant,unicode_encoded,qian,high,,,4,,qian
167,妾,59BE,in_simplified_set,unicode_encoded,qie,high,,,4,,妾
168,對,5C0D,in_simplified_set,unicode_encoded,dui,high,,,4,,對
169,僕,50D5,in_simplified_set,unicode_encoded,pu,high,,,1,,僕
170,共,5171,in_simplified_set,unicode_encoded,gong,high,,,4,,共
171,丞,4E1E,in_simplified_set,unicode_encoded,cheng,high,,,3,,丞
172,畀,7540,in_simplified_set,unicode_encoded,bi,high,,,4,,畀
173,弄,5F04,in_simplified_set,unicode_encoded,nong,high,,,4,,弄
174,奎,594E,traditional_or_variant,unicode_encoded,kui,high,,,4,,kui
175,戒,6212,in_simplified_set,unicode_encoded,jie,high,,,4,,戒
176,兵,5175,in_simplified_set,unicode_encoded,bing,high,,,4,,兵
177,龏,9F8F,in_simplified_set,unicode_encoded,gong,high,,,4,,龏
178,具,5177,in_simplified_set,unicode_encoded,ju,high,,,2,,具
179,異,7570,in_simplified_set,unicode_encoded,yi,high,,,4,,異
180,興,8208,in_simplified_set,unicode_encoded,xing,high,,,4,,興
181,要,8981,in_simplified_set,unicode_encoded,yao,high,,,1,,要
182,晨,6668,traditional_or_variant,unicode_encoded,chen,high,,,1,,chen
183,農,8FB2,in_simplified_set,unicode_encoded,nong,high,,,4,,農
184,鬲,9B32,in_simplified_set,unicode_encoded,ge,high,,,4,,鬲
185,鬳,9B33,in_simplified_set,unicode_encoded,yan,high,,,4,,鬳
186,餗,9917,in_simplified_set,unicode_encoded,su,high,,,4,,餗
187,爪,722A,in_simplified_set,unicode_encoded,zhao,high,,,1,,爪
188,孚,5B5A,in_simplified_set,unicode_encoded,fu,high,,,1,,孚
189,爲,7232,in_simplified_set,unicode_encoded,wei,high,,,4,,爲
190,丮,4E2E,in_simplified_set,unicode_encoded,ji,high,,,4,,丮
191,蓺,84FA,in_simplified_set,unicode_encoded,yi,high,,,4,,蓺
192,熟,719F,traditional_or_variant,unicode_encoded,shu,high,,,1,,shu
193,载,8F7D,traditional_or_variant,unicode_encoded,zai,high,,,4,,zai
194,崋,5D0B,traditional_or_variant,unicode_encoded,hua,high,,,4,,hua
195,鬥,9B25,in_simplified_set,unicode_encoded,dou,high,,,4,,鬥
196,又,53C8,in_simplified_set,unicode_encoded,you,high,,,4,,又
197,爪,722A,traditional_or_variant,unicode_encoded,zhao,high,,,4,,zhao
198,父,7236,in_simplified_set,unicode_encoded,fu,high,,,4,,父
199,叜,53DC,in_simplified_set,unicode_encoded,sou,high,,,4,,叜
200,燮,71EE,in_simplified_set,unicode_encoded,xie,high,,,2,,燮
201,尹,5C39,in_simplified_set,unicode_encoded,yin,high,,,4,,尹
202,虘,8658,traditional_or_variant,unicode_encoded,cuo,high,,,4,,cuo
203,斄,6584,traditional_or_variant,unicode_encoded,li,high,,,4,,li
204,及,53CA,in_simplified_set,unicode_encoded,ji,high,,,4,,及
205,秉,79C9,in_simplified_set,unicode_encoded,bing,high,,,4,,秉
206,反,53CD,in_simplified_set,unicode_encoded,fan,high,,,3,,反
207,服,670D,traditional_or_variant,unicode_encoded,fu,high,,,4,,fu
208,祟,795F,traditional_or_variant,unicode_encoded,sui,high,,,4,,sui
209,叔,53D4,in_simplified_set,unicode_encoded,shu,high,,,3,,叔
210,取,53D6,in_simplified_set,unicode_encoded,qu,high,,,4,,取
211,彗,5F57,in_simplified_set,unicode_encoded,hui,high,,,3,,彗
212,友,53CB,in_simplified_set,unicode_encoded,you,high,,,4,,友
213,左,5DE6,in_simplified_set,unicode_encoded,zuo,high,,,4,,左
214,史,53F2,in_simplified_set,unicode_encoded,shi,high,,,4,,史
215,事,4E8B,in_simplified_set,unicode_encoded,shi,high,,,2,,事
216,肄,8084,traditional_or_variant,unicode_encoded,yi,high,,,4,,yi
217,隶,96B6,traditional_or_variant,unicode_encoded,li,high,,,4,,li
218,臤,81E4,in_simplified_set,unicode_encoded,qian,high,,,2,,臤
219,臣,81E3,in_simplified_set,unicode_encoded,chen,high,,,4,,臣
220,臧,81E7,in_simplified_set,unicode_encoded,zang,high,,,2,,臧
221,殳,6BB3,in_simplified_set,unicode_encoded,shu,high,,,3,,殳
222,壳,58F3,traditional_or_variant,unicode_encoded,ke,high,,,4,,qiao
223,頭,982D,traditional_or_variant,unicode_encoded,tou,high,,,4,,tou
224,簋,7C0B,traditional_or_variant,unicode_encoded,gui,high,,,4,,gui
225,伇,4F07,in_simplified_set,unicode_encoded,yi,high,,,4,,伇
226,殺,6BBA,in_simplified_set,unicode_encoded,sha,high,,,4,,殺
227,尋,5C0B,in_simplified_set,unicode_encoded,xun,high,,,4,,尋
228,專,5C08,in_simplified_set,unicode_encoded,zhuan,high,,,4,,專
229,尃,5C03,in_simplified_set,unicode_encoded,fu,high,,,4,,尃
230,攴,6534,in_simplified_set,unicode_encoded,pu,high,,,1,,攴
231,啓,5553,in_simplified_set,unicode_encoded,qi,high,,,4,,啓
232,徹,5FB9,traditional_or_variant,unicode_encoded,che,high,,,4,,che
233,敏,654F,in_simplified_set,unicode_encoded,min,high,,,4,,敏
234,效,6548,in_simplified_set,unicode_encoded,xiao,high,,,4,,效
235,政,653F,in_simplified_set,unicode_encoded,zheng,high,,,1,,政
236,尸,5C38,traditional_or_variant,unicode_encoded,shi,high,,,4,,shi
237,更,66F4,in_simplified_set,unicode_encoded,geng,high,,,4,,更
238,攸,6538,in_simplified_set,unicode_encoded,you,high,,,4,,攸
239,敉,6549,in_simplified_set,unicode_encoded,mi,high,,,3,,敉
240,敭,656D,traditional_or_variant,unicode_encoded,yang,high,,,1,,yang
241,敗,6557,in_simplified_set,unicode_encoded,bai,high,,,4,,敗
242,攻,653B,in_simplified_set,unicode_encoded,gong,high,,,2,,攻
243,铣,94E3,traditional_or_variant,unicode_encoded,xi,high,,,4,,xi
244,畋,754B,in_simplified_set,unicode_encoded,tian,high,,,4,,畋
245,改,6539,traditional_or_variant,unicode_encoded,gai,high,,,4,,gai
246,叙,53D9,in_simplified_set,unicode_encoded,xu,high,,,1,,叙
247,牧,7267,in_simplified_set,unicode_encoded,mu,high,,,4,,牧
248,教,6559,in_simplified_set,unicode_encoded,jiao,high,,,4,,教
249,學,5B78,in_simplified_set,unicode_encoded,xue,high,,,4,,學
250,卜,535C,in_simplified_set,unicode_encoded,bo,high,,,4,,卜
251,貞,8C9E,in_simplified_set,unicode_encoded,zhen,high,,,4,,貞
252,占,5360,in_simplified_set,unicode_encoded,zhan,high,,,4,,占
253,用,7528,in_simplified_set,unicode_encoded,yong,high,,,4,,用
254,甫,752B,in_simplified_set,unicode_encoded,fu,high,,,4,,甫
255,备,5907,traditional_or_variant,unicode_encoded,bei,high,,bei,4,,bei
256,爻,723B,in_simplified_set,unicode_encoded,yao,high,,,4,,爻
257,爽,723D,in_simplified_set,unicode_encoded,shuang,high,,,4,,爽
258,洫,6D2B,traditional_or_variant,unicode_encoded,xu,high,,xu,4,,xu
259,目,76EE,in_simplified_set,unicode_encoded,mu,high,,,4,,目
260,嚃,5683,traditional_or_variant,unicode_encoded,ta,high,,ta,4,,ta
261,相,76F8,in_simplified_set,unicode_encoded,xiang,high,,,4,,相
262,省,7701,in_simplified_set,unicode_encoded,sheng,high,,,4,,省
263,眣,7723,traditional_or_variant,unicode_encoded,die,high,,,4,,die
264,瞋,778B,traditional_or_variant,unicode_encoded,chen,high,"author identifies the entry as 瞋; the source filename records its components 目 and 寅 separately, which the parser had read as a compositional description [author determination, 2026-08-10]",组合:目寅,1,,yin
265,眉,7709,in_simplified_set,unicode_encoded,mei,high,,,4,,眉
266,自,81EA,in_simplified_set,unicode_encoded,zi,high,,,4,,自
267,魯,9B6F,in_simplified_set,unicode_encoded,lu,high,,,4,,魯
268,協,5354,traditional_or_variant,unicode_encoded,xie,high,"author identifies the entry as 協; the source filename records the components 智 and 亏 separately and annotates the reading as zhi, which does not correspond to this character and is treated as an annotation error [author determination, 2026-08-10]",组合:智亏,1,,zhi
269,百,767E,in_simplified_set,unicode_encoded,bai,high,,,4,,百
270,習,7FD2,in_simplified_set,unicode_encoded,xi,high,,,4,,習
271,羽,7FBD,in_simplified_set,unicode_encoded,yu,high,,,4,,羽
272,翊,7FCA,in_simplified_set,unicode_encoded,yi,high,,,4,,翊
273,隹,96B9,in_simplified_set,unicode_encoded,zhui,high,,,4,,隹
274,隻,96BB,in_simplified_set,unicode_encoded,zhi,high,,,4,,隻
275,雀,96C0,in_simplified_set,unicode_encoded,que,high,,,4,,雀
276,雉,96C9,in_simplified_set,unicode_encoded,zhi,high,,,4,,雉
277,雞,96DE,in_simplified_set,unicode_encoded,ji,high,,,4,,雞
278,雏,96CF,traditional_or_variant,unicode_encoded,chu,high,,chu,2,,chu
279,離,96E2,in_simplified_set,unicode_encoded,li,high,,,4,,離
280,雝,96DD,in_simplified_set,unicode_encoded,yong,high,,,4,,雝
281,雇,96C7,in_simplified_set,unicode_encoded,gu,high,,,4,,雇
282,鸿,9E3F,traditional_or_variant,unicode_encoded,hong,high,,,3,,hong
283,萑,8411,in_simplified_set,unicode_encoded,huan,high,,,4,,萑
284,雚,96DA,in_simplified_set,unicode_encoded,guan,high,,,4,,雚
285,舊,820A,in_simplified_set,unicode_encoded,jiu,high,,,4,,舊
286,蔑,8511,in_simplified_set,unicode_encoded,mie,high,,,4,,蔑
287,羊,7F8A,in_simplified_set,unicode_encoded,yang,high,,,4,,羊
288,芈,8288,in_simplified_set,unicode_encoded,mi,high,,,4,,芈
289,羔,7F94,in_simplified_set,unicode_encoded,gao,high,,,4,,羔
290,美,7F8E,in_simplified_set,unicode_encoded,mei,high,,,4,,美
291,羌,7F8C,in_simplified_set,unicode_encoded,qiang,high,,,4,,羌
292,羴,7FB4,in_simplified_set,unicode_encoded,shan,high,,,4,,羴
293,霍,970D,in_simplified_set,unicode_encoded,huo,high,,,4,,霍
294,雥,96E5,in_simplified_set,unicode_encoded,za,high,,,1,,雥
295,集,96C6,in_simplified_set,unicode_encoded,ji,high,,,4,,集
296,鳥,9CE5,in_simplified_set,unicode_encoded,niao,high,,,4,,鳥
297,鳳,9CF3,traditional_or_variant,unicode_encoded,feng,high,"author rules that the form recorded in the source hand copy takes precedence; the v0.2 label 鳯 is superseded by 鳳 [author determination, 2026-08-10]",,4,,鳯
298,鶾,9DBE,in_simplified_set,unicode_encoded,han,high,,,1,,鶾
299,鳴,9CF4,in_simplified_set,unicode_encoded,ming,high,,,4,,鳴
300,棄,68C4,in_simplified_set,unicode_encoded,qi,high,,,2,,棄
301,冓,5193,in_simplified_set,unicode_encoded,gou,high,,,4,,冓
302,再,518D,in_simplified_set,unicode_encoded,zai,high,,,2,,再
303,爯,722F,in_simplified_set,unicode_encoded,cheng,high,,,4,,爯
304,幼,5E7C,in_simplified_set,unicode_encoded,you,high,,,3,,幼
305,游,6E38,traditional_or_variant,unicode_encoded,you,high,,,4,,you
306,幽,5E7D,in_simplified_set,unicode_encoded,you,high,,,4,,幽
307,叀,53C0,traditional_or_variant,unicode_encoded,zhuan,high,,,4,,zhuan
308,疐,7590,in_simplified_set,unicode_encoded,zhi,high,,,4,,疐
309,爰,7230,in_simplified_set,unicode_encoded,yuan,high,,,4,,爰
310,受,53D7,in_simplified_set,unicode_encoded,shou,high,,,4,,受
311,啮,556E,traditional_or_variant,unicode_encoded,nie,high,,,4,,nie
312,死,6B7B,in_simplified_set,unicode_encoded,si,high,,,4,,死
313,冎,518E,in_simplified_set,unicode_encoded,gua,high,,,2,,冎
314,剐,5250,traditional_or_variant,unicode_encoded,gua,high,,,1,,gua
315,骨,9AA8,in_simplified_set,unicode_encoded,gu,high,,,4,,骨
316,肉,8089,in_simplified_set,unicode_encoded,rou,high,,,4,,肉
317,膏,818F,in_simplified_set,unicode_encoded,gao,high,,,4,,膏
318,腹,8179,in_simplified_set,unicode_encoded,fu,high,,,2,,腹
319,胾,80FE,in_simplified_set,unicode_encoded,zi,high,,,1,,胾
320,刀,5200,in_simplified_set,unicode_encoded,dao,high,,,4,,刀
321,利,5229,in_simplified_set,unicode_encoded,li,high,,,4,,利
322,初,521D,in_simplified_set,unicode_encoded,chu,high,,,3,,初
323,剛,525B,in_simplified_set,unicode_encoded,gang,high,,,4,,剛
324,副,526F,in_simplified_set,unicode_encoded,fu,high,,,2,,副
325,删,5220,in_simplified_set,unicode_encoded,shan,high,,,1,,删
326,剥,5265,in_simplified_set,unicode_encoded,bo,high,,,1,,剥
327,刖,5216,in_simplified_set,unicode_encoded,yue,high,,,4,,刖
328,刜,521C,in_simplified_set,unicode_encoded,fu,high,,,4,,刜
329,切,5207,traditional_or_variant,unicode_encoded,qie,high,,,1,,qie
330,翼,7FFC,traditional_or_variant,unicode_encoded,yi,high,,,4,,yi
331,刃,5203,in_simplified_set,unicode_encoded,ren,high,,,1,,刃
332,㓞,34DE,traditional_or_variant,unicode_encoded,qia,high,"author identifies the entry as 㓞 (U+34DE), whose components are the 丰 and 刀 recorded separately in the source filename; the character is encoded in CJK Unified Ideographs Extension A and the compositional description ⿰丰刀 is therefore superseded [author determination, 2026-08-10]",组合:丰刀,1,,jie
333,耤,8024,in_simplified_set,unicode_encoded,ji,high,,,4,,耤
334,角,89D2,in_simplified_set,unicode_encoded,jiao,high,,,4,,角
335,解,89E3,in_simplified_set,unicode_encoded,jie,high,,,1,,解
336,竹,7AF9,in_simplified_set,unicode_encoded,zhu,high,,,4,,竹
337,箙,7B99,in_simplified_set,unicode_encoded,fu,high,,,4,,箙
338,箕,7B95,in_simplified_set,unicode_encoded,ji,high,,,4,,箕
339,典,5178,in_simplified_set,unicode_encoded,dian,high,,,3,,典
340,奠,5960,in_simplified_set,unicode_encoded,dian,high,,,4,,奠
341,工,5DE5,in_simplified_set,unicode_encoded,gong,high,,,4,,工
342,巫,5DEB,in_simplified_set,unicode_encoded,wu,high,,,4,,巫
343,甘,7518,in_simplified_set,unicode_encoded,gan,high,,,4,,甘
344,曰,66F0,in_simplified_set,unicode_encoded,yue,high,,,4,,曰
345,𠕋,2054B,traditional_or_variant,unicode_encoded,ce,high,"author identifies the entry as 𠕋 (U+2054B, 册 over 口), encoded in CJK Unified Ideographs Extension B; the source filename records the components separately [author determination, 2026-08-10] Reading given as ce, following 册; no reading for U+2054B is available from automated romanisation.",上下 / 组合:册日,4,,che
346,曹,66F9,traditional_or_variant,unicode_encoded,cao,high,,,2,,cao
347,乃,4E43,in_simplified_set,unicode_encoded,nai,high,,,4,,乃
348,硵,7875,traditional_or_variant,unicode_encoded,lu,high,,,4,,lu
349,丂,4E02,in_simplified_set,unicode_encoded,kao,high,,,4,,丂
350,甹,7539,traditional_or_variant,unicode_encoded,ping,high,,,1,,ping
351,寧,5BE7,traditional_or_variant,unicode_encoded,ning,high,,,4,,ning
352,可,53EF,in_simplified_set,unicode_encoded,ke,high,,,4,,可
353,兮,516E,in_simplified_set,unicode_encoded,xi,high,,,4,,兮
354,乎,4E4E,in_simplified_set,unicode_encoded,hu,high,,,4,,乎
355,亏,4E8F,in_simplified_set,unicode_encoded,kui,high,,,4,,亏
356,粤,7CA4,in_simplified_set,unicode_encoded,yue,high,,,3,,粤
357,旨,65E8,in_simplified_set,unicode_encoded,zhi,high,,,4,,旨
358,喜,559C,in_simplified_set,unicode_encoded,xi,high,,,4,,喜
359,壴,58F4,in_simplified_set,unicode_encoded,zhu,high,,,4,,壴
360,彭,5F6D,in_simplified_set,unicode_encoded,peng,high,,,4,,彭
361,鼓,9F13,in_simplified_set,unicode_encoded,gu,high,,,4,,鼓
362,豆,8C46,in_simplified_set,unicode_encoded,dou,high,,,3,,豆
363,眷,7737,traditional_or_variant,unicode_encoded,juan,high,,,4,,juan
364,糞,7CDE,traditional_or_variant,unicode_encoded,fen,high,"author identifies the entry as 糞, superseding the candidate 脰 inferred from the source filename; the reading ""nong"" in the source annotation is not retained [author determination, 2026-08-10]",下边一个廾 读nong,4,,deng
365,豐,8C50,in_simplified_set,unicode_encoded,feng,high,,,4,,豐
366,虍,864D,in_simplified_set,unicode_encoded,hu,high,,,1,,虍
367,虘,8658,in_simplified_set,unicode_encoded,cuo,high,,,4,,虘
368,虎,864E,in_simplified_set,unicode_encoded,hu,high,,,4,,虎
369,虤,8664,in_simplified_set,unicode_encoded,yan,high,,,3,,虤
370,皿,76BF,in_simplified_set,unicode_encoded,min,high,,,4,,皿
371,盂,76C2,in_simplified_set,unicode_encoded,yu,high,,,4,,盂
372,盛,76DB,in_simplified_set,unicode_encoded,sheng,high,,,1,,盛
373,盧,76E7,in_simplified_set,unicode_encoded,lu,high,,,4,,盧
374,益,76CA,in_simplified_set,unicode_encoded,yi,high,,,4,,益
375,盡,76E1,in_simplified_set,unicode_encoded,jin,high,,,4,,盡
376,盥,76E5,in_simplified_set,unicode_encoded,guan,high,,,4,,盥
377,去,53BB,in_simplified_set,unicode_encoded,qu,high,,,4,,去
378,血,8840,in_simplified_set,unicode_encoded,xue,high,,,4,,血
379,聴,8074,traditional_or_variant,unicode_encoded,ting,high,,读ting,4,,ting
380,,,undetermined,not_encoded,xu,,"author searched the Yinqi Wenyuan platform (2026-08-10) without locating a matching character; the entry remains unidentified [author determination, 2026-08-10]",下边一个阝 读zuo 读xu xu,1,,xu
381,主,4E3B,in_simplified_set,unicode_encoded,zhu,high,,,2,,主
382,丹,4E39,in_simplified_set,unicode_encoded,dan,high,,,4,,丹
383,青,9752,in_simplified_set,unicode_encoded,qing,high,,,1,,青
384,井,4E95,in_simplified_set,unicode_encoded,jing,high,,,4,,井
385,皀,7680,traditional_or_variant,unicode_encoded,ji,high,,,4,,bi
386,即,5373,in_simplified_set,unicode_encoded,ji,high,,,4,,即
387,既,65E2,in_simplified_set,unicode_encoded,ji,high,,,4,,既
388,冟,519F,traditional_or_variant,unicode_encoded,shi,high,,,2,,shi
389,鬯,9B2F,traditional_or_variant,unicode_encoded,chang,high,,,4,,chang
390,爵,7235,in_simplified_set,unicode_encoded,jue,high,,,4,,爵
391,食,98DF,in_simplified_set,unicode_encoded,shi,high,,,4,,食
392,饔,9954,traditional_or_variant,unicode_encoded,yong,high,,,4,,yong
393,養,990A,in_simplified_set,unicode_encoded,yang,high,,,3,,養
394,饗,9957,traditional_or_variant,unicode_encoded,xiang,high,,,3,,xiang
395,合,5408,in_simplified_set,unicode_encoded,he,high,,,4,,合
396,今,4ECA,in_simplified_set,unicode_encoded,jin,high,,,4,,今
397,會,6703,in_simplified_set,unicode_encoded,hui,high,,,1,,會
398,倉,5009,in_simplified_set,unicode_encoded,cang,high,,,1,,倉
399,入,5165,in_simplified_set,unicode_encoded,ru,high,,,4,,入
400,内,5185,in_simplified_set,unicode_encoded,nei,high,,,4,,内
401,缶,7F36,in_simplified_set,unicode_encoded,fou,high,,,4,,缶
402,矢,77E2,in_simplified_set,unicode_encoded,shi,high,,,4,,矢
403,射,5C04,traditional_or_variant,unicode_encoded,she,high,"author confirms 射; consistent with the seal-script merger of bow and arrow into the 身 component, which explains the 身 form recorded in the source filename [author determination, 2026-08-10]",右边一个矢读she,4,,she
404,侯,4FAF,in_simplified_set,unicode_encoded,hou,high,,,4,,侯
405,高,9AD8,in_simplified_set,unicode_encoded,gao,high,,,4,,高
406,亳,4EB3,traditional_or_variant,unicode_encoded,bo,high,,,4,,bo
407,央,592E,in_simplified_set,unicode_encoded,yang,high,,,4,,央
408,郭,90ED,traditional_or_variant,unicode_encoded,guo,high,,guo,4,,guo
409,京,4EAC,in_simplified_set,unicode_encoded,jing,high,,,4,,京
410,亯,4EAF,traditional_or_variant,unicode_encoded,xiang,high,,,4,,xiang
411,纯,7EAF,traditional_or_variant,unicode_encoded,chun,high,reading of the candidate character matches the reading annotated in the source filename; the parenthetical note is therefore read as describing the components of the oracle-bone form of this same character,下边一个吕，吕下边一个羊 读,4,,chun
412,厚,539A,traditional_or_variant,unicode_encoded,hou,high,reading of the candidate character matches the reading annotated in the source filename; the parenthetical note is therefore read as describing the components of the oracle-bone form of this same character,下边一个子读hou,1,,hou
413,畐,7550,traditional_or_variant,unicode_encoded,fu,high,,,4,,bi
414,良,826F,in_simplified_set,unicode_encoded,liang,high,,,3,,良
415,悋,608B,traditional_or_variant,unicode_encoded,lin,high,reading of the candidate character matches the reading annotated in the source filename; the parenthetical note is therefore read as describing the components of the oracle-bone form of this same character,下边一个回读lin,4,,lin
416,啚,555A,traditional_or_variant,unicode_encoded,bi,high,,,4,,bi
417,嗇,55C7,traditional_or_variant,unicode_encoded,se,high,,,4,,se
418,來,4F86,in_simplified_set,unicode_encoded,lai,high,,,4,,來
419,麥,9EA5,in_simplified_set,unicode_encoded,mai,high,,,4,,麥
420,夊,590A,in_simplified_set,unicode_encoded,sui,high,,,4,,夊
421,复,590D,in_simplified_set,unicode_encoded,fu,high,,,4,,复
422,夒,5912,in_simplified_set,unicode_encoded,nao,high,,,4,,夒
423,夔,5914,in_simplified_set,unicode_encoded,kui,high,,,1,,夔
424,舞,821E,in_simplified_set,unicode_encoded,wu,high,,,4,,舞
425,韋,97CB,in_simplified_set,unicode_encoded,wei,high,,,4,,韋
426,弟,5F1F,in_simplified_set,unicode_encoded,di,high,,,4,,弟
427,乘,4E58,in_simplified_set,unicode_encoded,cheng,high,,,4,,乘
428,木,6728,in_simplified_set,unicode_encoded,mu,high,,,4,,木
429,杏,674F,in_simplified_set,unicode_encoded,xing,high,,,3,,杏
430,杜,675C,in_simplified_set,unicode_encoded,du,high,,,1,,杜
431,柳,67F3,in_simplified_set,unicode_encoded,liu,high,,,3,,柳
432,杞,675E,in_simplified_set,unicode_encoded,qi,high,,,4,,杞
433,柏,67CF,in_simplified_set,unicode_encoded,bai,high,,,2,,柏
434,樹,6A39,in_simplified_set,unicode_encoded,shu,high,,,4,,樹
435,朱,6731,in_simplified_set,unicode_encoded,zhu,high,,,2,,朱
436,條,689D,in_simplified_set,unicode_encoded,tiao,high,,,4,,條
437,枚,679A,in_simplified_set,unicode_encoded,mei,high,,,3,,枚
438,格,683C,in_simplified_set,unicode_encoded,ge,high,,,4,,格
439,槀,69C0,in_simplified_set,unicode_encoded,gao,high,,,1,,槀
440,杲,6772,in_simplified_set,unicode_encoded,gao,high,,,2,,杲
441,杳,6773,in_simplified_set,unicode_encoded,yao,high,,,4,,杳
442,杗,6757,in_simplified_set,unicode_encoded,mang,high,,,2,,杗
443,栅,6805,in_simplified_set,unicode_encoded,zha,high,,,1,,栅
444,櫛,6ADB,traditional_or_variant,unicode_encoded,zhi,high,,,4,,jie
445,木,6728,traditional_or_variant,unicode_encoded,mu,high,reading of the candidate character matches the reading annotated in the source filename; the parenthetical note is therefore read as describing the components of the oracle-bone form of this same character,下面多一个草字头读mu,4,,mu
446,槃,69C3,in_simplified_set,unicode_encoded,pan,high,,,1,,槃
447,柄,67C4,in_simplified_set,unicode_encoded,bing,high,,,2,,柄
448,棊,68CA,in_simplified_set,unicode_encoded,qi,high,,,1,,棊
449,臬,81EC,in_simplified_set,unicode_encoded,nie,high,,,1,,臬
450,樂,6A02,in_simplified_set,unicode_encoded,le,high,,,4,,樂
451,采,91C7,in_simplified_set,unicode_encoded,cai,high,,,4,,采
452,析,6790,in_simplified_set,unicode_encoded,xi,high,,,4,,析
453,枼,67BC,traditional_or_variant,unicode_encoded,ye,high,,,4,,xe
454,休,4F11,in_simplified_set,unicode_encoded,xiu,high,,,4,,休
455,楒,6952,traditional_or_variant,unicode_encoded,si,high,reading of the candidate character matches the reading annotated in the source filename; the parenthetical note is therefore read as describing the components of the oracle-bone form of this same character,右边一个巳读si si,4,,si
456,東,6771,in_simplified_set,unicode_encoded,dong,high,,,4,,東
457,曹,66F9,traditional_or_variant,unicode_encoded,cao,high,reading of the candidate character matches the reading annotated in the source filename; the parenthetical note is therefore read as describing the components of the oracle-bone form of this same character,两个東读cao cao,1,,cao
458,林,6797,in_simplified_set,unicode_encoded,lin,high,,,4,,林
459,楚,695A,in_simplified_set,unicode_encoded,chu,high,,,4,,楚
460,麓,9E93,in_simplified_set,unicode_encoded,lu,high,,,4,,麓
461,森,68EE,in_simplified_set,unicode_encoded,sen,high,,,2,,森
462,才,624D,in_simplified_set,unicode_encoded,cai,high,,,4,,才
463,桑,6851,in_simplified_set,unicode_encoded,sang,high,,,4,,桑
464,之,4E4B,in_simplified_set,unicode_encoded,zhi,high,,,4,,之
465,往,5F80,traditional_or_variant,unicode_encoded,wang,high,reading of the candidate character matches the reading annotated in the source filename; the parenthetical note is therefore read as describing the components of the oracle-bone form of this same character,一个山下边一个王 露头 读wang,4,,wang
466,币,5E01,in_simplified_set,unicode_encoded,bi,high,,,4,,币
467,师,5E08,traditional_or_variant,unicode_encoded,shi,high,reading of the candidate character matches the reading annotated in the source filename; the parenthetical note is therefore read as describing the components of the oracle-bone form of this same character,追没有走之旁读shi,4,,shi
468,出,51FA,in_simplified_set,unicode_encoded,chu,high,,,4,,出
469,索,7D22,in_simplified_set,unicode_encoded,suo,high,,,2,,索
470,南,5357,in_simplified_set,unicode_encoded,nan,high,,,4,,南
471,生,751F,in_simplified_set,unicode_encoded,sheng,high,,,4,,生
472,丰,4E30,in_simplified_set,unicode_encoded,feng,high,,,4,,丰
473,束,675F,in_simplified_set,unicode_encoded,shu,high,,,4,,束
474,剌,524C,in_simplified_set,unicode_encoded,la,high,,,3,,剌
475,囿,56FF,in_simplified_set,unicode_encoded,you,high,,,4,,囿
476,因,56E0,in_simplified_set,unicode_encoded,yin,high,,,4,,因
477,囚,56DA,in_simplified_set,unicode_encoded,qiu,high,,,4,,囚
478,困,56F0,in_simplified_set,unicode_encoded,kun,high,,,1,,困
479,圂,5702,in_simplified_set,unicode_encoded,hun,high,,,4,,圂
480,員,54E1,in_simplified_set,unicode_encoded,yuan,high,,,4,,員
481,貝,8C9D,in_simplified_set,unicode_encoded,bei,high,,,4,,貝
482,鐡,9421,traditional_or_variant,unicode_encoded,tie,high,,读te,1,,te
483,貯,8CAF,in_simplified_set,unicode_encoded,zhu,high,,,4,,貯
484,賓,8CD3,in_simplified_set,unicode_encoded,bin,high,,,4,,賓
485,賖,8CD6,in_simplified_set,unicode_encoded,she,high,,,2,,賖
486,責,8CAC,in_simplified_set,unicode_encoded,ze,high,,,4,,責
487,賞,8CDE,in_simplified_set,unicode_encoded,shang,high,,,1,,賞
488,買,8CB7,in_simplified_set,unicode_encoded,mai,high,,,4,,買
489,朋,670B,in_simplified_set,unicode_encoded,peng,high,,,4,,朋
490,邑,9091,in_simplified_set,unicode_encoded,yi,high,,,4,,邑
491,邦,90A6,in_simplified_set,unicode_encoded,bang,high,,,4,,邦
492,鄙,9119,in_simplified_set,unicode_encoded,bi,high,,,1,,鄙
493,乡,4E61,traditional_or_variant,unicode_encoded,xiang,high,reading of the candidate character matches the reading annotated in the source filename; the parenthetical note is therefore read as describing the components of the oracle-bone form of this same character,左边一个邑字 巴字朝左 右边一个邑字,1,,xiang
494,飨,98E8,traditional_or_variant,unicode_encoded,xiang,high,reading of the candidate character matches the reading annotated in the source filename; the parenthetical note is therefore read as describing the components of the oracle-bone form of this same character,左边一个邑字 巴字朝左 右边一个邑字,4,,xiang
495,日,65E5,in_simplified_set,unicode_encoded,ri,high,,,4,,日
496,時,6642,in_simplified_set,unicode_encoded,shi,high,,,3,,時
497,晉,6649,in_simplified_set,unicode_encoded,jin,high,,,2,,晉
498,晵,6675,in_simplified_set,unicode_encoded,qi,high,,,3,,晵
499,昃,6603,in_simplified_set,unicode_encoded,ze,high,,,4,,昃
500,昏,660F,in_simplified_set,unicode_encoded,hun,high,,,4,,昏
501,晦,6666,in_simplified_set,unicode_encoded,hui,high,,,2,,晦
502,昱,6631,in_simplified_set,unicode_encoded,yu,high,,,4,,昱
503,昔,6614,in_simplified_set,unicode_encoded,xi,high,,,4,,昔
504,昕,6615,in_simplified_set,unicode_encoded,xin,high,,,4,,昕
505,暈,6688,in_simplified_set,unicode_encoded,yun,high,,,4,,暈
506,旦,65E6,in_simplified_set,unicode_encoded,dan,high,,,4,,旦
507,焱,7131,traditional_or_variant,unicode_encoded,yan,high,reading of the candidate character matches the reading annotated in the source filename; the parenthetical note is therefore read as describing the components of the oracle-bone form of this same character,右边一个人读yan,4,,yan
508,游,6E38,in_simplified_set,unicode_encoded,you,high,,,3,,游
509,旋,65CB,in_simplified_set,unicode_encoded,xuan,high,,,4,,旋
510,旅,65C5,in_simplified_set,unicode_encoded,lv,high,,,4,,旅
511,族,65CF,in_simplified_set,unicode_encoded,zu,high,,,4,,族
512,冥,51A5,in_simplified_set,unicode_encoded,ming,high,,,4,,冥
513,晶,6676,in_simplified_set,unicode_encoded,jing,high,,,3,,晶
514,星,661F,in_simplified_set,unicode_encoded,xing,high,,,3,,星
515,月,6708,in_simplified_set,unicode_encoded,yue,high,,,4,,月
516,有,6709,in_simplified_set,unicode_encoded,you,high,,,4,,有
517,龓,9F93,in_simplified_set,unicode_encoded,long,high,,,3,,龓
518,明,660E,in_simplified_set,unicode_encoded,ming,high,,,4,,明
519,囧,56E7,in_simplified_set,unicode_encoded,jiong,high,,,4,,囧
520,盟,76DF,traditional_or_variant,unicode_encoded,meng,high,reading of the candidate character matches the reading annotated in the source filename; the parenthetical note is therefore read as describing the components of the oracle-bone form of this same character,下面一个皿字读meng meng,4,,meng
521,夗,5917,in_simplified_set,unicode_encoded,yuan,high,,,1,,夗
522,外,5916,in_simplified_set,unicode_encoded,wai,high,,,1,,外
523,夙,5919,traditional_or_variant,unicode_encoded,su,high,reading of the candidate character matches the reading annotated in the source filename; the parenthetical note is therefore read as describing the components of the oracle-bone form of this same character,左边一个夕读su su,4,,su
524,多,591A,in_simplified_set,unicode_encoded,duo,high,,,4,,多
525,毌,6BCC,in_simplified_set,unicode_encoded,guan,high,,,4,,毌
526,函,51FD,in_simplified_set,unicode_encoded,han,high,,,4,,函
527,齠,9F60,traditional_or_variant,unicode_encoded,tiao,high,,口字里是两个人 上下结构 读tiao .,4,,tiao
528,棃,68C3,traditional_or_variant,unicode_encoded,li,high,,口字里是两个人 上下结构 下面是一,4,,li
529,粟,7C9F,in_simplified_set,unicode_encoded,su,high,,,4,,粟
530,齊,9F4A,in_simplified_set,unicode_encoded,qi,high,,,4,,齊
531,朿,673F,in_simplified_set,unicode_encoded,ci,high,,,4,,朿
532,片,7247,in_simplified_set,unicode_encoded,pian,high,,,4,,片
533,鼎,9F0E,in_simplified_set,unicode_encoded,ding,high,,,4,,鼎
534,克,514B,in_simplified_set,unicode_encoded,ke,high,,,4,,克
535,录,5F55,in_simplified_set,unicode_encoded,lu,high,,,4,,录
536,禾,79BE,in_simplified_set,unicode_encoded,he,high,,,4,,禾
537,秫,79EB,in_simplified_set,unicode_encoded,shu,high,,,4,,秫
538,穗,7A57,traditional_or_variant,unicode_encoded,sui,high,,sui,4,,sui
539,穫,7A6B,in_simplified_set,unicode_encoded,huo,high,,,2,,穫
540,穅,7A45,in_simplified_set,unicode_encoded,kang,high,,,4,,穅
541,年,5E74,in_simplified_set,unicode_encoded,nian,high,,,4,,年
542,秦,79E6,in_simplified_set,unicode_encoded,qin,high,,,4,,秦
543,秝,79DD,in_simplified_set,unicode_encoded,li,high,,,2,,秝
544,黍,9ECD,in_simplified_set,unicode_encoded,shu,high,,,4,,黍
545,米,7C73,in_simplified_set,unicode_encoded,mi,high,,,4,,米
546,舂,8202,in_simplified_set,unicode_encoded,chong,high,,,4,,舂
547,臽,81FD,in_simplified_set,unicode_encoded,xian,high,,,4,,臽
548,耑,8011,in_simplified_set,unicode_encoded,duan,high,,,4,,耑
549,宀,5B80,in_simplified_set,unicode_encoded,mian,high,,,4,,宀
550,家,5BB6,in_simplified_set,unicode_encoded,jia,high,,,4,,家
551,宅,5B85,in_simplified_set,unicode_encoded,zhai,high,,,4,,宅
552,室,5BA4,in_simplified_set,unicode_encoded,shi,high,,,4,,室
553,宣,5BA3,in_simplified_set,unicode_encoded,xuan,high,,,3,,宣
554,向,5411,in_simplified_set,unicode_encoded,xiang,high,,,4,,向
555,寍,5BCD,in_simplified_set,unicode_encoded,ning,high,,,3,,寍
556,定,5B9A,in_simplified_set,unicode_encoded,ding,high,,,3,,定
557,安,5B89,in_simplified_set,unicode_encoded,an,high,,,4,,安
558,寳,5BF3,in_simplified_set,unicode_encoded,bao,high,,,4,,寳
559,宰,5BB0,in_simplified_set,unicode_encoded,zai,high,,,4,,宰
560,宜,5B9C,in_simplified_set,unicode_encoded,yi,high,,,3,,宜
561,宿,5BBF,in_simplified_set,unicode_encoded,su,high,,,4,,宿
562,寝,5BDD,in_simplified_set,unicode_encoded,qin,high,,,4,,寝
563,宕,5B95,in_simplified_set,unicode_encoded,dang,high,,,4,,宕
564,宋,5B8B,in_simplified_set,unicode_encoded,song,high,,,4,,宋
565,瓭,74ED,traditional_or_variant,unicode_encoded,dan,high,,,3,,dan
566,宗,5B97,in_simplified_set,unicode_encoded,zong,high,,,4,,宗
567,宙,5B99,in_simplified_set,unicode_encoded,zhou,high,,,1,,宙
568,宫,5BAB,in_simplified_set,unicode_encoded,gong,high,,,4,,宫
569,吕,5415,in_simplified_set,unicode_encoded,lv,high,,,4,,吕
570,寮,5BEE,in_simplified_set,unicode_encoded,liao,high,,,4,,寮
571,突,7A81,in_simplified_set,unicode_encoded,tu,high,,,2,,突
572,夢,5922,in_simplified_set,unicode_encoded,meng,high,,,4,,夢
573,寐,5BD0,in_simplified_set,unicode_encoded,mei,high,,,4,,寐
574,疒,7592,in_simplified_set,unicode_encoded,ne,high,,,4,,疒
575,疾,75BE,in_simplified_set,unicode_encoded,ji,high,,,4,,疾
576,同,540C,in_simplified_set,unicode_encoded,tong,high,,,4,,同
577,鞘,9798,traditional_or_variant,unicode_encoded,qiao,high,,,4,,qiao
578,罔,7F54,in_simplified_set,unicode_encoded,wang,high,,,4,,罔
579,羅,7F85,in_simplified_set,unicode_encoded,luo,high,,,3,,羅
580,巾,5DFE,in_simplified_set,unicode_encoded,jin,high,,,2,,巾
581,帚,5E1A,in_simplified_set,unicode_encoded,zhou,high,,,4,,帚
582,帛,5E1B,in_simplified_set,unicode_encoded,bo,high,,,1,,帛
583,白,767D,in_simplified_set,unicode_encoded,bai,high,,,4,,白
584,敝,655D,in_simplified_set,unicode_encoded,bi,high,,,4,,敝
585,人,4EBA,in_simplified_set,unicode_encoded,ren,high,,,4,,人
586,保,4FDD,in_simplified_set,unicode_encoded,bao,high,,,4,,保
587,仁,4EC1,in_simplified_set,unicode_encoded,ren,high,,,1,,仁
588,企,4F01,in_simplified_set,unicode_encoded,qi,high,,,4,,企
589,伯,4F2F,in_simplified_set,unicode_encoded,bo,high,,,1,,伯
590,伊,4F0A,in_simplified_set,unicode_encoded,yi,high,,,4,,伊
591,侚,4F9A,in_simplified_set,unicode_encoded,xun,high,,,1,,侚
592,倞,501E,in_simplified_set,unicode_encoded,jing,high,,,1,,倞
593,倗,5017,in_simplified_set,unicode_encoded,peng,high,,,4,,倗
594,何,4F55,in_simplified_set,unicode_encoded,he,high,,,4,,何
595,儐,5110,in_simplified_set,unicode_encoded,bin,high,,,4,,儐
596,依,4F9D,in_simplified_set,unicode_encoded,yi,high,,,4,,依
597,侸,4FB8,in_simplified_set,unicode_encoded,shu,high,,,4,,侸
598,偁,5041,in_simplified_set,unicode_encoded,cheng,high,,,4,,偁
599,溦,6EA6,traditional_or_variant,unicode_encoded,wei,high,reading of the candidate character matches the reading annotated in the source filename; the parenthetical note is therefore read as describing the components of the oracle-bone form of this same character,没有三点部首读wei,2,,wei
600,作,4F5C,in_simplified_set,unicode_encoded,zuo,high,,,4,,作
601,侵,4FB5,in_simplified_set,unicode_encoded,qin,high,,,4,,侵
602,任,4EFB,in_simplified_set,unicode_encoded,ren,high,,,4,,任
603,俔,4FD4,in_simplified_set,unicode_encoded,qian,high,,,1,,俔
604,使,4F7F,in_simplified_set,unicode_encoded,shi,high,,,1,,使
605,傳,50B3,in_simplified_set,unicode_encoded,chuan,high,,,2,,傳
606,仔,4ED4,in_simplified_set,unicode_encoded,zai,high,,,4,,仔
607,侮,4FAE,in_simplified_set,unicode_encoded,wu,high,,,1,,侮
608,伐,4F10,in_simplified_set,unicode_encoded,fa,high,,,4,,伐
609,俘,4FD8,in_simplified_set,unicode_encoded,fu,high,,,3,,俘
610,咎,548E,in_simplified_set,unicode_encoded,jiu,high,,,4,,咎
611,但,4F46,in_simplified_set,unicode_encoded,dan,high,,,1,,但
612,弔,5F14,in_simplified_set,unicode_encoded,diao,high,,,4,,弔
613,肄,8084,traditional_or_variant,unicode_encoded,yi,high,reading of the candidate character matches the reading annotated in the source filename; the parenthetical note is therefore read as describing the components of the oracle-bone form of this same character,yi二声右边是匕 yi,4,,yi
614,化,5316,in_simplified_set,unicode_encoded,hua,high,,,4,,化
615,匕,5315,in_simplified_set,unicode_encoded,bi,high,,,4,,匕
616,从,4ECE,in_simplified_set,unicode_encoded,cong,high,,,4,,从
617,從,5F9E,in_simplified_set,unicode_encoded,cong,high,,,1,,從
618,并,5E76,in_simplified_set,unicode_encoded,bing,high,,,4,,并
619,比,6BD4,in_simplified_set,unicode_encoded,bi,high,,,3,,比
620,北,5317,in_simplified_set,unicode_encoded,bei,high,,,4,,北
621,丘,4E18,in_simplified_set,unicode_encoded,qiu,high,,,4,,丘
622,乑,4E51,traditional_or_variant,unicode_encoded,yin,high,reading of the candidate character matches the reading annotated in the source filename; the parenthetical note is therefore read as describing the components of the oracle-bone form of this same character,两个字合起来yin,2,,yin
623,衆,8846,in_simplified_set,unicode_encoded,zhong,high,,,4,,衆
624,壬,58EC,in_simplified_set,unicode_encoded,ren,high,,,4,,壬
625,朢,6722,in_simplified_set,unicode_encoded,wang,high,,,4,,朢
626,監,76E3,in_simplified_set,unicode_encoded,jian,high,,,3,,監
627,衣,8863,in_simplified_set,unicode_encoded,yi,high,,,4,,衣
628,卒,5352,in_simplified_set,unicode_encoded,zu,high,,,4,,卒
629,裘,88D8,in_simplified_set,unicode_encoded,qiu,high,,,3,,裘
630,老,8001,in_simplified_set,unicode_encoded,lao,high,,,4,,老
631,耋,800B,in_simplified_set,unicode_encoded,die,high,,,1,,耋
632,考,8003,in_simplified_set,unicode_encoded,kao,high,,,4,,考
633,孝,5B5D,in_simplified_set,unicode_encoded,xiao,high,,,1,,孝
634,尸,5C38,in_simplified_set,unicode_encoded,shi,high,,,4,,尸
635,尾,5C3E,in_simplified_set,unicode_encoded,wei,high,,,1,,尾
636,舟,821F,in_simplified_set,unicode_encoded,zhou,high,,,4,,舟
637,肜,809C,traditional_or_variant,unicode_encoded,rong,high,reading of the candidate character matches the reading annotated in the source filename; the parenthetical note is therefore read as describing the components of the oracle-bone form of this same character,左边应该是舟读chen一声,4,,chen
638,朕,6715,in_simplified_set,unicode_encoded,zhen,high,,,4,,朕
639,般,822C,in_simplified_set,unicode_encoded,ban,high,,,4,,般
640,服,670D,in_simplified_set,unicode_encoded,fu,high,,,1,,服
641,方,65B9,in_simplified_set,unicode_encoded,fang,high,,,4,,方
642,兀,5140,in_simplified_set,unicode_encoded,wu,high,,,4,,兀
643,兒,5152,in_simplified_set,unicode_encoded,er,high,,,4,,兒
644,允,5141,in_simplified_set,unicode_encoded,yun,high,,,4,,允
645,兑,5151,in_simplified_set,unicode_encoded,dui,high,,,4,,兑
646,兄,5144,in_simplified_set,unicode_encoded,xiong,high,,,4,,兄
647,兢,5162,in_simplified_set,unicode_encoded,jing,high,"author rules that the form recorded in the source hand copy takes precedence; the v0.2 label 竸 is superseded by 兢 [author determination, 2026-08-10]",上边土字多一横读jing一声,3,,竸
648,先,5148,in_simplified_set,unicode_encoded,xian,high,,,4,,先
649,見,898B,in_simplified_set,unicode_encoded,jian,high,,,4,,見
650,視,8996,in_simplified_set,unicode_encoded,shi,high,,,4,,視
651,觀,89C0,in_simplified_set,unicode_encoded,guan,high,,,4,,觀
652,欠,6B20,in_simplified_set,unicode_encoded,qian,high,,,4,,欠
653,次,6B21,in_simplified_set,unicode_encoded,ci,high,,,4,,次
654,饮,996E,traditional_or_variant,unicode_encoded,yin,high,,yin,4,,yin
655,祸,7978,traditional_or_variant,unicode_encoded,huo,high,reading of the candidate character matches the reading annotated in the source filename; the parenthetical note is therefore read as describing the components of the oracle-bone form of this same character,左右调换一下 huo,1,,huo
656,頁,9801,in_simplified_set,unicode_encoded,ye,high,,,4,,頁
657,面,9762,in_simplified_set,unicode_encoded,mian,high,,,2,,面
658,首,9996,in_simplified_set,unicode_encoded,shou,high,,,4,,首
659,彡,5F61,in_simplified_set,unicode_encoded,shan,high,,,4,,彡
660,文,6587,in_simplified_set,unicode_encoded,wen,high,,,4,,文
661,后,540E,in_simplified_set,unicode_encoded,hou,high,,,3,,后
662,司,53F8,in_simplified_set,unicode_encoded,si,high,,,4,,司
663,卩,5369,in_simplified_set,unicode_encoded,jie,high,,,4,,卩
664,令,4EE4,in_simplified_set,unicode_encoded,ling,high,,,4,,令
665,转,8F6C,traditional_or_variant,unicode_encoded,zhuan,high,reading of the candidate character matches the reading annotated in the source filename; the parenthetical note is therefore read as describing the components of the oracle-bone form of this same character,合并,4,,zhuan
666,印,5370,in_simplified_set,unicode_encoded,yin,high,,,4,,印
667,卯,536F,in_simplified_set,unicode_encoded,mao,high,,,1,,卯
668,卿,537F,in_simplified_set,unicode_encoded,qing,high,,,4,,卿
669,辟,8F9F,in_simplified_set,unicode_encoded,pi,high,,,4,,辟
670,勹,52F9,in_simplified_set,unicode_encoded,bao,high,,,4,,勹
671,旬,65EC,in_simplified_set,unicode_encoded,xun,high,,,4,,旬
672,勽,52FD,in_simplified_set,unicode_encoded,bao,high,,,4,,勽
673,苟,82DF,in_simplified_set,unicode_encoded,gou,high,,,4,,苟
674,鬼,9B3C,in_simplified_set,unicode_encoded,gui,high,,,4,,鬼
675,鬽,9B3D,in_simplified_set,unicode_encoded,mei,high,,,3,,鬽
676,甶,7536,in_simplified_set,unicode_encoded,fu,high,,,2,,甶
677,畏,754F,in_simplified_set,unicode_encoded,wei,high,,,4,,畏
678,山,5C71,in_simplified_set,unicode_encoded,shan,high,,,4,,山
679,嵒,5D52,in_simplified_set,unicode_encoded,yan,high,,,3,,嵒
680,庭,5EAD,in_simplified_set,unicode_encoded,ting,high,,,4,,庭
681,廣,5EE3,in_simplified_set,unicode_encoded,guang,high,,,3,,廣
682,龐,9F90,in_simplified_set,unicode_encoded,pang,high,,,4,,龐
683,厂,5382,in_simplified_set,unicode_encoded,chang,high,,,4,,厂
684,石,77F3,in_simplified_set,unicode_encoded,shi,high,,,4,,石
685,磬,78EC,in_simplified_set,unicode_encoded,qing,high,,,4,,磬
686,長,9577,in_simplified_set,unicode_encoded,zhang,high,,,4,,長
687,勿,52FF,in_simplified_set,unicode_encoded,wu,high,,,4,,勿
688,昜,661C,in_simplified_set,unicode_encoded,yang,high,,,4,,昜
689,冄,5184,in_simplified_set,unicode_encoded,ran,high,,,4,,冄
690,而,800C,in_simplified_set,unicode_encoded,er,high,,,4,,而
691,豕,8C55,in_simplified_set,unicode_encoded,shi,high,,,4,,豕
692,豰,8C70,in_simplified_set,unicode_encoded,bo,high,,,1,,豰
693,豭,8C6D,in_simplified_set,unicode_encoded,jia,high,,,4,,豭
694,豢,8C62,in_simplified_set,unicode_encoded,huan,high,,,2,,豢
695,豩,8C69,in_simplified_set,unicode_encoded,bin,high,,,4,,豩
696,彘,5F58,in_simplified_set,unicode_encoded,zhi,high,,,4,,彘
697,豚,8C5A,in_simplified_set,unicode_encoded,tun,high,,,4,,豚
698,豸,8C78,in_simplified_set,unicode_encoded,zhi,high,,,3,,豸
699,蛳,86F3,traditional_or_variant,unicode_encoded,si,high,reading of the candidate character matches the reading annotated in the source filename; the parenthetical note is therefore read as describing the components of the oracle-bone form of this same character,凹勹上下结构，勹中间加四点,4,,si
700,易,6613,in_simplified_set,unicode_encoded,yi,high,,,3,,易
701,象,8C61,in_simplified_set,unicode_encoded,xiang,high,,,4,,象
702,馬,99AC,in_simplified_set,unicode_encoded,ma,high,,,4,,馬
703,驪,9A6A,in_simplified_set,unicode_encoded,li,high,,,2,,驪
704,駁,99C1,in_simplified_set,unicode_encoded,bo,high,,,2,,駁
705,騽,9A3D,in_simplified_set,unicode_encoded,xi,high,,,3,,騽
706,驅,9A45,in_simplified_set,unicode_encoded,qu,high,,,4,,驅
707,馽,99BD,in_simplified_set,unicode_encoded,zhi,high,,,4,,馽
708,驤,9A64,traditional_or_variant,unicode_encoded,xiang,high,,xiang,4,,xiang
709,廌,5ECC,in_simplified_set,unicode_encoded,zhi,high,,,3,,廌
710,鹿,9E7F,in_simplified_set,unicode_encoded,lu,high,,,4,,鹿
711,麟,9E9F,in_simplified_set,unicode_encoded,lin,high,,,1,,麟
712,麐,9E90,in_simplified_set,unicode_encoded,lin,high,,,2,,麐
713,麋,9E8B,in_simplified_set,unicode_encoded,mi,high,,,4,,麋
714,麇,9E87,in_simplified_set,unicode_encoded,jun,high,,,3,,麇
715,麑,9E91,in_simplified_set,unicode_encoded,ni,high,,,4,,麑
716,麀,9E80,in_simplified_set,unicode_encoded,you,high,,,1,,麀
717,麤,9EA4,in_simplified_set,unicode_encoded,cu,high,,,2,,麤
718,兔,5154,in_simplified_set,unicode_encoded,tu,high,,,4,,兔
719,逸,9038,in_simplified_set,unicode_encoded,yi,high,,,3,,逸
720,犬,72AC,in_simplified_set,unicode_encoded,quan,high,,,4,,犬
721,尨,5C28,in_simplified_set,unicode_encoded,mang,high,,,2,,尨
722,圻,573B,traditional_or_variant,unicode_encoded,qi,high,,,2,,yin
723,狩,72E9,in_simplified_set,unicode_encoded,shou,high,,,4,,狩
724,臭,81ED,in_simplified_set,unicode_encoded,chou,high,,,2,,臭
725,獲,7372,in_simplified_set,unicode_encoded,huo,high,,,2,,獲
726,獻,737B,in_simplified_set,unicode_encoded,xian,high,,,2,,獻
727,狂,72C2,in_simplified_set,unicode_encoded,kuang,high,,,2,,狂
728,狄,72C4,in_simplified_set,unicode_encoded,di,high,,,4,,狄
729,猶,7336,in_simplified_set,unicode_encoded,you,high,,,2,,猶
730,狼,72FC,in_simplified_set,unicode_encoded,lang,high,,,1,,狼
731,狽,72FD,in_simplified_set,unicode_encoded,bei,high,,,2,,狽
732,火,706B,in_simplified_set,unicode_encoded,huo,high,,,4,,火
733,尞,5C1E,in_simplified_set,unicode_encoded,liao,high,,,4,,尞
734,焛,711B,in_simplified_set,unicode_encoded,lin,high,,,4,,焛
735,烄,70C4,in_simplified_set,unicode_encoded,jiao,high,,,4,,烄
736,熹,71B9,in_simplified_set,unicode_encoded,xi,high,,,4,,熹
737,奀,5940,traditional_or_variant,unicode_encoded,en,high,reading of the candidate character matches the reading annotated in the source filename; the parenthetical note is therefore read as describing the components of the oracle-bone form of this same character,昚的上边加上衣字底enen,1,,en
738,秋,79CB,in_simplified_set,unicode_encoded,qiu,high,,,4,,秋
739,㶳,3DB3,traditional_or_variant,unicode_encoded,jin,high,"author identifies the entry as 㶳 (U+3DB3, CJK Extension A); the source filename records the components 火 and 聿 and annotates the reading jin (4th tone), which matches [author determination, 2026-08-10]",jin / 组合:火聿组合四声,1,,jin
740,焚,711A,in_simplified_set,unicode_encoded,fen,high,,,4,,焚
741,烖,70D6,in_simplified_set,unicode_encoded,zai,high,,,3,,烖
742,光,5149,in_simplified_set,unicode_encoded,guang,high,,,4,,光
743,烕,70D5,in_simplified_set,unicode_encoded,mie,high,,,2,,烕
744,炎,708E,in_simplified_set,unicode_encoded,yan,high,,,4,,炎
745,焱,7131,in_simplified_set,unicode_encoded,yan,high,,,3,,焱
746,赤,8D64,in_simplified_set,unicode_encoded,chi,high,,,4,,赤
747,大,5927,in_simplified_set,unicode_encoded,da,high,,,4,,大
748,夾,593E,in_simplified_set,unicode_encoded,jia,high,,,4,,夾
749,夸,5938,in_simplified_set,unicode_encoded,kua,high,,,1,,夸
750,夷,5937,in_simplified_set,unicode_encoded,yi,high,,,1,,夷
751,亦,4EA6,in_simplified_set,unicode_encoded,yi,high,,,4,,亦
752,夨,5928,in_simplified_set,unicode_encoded,ze,high,,,4,,夨
753,呉,5449,in_simplified_set,unicode_encoded,wu,high,,,1,,呉
754,夭,592D,in_simplified_set,unicode_encoded,yao,high,,,3,,夭
755,交,4EA4,in_simplified_set,unicode_encoded,jiao,high,,,4,,交
756,壺,58FA,in_simplified_set,unicode_encoded,hu,high,,,4,,壺
757,幸,5E78,in_simplified_set,unicode_encoded,xing,high,,,4,,幸
758,執,57F7,in_simplified_set,unicode_encoded,zhi,high,,,4,,執
759,圉,5709,in_simplified_set,unicode_encoded,yu,high,,,4,,圉
760,報,5831,in_simplified_set,unicode_encoded,bao,high,,,4,,報
761,亢,4EA2,in_simplified_set,unicode_encoded,kang,high,,,3,,亢
762,殈,6B88,traditional_or_variant,unicode_encoded,xu,high,,,4,,xu
763,举,4E3E,traditional_or_variant,unicode_encoded,ju,high,,,2,,ju
764,奚,595A,in_simplified_set,unicode_encoded,xi,high,,,4,,奚
765,夫,592B,in_simplified_set,unicode_encoded,fu,high,,,4,,夫
766,伴,4F34,traditional_or_variant,unicode_encoded,ban,high,reading of the candidate character matches the reading annotated in the source filename; the parenthetical note is therefore read as describing the components of the oracle-bone form of this same character,本為夫,4,,ban
767,立,7ACB,in_simplified_set,unicode_encoded,li,high,,,4,,立
768,竝,7ADD,in_simplified_set,unicode_encoded,bing,high,,,4,,竝
769,心,5FC3,in_simplified_set,unicode_encoded,xin,high,,,4,,心
770,慶,6176,in_simplified_set,unicode_encoded,qing,high,,,1,,慶
771,悔,6094,in_simplified_set,unicode_encoded,hui,high,,,3,,悔
772,水,6C34,in_simplified_set,unicode_encoded,shui,high,,,4,,水
773,河,6CB3,in_simplified_set,unicode_encoded,he,high,,,4,,河
774,沮,6CAE,in_simplified_set,unicode_encoded,ju,high,,,2,,沮
775,涂,6D82,in_simplified_set,unicode_encoded,tu,high,,,2,,涂
776,洛,6D1B,in_simplified_set,unicode_encoded,luo,high,,,2,,洛
777,汝,6C5D,in_simplified_set,unicode_encoded,ru,high,,,4,,汝
778,油,6CB9,in_simplified_set,unicode_encoded,you,high,,,2,,油
779,淮,6DEE,in_simplified_set,unicode_encoded,huai,high,,,3,,淮
780,洧,6D27,in_simplified_set,unicode_encoded,wei,high,,,3,,洧
781,濼,6FFC,in_simplified_set,unicode_encoded,luo,high,,,1,,濼
782,洹,6D39,in_simplified_set,unicode_encoded,huan,high,,,4,,洹
783,沉,6C89,in_simplified_set,unicode_encoded,chen,high,,,4,,沉
784,寖,5BD6,in_simplified_set,unicode_encoded,jin,high,,,1,,寖
785,浿,6D7F,in_simplified_set,unicode_encoded,pei,high,,,2,,浿
786,洚,6D1A,in_simplified_set,unicode_encoded,jiang,high,,,1,,洚
787,衍,884D,in_simplified_set,unicode_encoded,yan,high,,,4,,衍
788,演,6F14,in_simplified_set,unicode_encoded,yan,high,,,3,,演
789,況,6CC1,in_simplified_set,unicode_encoded,kuang,high,,,2,,況
790,沖,6C96,in_simplified_set,unicode_encoded,chong,high,,,2,,沖
791,灂,7042,in_simplified_set,unicode_encoded,zhuo,high,,,1,,灂
792,淵,6DF5,in_simplified_set,unicode_encoded,yuan,high,,,2,,淵
793,滋,6ECB,in_simplified_set,unicode_encoded,zi,high,,,2,,滋
794,沚,6C9A,in_simplified_set,unicode_encoded,zhi,high,,,4,,沚
795,派,6D3E,in_simplified_set,unicode_encoded,pai,high,,,4,,派
796,汜,6C5C,in_simplified_set,unicode_encoded,si,high,,,1,,汜
797,湀,6E40,in_simplified_set,unicode_encoded,gui,high,,,1,,湀
798,濘,6FD8,in_simplified_set,unicode_encoded,ning,high,,,3,,濘
799,潢,6F62,in_simplified_set,unicode_encoded,huang,high,,,2,,潢
800,湄,6E44,in_simplified_set,unicode_encoded,mei,high,,,4,,湄
801,汓,6C53,in_simplified_set,unicode_encoded,qiu,high,,,4,,汓
802,砅,7805,in_simplified_set,unicode_encoded,li,high,,,4,,砅
803,溺,6EBA,traditional_or_variant,unicode_encoded,ni,high,reading of the candidate character matches the reading annotated in the source filename; the parenthetical note is therefore read as describing the components of the oracle-bone form of this same character,火為水,1,,ni
804,潦,6F66,in_simplified_set,unicode_encoded,lao,high,,,1,,潦
805,濩,6FE9,in_simplified_set,unicode_encoded,huo,high,,,4,,濩
806,涿,6DBF,in_simplified_set,unicode_encoded,zhuo,high,,,4,,涿
807,沈,6C88,in_simplified_set,unicode_encoded,shen,high,,,4,,沈
808,涵,6DB5,in_simplified_set,unicode_encoded,han,high,,,3,,涵
809,溼,6EBC,in_simplified_set,unicode_encoded,shi,high,,,2,,溼
810,洎,6D0E,in_simplified_set,unicode_encoded,ji,high,,,2,,洎
811,汰,6C70,in_simplified_set,unicode_encoded,tai,high,,,4,,汰
812,淡,6DE1,in_simplified_set,unicode_encoded,dan,high,,,1,,淡
813,洒,6D12,in_simplified_set,unicode_encoded,sa,high,,,4,,洒
814,沐,6C90,in_simplified_set,unicode_encoded,mu,high,,,2,,沐
815,沫,6CAB,in_simplified_set,unicode_encoded,mo,high,,,2,,沫
816,濤,6FE4,in_simplified_set,unicode_encoded,tao,high,,,1,,濤
817,沝,6C9D,in_simplified_set,unicode_encoded,zhui,high,,,2,,沝
818,涉,6D89,in_simplified_set,unicode_encoded,she,high,,,4,,涉
819,川,5DDD,in_simplified_set,unicode_encoded,chuan,high,,,4,,川
820,列,5217,traditional_or_variant,unicode_encoded,lie,high,,,3,,lie
821,邕,9095,in_simplified_set,unicode_encoded,yong,high,,,4,,邕
822,灾,707E,traditional_or_variant,unicode_encoded,zai,high,reading of the candidate character matches the reading annotated in the source filename; the parenthetical note is therefore read as describing the components of the oracle-bone form of this same character,中間多一橫,4,,zai
823,州,5DDE,in_simplified_set,unicode_encoded,zhou,high,,,3,,州
824,泉,6CC9,in_simplified_set,unicode_encoded,quan,high,,,4,,泉
825,永,6C38,in_simplified_set,unicode_encoded,yong,high,,,4,,永
826,谷,8C37,in_simplified_set,unicode_encoded,gu,high,,,4,,谷
827,冰,51B0,in_simplified_set,unicode_encoded,bing,high,,,1,,冰
828,冬,51AC,in_simplified_set,unicode_encoded,dong,high,,,3,,冬
829,雨,96E8,in_simplified_set,unicode_encoded,yu,high,,,4,,雨
830,雷,96F7,in_simplified_set,unicode_encoded,lei,high,,,4,,雷
831,霝,971D,in_simplified_set,unicode_encoded,ling,high,,,4,,霝
832,落,843D,traditional_or_variant,unicode_encoded,luo,high,,,1,,luo
833,霖,9716,in_simplified_set,unicode_encoded,lin,high,,,2,,霖
834,霽,973D,in_simplified_set,unicode_encoded,ji,high,,,4,,霽
835,霋,970B,traditional_or_variant,unicode_encoded,qi,high,,,2,,qi
836,霾,973E,in_simplified_set,unicode_encoded,mai,high,,,4,,霾
837,雩,96E9,in_simplified_set,unicode_encoded,yu,high,,,4,,雩
838,雩,96E9,in_simplified_set,unicode_encoded,yu,high,,,4,,雩
839,雲,96F2,in_simplified_set,unicode_encoded,yun,high,,,4,,雲
840,魚,9B5A,in_simplified_set,unicode_encoded,yu,high,,,4,,魚
841,漁,6F01,in_simplified_set,unicode_encoded,yu,high,,,4,,漁
842,燕,71D5,in_simplified_set,unicode_encoded,yan,high,,,4,,燕
843,龍,9F8D,in_simplified_set,unicode_encoded,long,high,,,4,,龍
844,麉,9E89,traditional_or_variant,unicode_encoded,jian,high,reading of the candidate character matches the reading annotated in the source filename; the parenthetical note is therefore read as describing the components of the oracle-bone form of this same character,上面两个干读jian,1,,jian
845,不,4E0D,in_simplified_set,unicode_encoded,bu,high,,,4,,不
846,至,81F3,in_simplified_set,unicode_encoded,zhi,high,,,4,,至
847,西,897F,in_simplified_set,unicode_encoded,xi,high,,,4,,西
848,户,6237,in_simplified_set,unicode_encoded,hu,high,,,4,,户
849,門,9580,in_simplified_set,unicode_encoded,men,high,,,4,,門
850,耳,8033,in_simplified_set,unicode_encoded,er,high,,,4,,耳
851,聖,8056,in_simplified_set,unicode_encoded,sheng,high,,,3,,聖
852,聽,807D,in_simplified_set,unicode_encoded,ting,high,,,4,,聽
853,聲,8072,in_simplified_set,unicode_encoded,sheng,high,,,2,,聲
854,聞,805E,in_simplified_set,unicode_encoded,wen,high,,,4,,聞
855,聾,807E,in_simplified_set,unicode_encoded,long,high,,,1,,聾
856,聑,8051,in_simplified_set,unicode_encoded,tie,high,,,1,,聑
857,排,6392,in_simplified_set,unicode_encoded,pai,high,,,3,,排
858,扶,6276,in_simplified_set,unicode_encoded,fu,high,,,3,,扶
859,摯,646F,in_simplified_set,unicode_encoded,zhi,high,,,3,,摯
860,搏,640F,in_simplified_set,unicode_encoded,bo,high,,,1,,搏
861,撣,64A3,in_simplified_set,unicode_encoded,dan,high,,,2,,撣
862,掔,6394,in_simplified_set,unicode_encoded,qian,high,,,4,,掔
863,扔,6254,in_simplified_set,unicode_encoded,reng,high,,,1,,扔
864,拕,62D5,in_simplified_set,unicode_encoded,tuo,high,,,4,,拕
865,掤,63A4,in_simplified_set,unicode_encoded,bing,high,,,4,,掤
866,扜,625C,in_simplified_set,unicode_encoded,yu,high,,,1,,扜
867,女,5973,in_simplified_set,unicode_encoded,nv,high,,,4,,女
868,姓,59D3,in_simplified_set,unicode_encoded,xing,high,,,3,,姓
869,姜,59DC,in_simplified_set,unicode_encoded,jiang,high,,,4,,姜
870,姬,59EC,in_simplified_set,unicode_encoded,ji,high,,,5,,姬
871,娶,5A36,in_simplified_set,unicode_encoded,qu,high,,,1,,娶
872,婦,5A66,in_simplified_set,unicode_encoded,fu,high,,,3,,婦
873,妃,5983,in_simplified_set,unicode_encoded,fei,high,,,4,,妃
874,妊,598A,in_simplified_set,unicode_encoded,ren,high,,,3,,妊
875,母,6BCD,in_simplified_set,unicode_encoded,mu,high,,,4,,母
876,妣,59A3,in_simplified_set,unicode_encoded,bi,high,,,2,,妣
877,妹,59B9,in_simplified_set,unicode_encoded,mei,high,,,4,,妹
878,姪,59EA,traditional_or_variant,unicode_encoded,zhi,high,,,4,,zhi
879,姼,59FC,traditional_or_variant,unicode_encoded,shi,high,,,4,,chi
880,溪,6EAA,traditional_or_variant,unicode_encoded,xi,high,reading of the candidate character matches the reading annotated in the source filename; the parenthetical note is therefore read as describing the components of the oracle-bone form of this same character,左边是女不是三点水读xi,3,,xi
881,婢,5A62,in_simplified_set,unicode_encoded,bi,high,,,3,,婢
882,娀,5A00,traditional_or_variant,unicode_encoded,song,high,,,1,,song
883,娥,5A25,in_simplified_set,unicode_encoded,e,high,,,4,,娥
884,妸,59B8,in_simplified_set,unicode_encoded,e,high,,,3,,妸
885,依,4F9D,traditional_or_variant,unicode_encoded,yi,high,reading of the candidate character matches the reading annotated in the source filename; the parenthetical note is therefore read as describing the components of the oracle-bone form of this same character,右边一个衣读yi yi,1,,yi
886,媚,5A9A,in_simplified_set,unicode_encoded,mei,high,,,4,,媚
887,好,597D,in_simplified_set,unicode_encoded,hao,high,,,4,,好
888,姌,59CC,traditional_or_variant,unicode_encoded,ran,high,,ran,4,,ran
889,委,59D4,in_simplified_set,unicode_encoded,wei,high,,,3,,委
890,妌,598C,in_simplified_set,unicode_encoded,jing,high,,,4,,妌
891,如,5982,in_simplified_set,unicode_encoded,ru,high,,,4,,如
892,娕,5A15,in_simplified_set,unicode_encoded,chuo,high,,,4,,娕
893,嬪,5B2A,traditional_or_variant,unicode_encoded,pin,high,,,4,,bin
894,妟,599F,traditional_or_variant,unicode_encoded,yan,high,,,2,,yan
895,姷,59F7,in_simplified_set,unicode_encoded,you,high,,,1,,姷
896,嬰,5B30,in_simplified_set,unicode_encoded,ying,high,,,3,,嬰
897,妝,599D,in_simplified_set,unicode_encoded,zhuang,high,,,2,,妝
898,媟,5A9F,traditional_or_variant,unicode_encoded,xie,high,,,4,,xie
899,婪,5A6A,in_simplified_set,unicode_encoded,lan,high,,,1,,婪
900,媿,5ABF,in_simplified_set,unicode_encoded,kui,high,,,2,,媿
901,奻,597B,traditional_or_variant,unicode_encoded,nuan,high,,,3,,nan
902,妥,59A5,in_simplified_set,unicode_encoded,tuo,high,,,4,,妥
903,民,6C11,in_simplified_set,unicode_encoded,min,high,,,4,,民
904,乂,4E42,in_simplified_set,unicode_encoded,yi,high,,,4,,乂
905,弗,5F17,in_simplified_set,unicode_encoded,fu,high,,,4,,弗
906,氏,6C0F,in_simplified_set,unicode_encoded,shi,high,,,4,,氏
907,氒,6C12,in_simplified_set,unicode_encoded,jue,high,,,4,,氒
908,戈,6208,in_simplified_set,unicode_encoded,ge,high,,,4,,戈
909,肇,8087,in_simplified_set,unicode_encoded,zhao,high,,,2,,肇
910,戎,620E,in_simplified_set,unicode_encoded,rong,high,,,2,,戎
911,戣,6223,in_simplified_set,unicode_encoded,kui,high,,,4,,戣
912,干,5E72,traditional_or_variant,unicode_encoded,gan,high,reading of the candidate character matches the reading annotated in the source filename; the parenthetical note is therefore read as describing the components of the oracle-bone form of this same character,左边一个旱读gan,4,,gan
913,戍,620D,in_simplified_set,unicode_encoded,shu,high,,,4,,戍
914,或,6216,in_simplified_set,unicode_encoded,huo,high,,,4,,或
915,戕,6215,traditional_or_variant,unicode_encoded,qiang,high,,,1,,zang
916,,,undetermined,not_encoded,zai,,a private-use-area code point (U+E83B) was assigned to this entry in the 2012 source database; recorded here for historical traceability only and not interoperable,,4,U+E83B,zai
917,缄,7F04,traditional_or_variant,unicode_encoded,jian,high,,jian,4,,jian
918,武,6B66,in_simplified_set,unicode_encoded,wu,high,,,4,,武
919,戠,6220,in_simplified_set,unicode_encoded,zhi,high,,,4,,戠
920,戔,6214,in_simplified_set,unicode_encoded,jian,high,,,4,,戔
921,戉,6209,in_simplified_set,unicode_encoded,yue,high,,,4,,戉
922,我,6211,in_simplified_set,unicode_encoded,wo,high,,,4,,我
923,義,7FA9,in_simplified_set,unicode_encoded,yi,high,,,4,,義
924,直,76F4,in_simplified_set,unicode_encoded,zhi,high,,,4,,直
925,亡,4EA1,in_simplified_set,unicode_encoded,wang,high,,,4,,亡
926,乍,4E4D,traditional_or_variant,unicode_encoded,zha,high,,,4,,zuu
927,匈,5308,traditional_or_variant,unicode_encoded,xiong,high,,,4,,xiong
928,區,5340,in_simplified_set,unicode_encoded,qu,high,,,3,,區
929,医,533B,in_simplified_set,unicode_encoded,yi,high,,,3,,医
930,匚,531A,in_simplified_set,unicode_encoded,fang,high,,,4,,匚
931,匡,5321,in_simplified_set,unicode_encoded,kuang,high,,,3,,匡
932,匬,532C,traditional_or_variant,unicode_encoded,yu,high,,,2,,yu
933,甾,753E,in_simplified_set,unicode_encoded,zai,high,,,4,,甾
934,弓,5F13,in_simplified_set,unicode_encoded,gong,high,,,4,,弓
935,彊,5F4A,in_simplified_set,unicode_encoded,jiang,high,,,1,,彊
936,弘,5F18,in_simplified_set,unicode_encoded,hong,high,,,4,,弘
937,彈,5F48,in_simplified_set,unicode_encoded,dan,high,,,4,,彈
938,弜,5F1C,traditional_or_variant,unicode_encoded,jiang,high,,,4,,qiang
939,系,7CFB,in_simplified_set,unicode_encoded,xi,high,,,4,,系
940,孫,5B6B,in_simplified_set,unicode_encoded,sun,high,,,4,,孫
941,糸,7CF8,in_simplified_set,unicode_encoded,mi,high,,,4,,糸
942,絶,7D76,traditional_or_variant,unicode_encoded,jue,high,"author rules that the form recorded in the source hand copy takes precedence; the v0.2 label 絕 is superseded by 絶 [author determination, 2026-08-10]",,3,,絕
943,續,7E8C,traditional_or_variant,unicode_encoded,xu,high,,,1,,xu
944,紹,7D39,in_simplified_set,unicode_encoded,shao,high,,,3,,紹
945,紊,7D0A,in_simplified_set,unicode_encoded,wen,high,,,1,,紊
946,終,7D42,in_simplified_set,unicode_encoded,zhong,high,,,3,,終
947,緑,7DD1,in_simplified_set,unicode_encoded,lv,high,,,1,,緑
948,紟,7D1F,in_simplified_set,unicode_encoded,jin,high,,,1,,紟
949,編,7DE8,in_simplified_set,unicode_encoded,bian,high,,,1,,編
950,紂,7D02,traditional_or_variant,unicode_encoded,zhou,high,"author rules that the form recorded in the source hand copy takes precedence; the v0.2 label 纣 is superseded by 紂 [author determination, 2026-08-10]",,1,,纣
951,綏,7D8F,in_simplified_set,unicode_encoded,sui,high,,,4,,綏
952,彝,5F5D,in_simplified_set,unicode_encoded,yi,high,,,4,,彝
953,絲,7D72,in_simplified_set,unicode_encoded,si,high,,,4,,絲
954,率,7387,in_simplified_set,unicode_encoded,lv,high,,,4,,率
955,虫,866B,in_simplified_set,unicode_encoded,chong,high,,,4,,虫
956,蜀,8700,in_simplified_set,unicode_encoded,shu,high,,,4,,蜀
957,虹,8679,in_simplified_set,unicode_encoded,hong,high,,,3,,虹
958,昆,6606,traditional_or_variant,unicode_encoded,kun,high,,,4,,kun
959,蠱,8831,in_simplified_set,unicode_encoded,gu,high,,,4,,蠱
960,風,98A8,in_simplified_set,unicode_encoded,feng,high,,,3,,風
961,它,5B83,in_simplified_set,unicode_encoded,ta,high,,,3,,它
962,龜,9F9C,traditional_or_variant,unicode_encoded,gui,high,"author rules that the form recorded in the source hand copy takes precedence; the v0.2 label 嶲 is superseded by 龜 [author determination, 2026-08-10]",,4,,嶲
963,黽,9EFD,in_simplified_set,unicode_encoded,mian,high,,,3,,黽
964,鼍,9F0D,in_simplified_set,unicode_encoded,tuo,high,,,2,,鼍
965,二,4E8C,in_simplified_set,unicode_encoded,er,high,,,4,,二
966,亟,4E9F,in_simplified_set,unicode_encoded,ji,high,,,4,,亟
967,恒,6052,in_simplified_set,unicode_encoded,heng,high,,,4,,恒
968,亘,4E98,in_simplified_set,unicode_encoded,gen,high,,,4,,亘
969,凡,51E1,in_simplified_set,unicode_encoded,fan,high,,,4,,凡
970,土,571F,in_simplified_set,unicode_encoded,tu,high,,,4,,土
971,基,57FA,in_simplified_set,unicode_encoded,ji,high,,,3,,基
972,在,5728,in_simplified_set,unicode_encoded,zai,high,,,4,,在
973,封,5C01,in_simplified_set,unicode_encoded,feng,high,,,4,,封
974,圣,5723,in_simplified_set,unicode_encoded,sheng,high,,,4,,圣
975,堯,582F,traditional_or_variant,unicode_encoded,yao,high,,,1,,yao
976,堇,5807,traditional_or_variant,unicode_encoded,jin,high,,,3,,qin
977,艱,8271,in_simplified_set,unicode_encoded,jian,high,,,3,,艱
978,野,91CE,in_simplified_set,unicode_encoded,ye,high,,,3,,野
979,田,7530,in_simplified_set,unicode_encoded,tian,high,,,4,,田
980,疇,7587,in_simplified_set,unicode_encoded,chou,high,,,3,,疇
981,畯,756F,in_simplified_set,unicode_encoded,jun,high,,,4,,畯
982,畕,7555,in_simplified_set,unicode_encoded,jiang,high,,,1,,畕
983,疆,7586,in_simplified_set,unicode_encoded,jiang,high,,,1,,疆
984,黄,9EC4,in_simplified_set,unicode_encoded,huang,high,,,3,,黄
985,男,7537,in_simplified_set,unicode_encoded,nan,high,,,4,,男
986,力,529B,in_simplified_set,unicode_encoded,li,high,,,3,,力
987,劦,52A6,in_simplified_set,unicode_encoded,xie,high,,,4,,劦
988,錫,932B,in_simplified_set,unicode_encoded,xi,high,,,1,,錫
989,鑄,9444,in_simplified_set,unicode_encoded,zhu,high,,,3,,鑄
990,镬,956C,in_simplified_set,unicode_encoded,huo,high,,,4,,镬
991,锾,953E,in_simplified_set,unicode_encoded,huan,high,,,2,,锾
992,且,4E14,in_simplified_set,unicode_encoded,qie,high,,,4,,且
993,俎,4FCE,in_simplified_set,unicode_encoded,zu,high,,,4,,俎
994,斤,65A4,in_simplified_set,unicode_encoded,jin,high,,,2,,斤
995,斧,65A7,in_simplified_set,unicode_encoded,fu,high,,,2,,斧
996,斫,65AB,in_simplified_set,unicode_encoded,zhuo,high,,,2,,斫
997,新,65B0,in_simplified_set,unicode_encoded,xin,high,,,4,,新
998,斝,659D,in_simplified_set,unicode_encoded,jia,high,,,4,,斝
999,升,5347,in_simplified_set,unicode_encoded,sheng,high,,,4,,升
1000,車,8ECA,in_simplified_set,unicode_encoded,che,high,,,4,,車
1001,輿,8F3F,in_simplified_set,unicode_encoded,yu,high,,,3,,輿
1002,堆,5806,traditional_or_variant,unicode_encoded,dui,high,,,4,,dui
1003,官,5B98,in_simplified_set,unicode_encoded,guan,high,,,4,,官
1004,丰,4E30,traditional_or_variant,unicode_encoded,feng,high,,fu,4,,fu
1005,陵,9675,in_simplified_set,unicode_encoded,ling,high,,,1,,陵
1006,陽,967D,in_simplified_set,unicode_encoded,yang,high,,,1,,陽
1007,陮,966E,in_simplified_set,unicode_encoded,dui,high,,,4,,陮
1008,陟,965F,in_simplified_set,unicode_encoded,zhi,high,,,3,,陟
1009,隊,968A,in_simplified_set,unicode_encoded,dui,high,,,3,,隊
1010,降,964D,in_simplified_set,unicode_encoded,jiang,high,,,4,,降
1011,餐,9910,traditional_or_variant,unicode_encoded,can,high,,,4,,qian
1012,陴,9674,in_simplified_set,unicode_encoded,pi,high,,,2,,陴
1013,四,56DB,in_simplified_set,unicode_encoded,si,high,,,4,,四
1014,宁,5B81,in_simplified_set,unicode_encoded,ning,high,,,4,,宁
1015,亞,4E9E,in_simplified_set,unicode_encoded,ya,high,,,4,,亞
1016,五,4E94,in_simplified_set,unicode_encoded,wu,high,,,4,,五
1017,六,516D,in_simplified_set,unicode_encoded,liu,high,,,4,,六
1018,七,4E03,in_simplified_set,unicode_encoded,qi,high,,,4,,七
1019,九,4E5D,in_simplified_set,unicode_encoded,jiu,high,,,4,,九
1020,禽,79BD,in_simplified_set,unicode_encoded,qin,high,,,4,,禽
1021,萬,842C,in_simplified_set,unicode_encoded,wan,high,,,4,,萬
1022,獸,7378,in_simplified_set,unicode_encoded,shou,high,,,4,,獸
1023,甲,7532,in_simplified_set,unicode_encoded,jia,high,,,4,,甲
1024,乙,4E59,in_simplified_set,unicode_encoded,yi,high,,,4,,乙
1025,尤,5C24,in_simplified_set,unicode_encoded,you,high,,,4,,尤
1026,丙,4E19,in_simplified_set,unicode_encoded,bing,high,,,4,,丙
1027,丁,4E01,in_simplified_set,unicode_encoded,ding,high,,,4,,丁
1028,戊,620A,in_simplified_set,unicode_encoded,wu,high,,,4,,戊
1029,成,6210,in_simplified_set,unicode_encoded,cheng,high,,,4,,成
1030,己,5DF1,in_simplified_set,unicode_encoded,ji,high,,,4,,己
1031,萁,8401,traditional_or_variant,unicode_encoded,qi,high,reading of the candidate character matches the reading annotated in the source filename; the parenthetical note is therefore read as describing the components of the oracle-bone form of this same character,上面為己,4,,qi
1032,庚,5E9A,in_simplified_set,unicode_encoded,geng,high,,,4,,庚
1033,辛,8F9B,in_simplified_set,unicode_encoded,xin,high,,,4,,辛
1034,辥,8FA5,traditional_or_variant,unicode_encoded,xue,high,,,4,,e
1035,壬,58EC,in_simplified_set,unicode_encoded,ren,high,,,4,,壬
1036,癸,7678,in_simplified_set,unicode_encoded,gui,high,,,3,,癸
1037,子,5B50,in_simplified_set,unicode_encoded,zi,high,,,3,,子
1038,孕,5B55,in_simplified_set,unicode_encoded,yun,high,,,4,,孕
1039,季,5B63,in_simplified_set,unicode_encoded,ji,high,,,4,,季
1040,育,80B2,in_simplified_set,unicode_encoded,yu,high,,,4,,育
1041,丑,4E11,in_simplified_set,unicode_encoded,chou,high,,,4,,丑
1042,羞,7F9E,in_simplified_set,unicode_encoded,xiu,high,,,4,,羞
1043,寅,5BC5,in_simplified_set,unicode_encoded,yin,high,,,4,,寅
1044,卯,536F,in_simplified_set,unicode_encoded,mao,high,,,4,,卯
1045,辰,8FB0,in_simplified_set,unicode_encoded,chen,high,,,4,,辰
1046,巳,5DF3,in_simplified_set,unicode_encoded,si,high,,,4,,巳
1047,已,5DF2,traditional_or_variant,unicode_encoded,yi,high,,,4,,yi
1048,午,5348,in_simplified_set,unicode_encoded,wu,high,,,3,,午
1049,未,672A,in_simplified_set,unicode_encoded,wei,high,,,4,,未
1050,申,7533,in_simplified_set,unicode_encoded,shen,high,,,4,,申
1051,酉,9149,in_simplified_set,unicode_encoded,you,high,,,4,,酉
1052,酒,9152,in_simplified_set,unicode_encoded,jiu,high,,,4,,酒
1053,配,914D,in_simplified_set,unicode_encoded,pei,high,,,3,,配
1054,尊,5C0A,in_simplified_set,unicode_encoded,zun,high,,,4,,尊
1055,戌,620C,in_simplified_set,unicode_encoded,xu,high,,,4,,戌
1056,亥,4EA5,in_simplified_set,unicode_encoded,hai,high,,,4,,亥
1057,莽,83BD,in_simplified_set,unicode_encoded,mang,high,,,2,,莽
1058,害,5BB3,traditional_or_variant,unicode_encoded,hai,high,,,2,,hai
1059,噪,566A,traditional_or_variant,unicode_encoded,zao,high,reading of the candidate character matches the reading annotated in the source filename; the parenthetical note is therefore read as describing the components of the oracle-bone form of this same character,左有一口,3,,zao
1060,呈,5448,traditional_or_variant,unicode_encoded,cheng,high,,,3,,cheng
1061,唬,552C,in_simplified_set,unicode_encoded,hu,high,,,1,,唬
1062,走,8D70,in_simplified_set,unicode_encoded,zou,high,,,3,,走
1063,挤,6324,traditional_or_variant,unicode_encoded,ji,high,,,2,,ji
1064,徒,5F92,in_simplified_set,unicode_encoded,tu,high,,,2,,徒
1065,徙,5F99,in_simplified_set,unicode_encoded,xi,high,,,2,,徙
1066,後,5F8C,in_simplified_set,unicode_encoded,hou,high,,,3,,後
1067,迪,8FEA,traditional_or_variant,unicode_encoded,di,high,,,1,,di
1068,遠,9060,in_simplified_set,unicode_encoded,yuan,high,,,3,,遠
1069,疋,758B,in_simplified_set,unicode_encoded,pi,high,,,4,,疋
1070,洹,6D39,traditional_or_variant,unicode_encoded,huan,high,,,1,,huan
1071,訢,8A22,in_simplified_set,unicode_encoded,xin,high,,,2,,訢
1072,尋,5C0B,traditional_or_variant,unicode_encoded,xun,high,,,1,,xun
1073,童,7AE5,in_simplified_set,unicode_encoded,tong,high,,,2,,童
1074,晝,665D,in_simplified_set,unicode_encoded,zhou,high,,,2,,晝
1075,卑,5351,in_simplified_set,unicode_encoded,bei,high,,,1,,卑
1076,將,5C07,in_simplified_set,unicode_encoded,jiang,high,,,4,,將
1077,庸,5EB8,in_simplified_set,unicode_encoded,yong,high,,,3,,庸
1078,箪,7BAA,traditional_or_variant,unicode_encoded,dan,high,,,2,,dan
1079,督,7763,in_simplified_set,unicode_encoded,du,high,,,3,,督
1080,怨,6028,traditional_or_variant,unicode_encoded,yuan,high,,,3,,yuan
1081,鼻,9F3B,in_simplified_set,unicode_encoded,bi,high,,,1,,鼻
1082,翟,7FDF,in_simplified_set,unicode_encoded,di,high,,,1,,翟
1083,豢,8C62,traditional_or_variant,unicode_encoded,huan,high,,huan,2,,huan
1084,鳶,9CF6,traditional_or_variant,unicode_encoded,yuan,high,,,2,,yuan
1085,爭,722D,in_simplified_set,unicode_encoded,zheng,high,,,3,,爭
1086,胄,80C4,in_simplified_set,unicode_encoded,zhou,high,,,1,,胄
1087,畵,7575,traditional_or_variant,unicode_encoded,hua,high,,,4,,hua
1088,縲,7E32,traditional_or_variant,unicode_encoded,lei,high,,,2,,lei
1089,虽,867D,traditional_or_variant,unicode_encoded,sui,high,,,2,,sui
1090,爼,723C,traditional_or_variant,unicode_encoded,zu,high,,,3,,zu
1091,觳,89F3,traditional_or_variant,unicode_encoded,hu,high,,,2,,hu
1092,其,5176,in_simplified_set,unicode_encoded,qi,high,,,3,,其
1093,佐,4F50,in_simplified_set,unicode_encoded,zuo,high,,,3,,佐
1094,廼,5EFC,in_simplified_set,unicode_encoded,nai,high,,,3,,廼
1095,沓,6C93,in_simplified_set,unicode_encoded,da,high,,,3,,沓
1096,虐,8650,in_simplified_set,unicode_encoded,nve,high,,,3,,虐
1097,鱼,9C7C,traditional_or_variant,unicode_encoded,yu,high,,yu,2,,yu
1098,猟,731F,traditional_or_variant,unicode_encoded,lie,high,,,3,,lie
1099,祭,796D,traditional_or_variant,unicode_encoded,ji,high,,,4,,ji
1100,飤,98E4,traditional_or_variant,unicode_encoded,si,high,,,1,,si
1101,餐,9910,traditional_or_variant,unicode_encoded,can,high,,,3,,can
1102,夌,590C,in_simplified_set,unicode_encoded,ling,high,,,3,,夌
1103,困,56F0,traditional_or_variant,unicode_encoded,kun,high,,,3,,kun
1104,夆,5906,in_simplified_set,unicode_encoded,feng,high,,,1,,夆
1105,李,674E,in_simplified_set,unicode_encoded,li,high,,,1,,李
1106,櫟,6ADF,in_simplified_set,unicode_encoded,li,high,,,1,,櫟
1107,條,689D,in_simplified_set,unicode_encoded,tiao,high,,,3,,條
1108,杕,6755,traditional_or_variant,unicode_encoded,di,high,,,2,,di
1109,罍,7F4D,in_simplified_set,unicode_encoded,lei,high,,,1,,罍
1110,椎,690E,in_simplified_set,unicode_encoded,chui,high,,,1,,椎
1111,校,6821,in_simplified_set,unicode_encoded,xiao,high,,,1,,校
1112,鬱,9B31,in_simplified_set,unicode_encoded,yu,high,,,2,,鬱
1113,橐,6A50,traditional_or_variant,unicode_encoded,tuo,high,,,3,,tuo
1114,漅,6F05,in_simplified_set,unicode_encoded,chao,high,,,3,,漅
1115,籋,7C4B,traditional_or_variant,unicode_encoded,nie,high,,,2,,nie
1116,霸,9738,in_simplified_set,unicode_encoded,ba,high,,,1,,霸
1117,齐,9F50,traditional_or_variant,unicode_encoded,qi,high,,,2,,qi
1118,卣,5363,in_simplified_set,unicode_encoded,you,high,,,3,,卣
1119,穆,7A46,in_simplified_set,unicode_encoded,mu,high,,,3,,穆
1120,穧,7A67,traditional_or_variant,unicode_encoded,ji,high,,,3,,ji
1121,覃,8983,traditional_or_variant,unicode_encoded,tan,high,,tan,3,,tan
1122,兇,5147,in_simplified_set,unicode_encoded,xiong,high,,,1,,兇
1123,宇,5B87,in_simplified_set,unicode_encoded,yu,high,,,1,,宇
1124,宛,5B9B,in_simplified_set,unicode_encoded,wan,high,,,2,,宛
1125,袧,88A7,traditional_or_variant,unicode_encoded,gou,high,,,1,,gou
1126,细,7EC6,traditional_or_variant,unicode_encoded,xi,high,,xi,1,,xi
1127,纲,7EB2,traditional_or_variant,unicode_encoded,gang,high,reading of the candidate character matches the reading annotated in the source filename; the parenthetical note is therefore read as describing the components of the oracle-bone form of this same character,上网下束,2,,gang
1128,僤,50E4,in_simplified_set,unicode_encoded,dan,high,,,1,,僤
1129,免,514D,in_simplified_set,unicode_encoded,mian,high,,,1,,免
1130,係,4FC2,traditional_or_variant,unicode_encoded,xi,high,,,3,,xi
1131,量,91CF,in_simplified_set,unicode_encoded,liang,high,,,3,,量
1132,身,8EAB,in_simplified_set,unicode_encoded,shen,high,,,2,,身
1133,殷,6BB7,in_simplified_set,unicode_encoded,yin,high,,,3,,殷
1134,袁,8881,in_simplified_set,unicode_encoded,yuan,high,,,3,,袁
1135,襄,8944,in_simplified_set,unicode_encoded,xiang,high,,,3,,襄
1136,萦,8426,traditional_or_variant,unicode_encoded,ying,high,,ying,3,,ying
1137,伲,4F32,traditional_or_variant,unicode_encoded,ni,high,,,3,,ni
1138,伏,4F0F,in_simplified_set,unicode_encoded,fu,high,,,2,,伏
1139,旡,65E1,in_simplified_set,unicode_encoded,ji,high,,,3,,旡
1140,帆,5E06,traditional_or_variant,unicode_encoded,fan,high,,fan,2,,fan
1141,須,9808,in_simplified_set,unicode_encoded,xu,high,,,3,,須
1142,醜,919C,in_simplified_set,unicode_encoded,chou,high,,,2,,醜
1143,庻,5EBB,traditional_or_variant,unicode_encoded,shu,high,,,3,,shu
1144,危,5371,in_simplified_set,unicode_encoded,wei,high,,,3,,危
1145,硪,786A,traditional_or_variant,unicode_encoded,wo,high,,,2,,e
1146,驟,9A5F,in_simplified_set,unicode_encoded,zhou,high,,,3,,驟
1147,駛,99DB,in_simplified_set,unicode_encoded,shi,high,,,2,,駛
1148,炘,7098,in_simplified_set,unicode_encoded,xin,high,,,1,,炘
1149,祥,7965,traditional_or_variant,unicode_encoded,xiang,high,,,2,,xiang
1150,狐,72D0,in_simplified_set,unicode_encoded,hu,high,,,3,,狐
1151,鼠,9F20,in_simplified_set,unicode_encoded,shu,high,,,3,,鼠
1152,蒸,84B8,in_simplified_set,unicode_encoded,zheng,high,,,3,,蒸
1153,烈,70C8,in_simplified_set,unicode_encoded,lie,high,,,3,,烈
1154,黑,9ED1,in_simplified_set,unicode_encoded,hei,high,,,3,,黑
1155,粦,7CA6,in_simplified_set,unicode_encoded,lin,high,,,2,,粦
1156,奏,594F,in_simplified_set,unicode_encoded,zou,high,,,4,,奏
1157,惟,60DF,in_simplified_set,unicode_encoded,wei,high,,,2,,惟
1158,懋,61CB,in_simplified_set,unicode_encoded,mao,high,,,1,,懋
1159,熊,718A,in_simplified_set,unicode_encoded,xiong,high,,,1,,熊
1160,胶,80F6,in_simplified_set,unicode_encoded,jiao,high,,,1,,胶
1161,湌,6E4C,in_simplified_set,unicode_encoded,can,high,,,3,,湌
1162,泊,6CCA,in_simplified_set,unicode_encoded,po,high,,,1,,泊
1163,沛,6C9B,traditional_or_variant,unicode_encoded,pei,high,,,4,,pei
1164,镍,954D,traditional_or_variant,unicode_encoded,nie,high,,nie,3,,nie
1165,蔖,8516,traditional_or_variant,unicode_encoded,cuo,high,,,1,,cuo
1166,钳,94B3,traditional_or_variant,unicode_encoded,qian,high,,,1,,yu
1167,凍,51CD,in_simplified_set,unicode_encoded,dong,high,,,1,,凍
1168,震,9707,in_simplified_set,unicode_encoded,zhen,high,,,3,,震
1169,踏,8E0F,traditional_or_variant,unicode_encoded,ta,high,,,1,,ta
1170,沁,6C81,in_simplified_set,unicode_encoded,qin,high,,,3,,沁
1171,乳,4E73,in_simplified_set,unicode_encoded,ru,high,,,2,,乳
1172,聯,806F,in_simplified_set,unicode_encoded,lian,high,,,3,,聯
1173,馘,9998,in_simplified_set,unicode_encoded,guo,high,,,1,,馘
1174,振,632F,traditional_or_variant,unicode_encoded,zhen,high,,,1,,zhen
1175,婐,5A50,in_simplified_set,unicode_encoded,wo,high,,,3,,婐
1176,婭,5A6D,traditional_or_variant,unicode_encoded,ya,high,"author rules that the form recorded in the source hand copy takes precedence; the v0.2 label 娅 is superseded by 婭 [author determination, 2026-08-10]",,2,,娅
1177,娘,5A18,in_simplified_set,unicode_encoded,niang,high,,,2,,娘
1178,嬉,5B09,in_simplified_set,unicode_encoded,xi,high,,,2,,嬉
1179,妤,59A4,traditional_or_variant,unicode_encoded,yu,high,,,2,,yu
1180,妞,599E,traditional_or_variant,unicode_encoded,niu,provisional,"author gives 妞 as a provisional reading; the source filename records 女 and 力 separately. Retained as provisional pending confirmation [author determination, 2026-08-10]",组合:女力,3,,jia
1181,冬,51AC,traditional_or_variant,unicode_encoded,dong,high,,dong,1,,dong
1182,奏,594F,traditional_or_variant,unicode_encoded,zou,high,,zou,3,,zou
1183,弋,5F0B,in_simplified_set,unicode_encoded,yi,high,,,3,,弋
1184,戚,621A,in_simplified_set,unicode_encoded,qi,high,,,4,,戚
1185,囻,56FB,traditional_or_variant,unicode_encoded,guo,high,,,4,,guo
1186,曲,66F2,in_simplified_set,unicode_encoded,qu,high,,,1,,曲
1187,洱,6D31,in_simplified_set,unicode_encoded,er,high,,,2,,洱
1188,爵,7235,traditional_or_variant,unicode_encoded,jue,high,,,1,,jue
1189,轡,8F61,traditional_or_variant,unicode_encoded,pei,high,,,3,,pei
1190,臝,81DD,traditional_or_variant,unicode_encoded,luo,high,,,4,,luo
1191,塞,585E,in_simplified_set,unicode_encoded,sai,high,,,1,,塞
1192,由,7531,in_simplified_set,unicode_encoded,you,high,,,3,,由
1193,畜,755C,in_simplified_set,unicode_encoded,chu,high,,,2,,畜
1194,嘉,5609,traditional_or_variant,unicode_encoded,jia,high,,,2,,jia
1195,鑿,947F,in_simplified_set,unicode_encoded,zao,high,,,3,,鑿
1196,載,8F09,in_simplified_set,unicode_encoded,zai,high,,,3,,載
1197,輦,8F26,traditional_or_variant,unicode_encoded,nian,high,,,1,,nian
1198,隂,9682,in_simplified_set,unicode_encoded,yin,high,,,3,,隂
1199,巴,5DF4,in_simplified_set,unicode_encoded,ba,high,,,3,,巴
1200,臾,81FE,traditional_or_variant,unicode_encoded,yu,high,,,2,,yu
1201,罇,7F47,traditional_or_variant,unicode_encoded,zun,high,,,3,,zun
1202,次,6B21,traditional_or_variant,unicode_encoded,ci,high,,,3,,ci
1203,举,4E3E,traditional_or_variant,unicode_encoded,ju,high,,,3,,ju
