glyph_id,modern_char,unicode,char_form,encoding_status,pinyin,svg
1,一,4E00,in_simplified_set,unicode_encoded,yi,0001.svg
2,元,5143,in_simplified_set,unicode_encoded,yuan,0002.svg
3,天,5929,in_simplified_set,unicode_encoded,tian,0003.svg
4,吏,540F,in_simplified_set,unicode_encoded,li,0004.svg
5,上,4E0A,in_simplified_set,unicode_encoded,shang,0005.svg
6,帝,5E1D,in_simplified_set,unicode_encoded,di,0006.svg
7,旁,65C1,in_simplified_set,unicode_encoded,pang,0007.svg
8,下,4E0B,in_simplified_set,unicode_encoded,xia,0008.svg
9,示,793A,in_simplified_set,unicode_encoded,shi,0009.svg
10,祜,795C,in_simplified_set,unicode_encoded,hu,0010.svg
11,禮,79AE,in_simplified_set,unicode_encoded,li,0011.svg
12,禄,7984,in_simplified_set,unicode_encoded,lu,0012.svg
13,祥,7965,in_simplified_set,unicode_encoded,xiang,0013.svg
14,祉,7949,in_simplified_set,unicode_encoded,zhi,0014.svg
15,福,798F,in_simplified_set,unicode_encoded,fu,0015.svg
16,祐,7950,in_simplified_set,unicode_encoded,you,0016.svg
17,祭,796D,in_simplified_set,unicode_encoded,ji,0017.svg
18,祀,7940,in_simplified_set,unicode_encoded,si,0018.svg
19,祖,7956,in_simplified_set,unicode_encoded,zu,0019.svg
20,祏,794F,in_simplified_set,unicode_encoded,shi,0020.svg
21,祠,7960,in_simplified_set,unicode_encoded,ci,0021.svg
22,禘,7998,in_simplified_set,unicode_encoded,di,0022.svg
23,祝,795D,in_simplified_set,unicode_encoded,zhu,0023.svg
24,祓,7953,traditional_or_variant,unicode_encoded,fu,0024.svg
25,祈,7948,in_simplified_set,unicode_encoded,qi,0025.svg
26,禦,79A6,traditional_or_variant,unicode_encoded,yu,0026.svg
27,禍,798D,in_simplified_set,unicode_encoded,huo,0027.svg
28,祟,795F,in_simplified_set,unicode_encoded,sui,0028.svg
29,禫,79AB,in_simplified_set,unicode_encoded,dan,0029.svg
30,三,4E09,in_simplified_set,unicode_encoded,san,0030.svg
31,王,738B,in_simplified_set,unicode_encoded,wang,0031.svg
32,玉,7389,in_simplified_set,unicode_encoded,yu,0032.svg
33,玨,73A8,in_simplified_set,unicode_encoded,jue,0033.svg
34,氣,6C23,in_simplified_set,unicode_encoded,qi,0034.svg
35,中,4E2D,in_simplified_set,unicode_encoded,zhong,0035.svg
36,屮,5C6E,in_simplified_set,unicode_encoded,che,0036.svg
37,屯,5C6F,in_simplified_set,unicode_encoded,tun,0037.svg
38,每,6BCF,in_simplified_set,unicode_encoded,mei,0038.svg
39,萑,8411,traditional_or_variant,unicode_encoded,huan,0039.svg
40,萌,840C,in_simplified_set,unicode_encoded,meng,0040.svg
41,兹,5179,in_simplified_set,unicode_encoded,zi,0041.svg
42,蔡,8521,in_simplified_set,unicode_encoded,cai,0042.svg
43,茀,8300,in_simplified_set,unicode_encoded,fu,0043.svg
44,若,82E5,in_simplified_set,unicode_encoded,ruo,0044.svg
45,苴,82F4,in_simplified_set,unicode_encoded,ju,0045.svg
46,芻,82BB,in_simplified_set,unicode_encoded,chu,0046.svg
47,薶,85B6,in_simplified_set,unicode_encoded,mai,0047.svg
48,折,6298,in_simplified_set,unicode_encoded,zhe,0048.svg
49,艿,827F,traditional_or_variant,unicode_encoded,nai,0049.svg
50,蒿,84BF,in_simplified_set,unicode_encoded,hao,0050.svg
51,春,6625,in_simplified_set,unicode_encoded,chun,0051.svg
52,蓐,84D0,in_simplified_set,unicode_encoded,ru,0052.svg
53,莫,83AB,in_simplified_set,unicode_encoded,mo,0053.svg
54,葬,846C,in_simplified_set,unicode_encoded,zang,0054.svg
55,小,5C0F,in_simplified_set,unicode_encoded,xiao,0055.svg
56,少,5C11,in_simplified_set,unicode_encoded,shao,0056.svg
57,八,516B,in_simplified_set,unicode_encoded,ba,0057.svg
58,分,5206,in_simplified_set,unicode_encoded,fen,0058.svg
59,曾,66FE,in_simplified_set,unicode_encoded,ceng,0059.svg
60,遂,9042,traditional_or_variant,unicode_encoded,sui,0060.svg
61,介,4ECB,in_simplified_set,unicode_encoded,jie,0061.svg
62,兆,5146,in_simplified_set,unicode_encoded,zhao,0062.svg
63,公,516C,in_simplified_set,unicode_encoded,gong,0063.svg
64,必,5FC5,in_simplified_set,unicode_encoded,bi,0064.svg
65,余,4F59,in_simplified_set,unicode_encoded,yu,0065.svg
66,番,756A,in_simplified_set,unicode_encoded,fan,0066.svg
67,牛,725B,in_simplified_set,unicode_encoded,niu,0067.svg
68,牡,7261,in_simplified_set,unicode_encoded,mu,0068.svg
69,犅,7285,in_simplified_set,unicode_encoded,gang,0069.svg
70,牝,725D,in_simplified_set,unicode_encoded,pin,0070.svg
71,牲,7272,in_simplified_set,unicode_encoded,sheng,0071.svg
72,牢,7262,in_simplified_set,unicode_encoded,lao,0072.svg
73,物,7269,in_simplified_set,unicode_encoded,wu,0073.svg
74,告,544A,in_simplified_set,unicode_encoded,gao,0074.svg
75,口,53E3,in_simplified_set,unicode_encoded,kou,0075.svg
76,喙,5599,in_simplified_set,unicode_encoded,hui,0076.svg
77,吹,5439,in_simplified_set,unicode_encoded,chui,0077.svg
78,名,540D,in_simplified_set,unicode_encoded,ming,0078.svg
79,君,541B,in_simplified_set,unicode_encoded,jun,0079.svg
80,命,547D,in_simplified_set,unicode_encoded,ming,0080.svg
81,召,53EC,in_simplified_set,unicode_encoded,zhao,0081.svg
82,問,554F,in_simplified_set,unicode_encoded,wen,0082.svg
83,唯,552F,in_simplified_set,unicode_encoded,wei,0083.svg
84,启,542F,in_simplified_set,unicode_encoded,qi,0084.svg
85,咸,54B8,in_simplified_set,unicode_encoded,xian,0085.svg
86,右,53F3,in_simplified_set,unicode_encoded,you,0086.svg
87,吉,5409,in_simplified_set,unicode_encoded,ji,0087.svg
88,周,5468,in_simplified_set,unicode_encoded,zhou,0088.svg
89,唐,5510,in_simplified_set,unicode_encoded,tang,0089.svg
90,敋,654B,traditional_or_variant,unicode_encoded,ge,0090.svg
91,吝,541D,in_simplified_set,unicode_encoded,lin,0091.svg
92,各,5404,in_simplified_set,unicode_encoded,ge,0092.svg
93,單,55AE,in_simplified_set,unicode_encoded,dan,0093.svg
94,哭,54ED,in_simplified_set,unicode_encoded,ku,0094.svg
95,喪,55AA,in_simplified_set,unicode_encoded,sang,0095.svg
96,逺,903A,traditional_or_variant,unicode_encoded,yuan,0096.svg
97,止,6B62,in_simplified_set,unicode_encoded,zhi,0097.svg
98,前,524D,in_simplified_set,unicode_encoded,qian,0098.svg
99,歷,6B77,in_simplified_set,unicode_encoded,li,0099.svg
100,歸,6B78,in_simplified_set,unicode_encoded,gui,0100.svg
101,登,767B,in_simplified_set,unicode_encoded,deng,0101.svg
102,癹,7679,traditional_or_variant,unicode_encoded,ba,0102.svg
103,步,6B65,in_simplified_set,unicode_encoded,bu,0103.svg
104,歳,6B73,in_simplified_set,unicode_encoded,sui,0104.svg
105,此,6B64,in_simplified_set,unicode_encoded,ci,0105.svg
106,正,6B63,in_simplified_set,unicode_encoded,zheng,0106.svg
107,辵,8FB5,in_simplified_set,unicode_encoded,chuo,0107.svg
108,征,5F81,in_simplified_set,unicode_encoded,zheng,0108.svg
109,遝,905D,in_simplified_set,unicode_encoded,ta,0109.svg
110,颌,988C,traditional_or_variant,unicode_encoded,he,0110.svg
111,逆,9006,in_simplified_set,unicode_encoded,ni,0111.svg
112,遘,9058,in_simplified_set,unicode_encoded,gou,0112.svg
113,通,901A,in_simplified_set,unicode_encoded,tong,0113.svg
114,還,9084,in_simplified_set,unicode_encoded,hai,0114.svg
115,遣,9063,in_simplified_set,unicode_encoded,qian,0115.svg
116,逹,9039,in_simplified_set,unicode_encoded,da,0116.svg
117,追,8FFD,in_simplified_set,unicode_encoded,zhui,0117.svg
118,逐,9010,in_simplified_set,unicode_encoded,zhu,0118.svg
119,至,81F3,traditional_or_variant,unicode_encoded,zhi,0119.svg
120,逴,9034,in_simplified_set,unicode_encoded,chuo,0120.svg
121,迂,8FC2,traditional_or_variant,unicode_encoded,yu,0121.svg
122,進,9032,in_simplified_set,unicode_encoded,jin,0122.svg
123,途,9014,in_simplified_set,unicode_encoded,tu,0123.svg
124,德,5FB7,in_simplified_set,unicode_encoded,de,0124.svg
125,復,5FA9,traditional_or_variant,unicode_encoded,fu,0125.svg
126,往,5F80,in_simplified_set,unicode_encoded,wang,0126.svg
127,彶,5F76,in_simplified_set,unicode_encoded,ji,0127.svg
128,逢,9022,traditional_or_variant,unicode_encoded,feng,0128.svg
129,避,907F,in_simplified_set,unicode_encoded,bi,0129.svg
130,得,5F97,in_simplified_set,unicode_encoded,de,0130.svg
131,律,5F8B,in_simplified_set,unicode_encoded,lv,0131.svg
132,御,5FA1,in_simplified_set,unicode_encoded,yu,0132.svg
133,延,5EF6,traditional_or_variant,unicode_encoded,yan,0133.svg
134,行,884C,in_simplified_set,unicode_encoded,xing,0134.svg
135,衛,885B,traditional_or_variant,unicode_encoded,wei,0135.svg
136,齒,9F52,traditional_or_variant,unicode_encoded,chi,0136.svg
137,足,8DB3,in_simplified_set,unicode_encoded,zu,0137.svg
138,跽,8DFD,in_simplified_set,unicode_encoded,ji,0138.svg
139,品,54C1,in_simplified_set,unicode_encoded,pin,0139.svg
140,龠,9FA0,in_simplified_set,unicode_encoded,yue,0140.svg
141,龢,9FA2,in_simplified_set,unicode_encoded,he,0141.svg
142,册,518C,in_simplified_set,unicode_encoded,ce,0142.svg
143,嗣,55E3,in_simplified_set,unicode_encoded,si,0143.svg
144,星,661F,traditional_or_variant,unicode_encoded,xing,0144.svg
145,嚚,569A,in_simplified_set,unicode_encoded,yin,0145.svg
146,舌,820C,in_simplified_set,unicode_encoded,she,0146.svg
147,干,5E72,in_simplified_set,unicode_encoded,gan,0147.svg
148,屰,5C70,in_simplified_set,unicode_encoded,ni,0148.svg
149,畑,7551,traditional_or_variant,unicode_encoded,tian,0149.svg
150,冏,518F,in_simplified_set,unicode_encoded,jiong,0150.svg
151,商,5546,in_simplified_set,unicode_encoded,shang,0151.svg
152,句,53E5,in_simplified_set,unicode_encoded,ju,0152.svg
153,丩,4E29,in_simplified_set,unicode_encoded,jiu,0153.svg
154,古,53E4,in_simplified_set,unicode_encoded,gu,0154.svg
155,十,5341,in_simplified_set,unicode_encoded,shi,0155.svg
156,千,5343,in_simplified_set,unicode_encoded,qian,0156.svg
157,廿,5EFF,in_simplified_set,unicode_encoded,nian,0157.svg
158,卅,5345,in_simplified_set,unicode_encoded,sa,0158.svg
159,言,8A00,in_simplified_set,unicode_encoded,yan,0159.svg
160,誨,8AA8,in_simplified_set,unicode_encoded,hui,0160.svg
161,訊,8A0A,in_simplified_set,unicode_encoded,xun,0161.svg
162,呼,547C,in_simplified_set,unicode_encoded,hu,0162.svg
163,誖,8A96,in_simplified_set,unicode_encoded,bei,0163.svg
164,競,7AF6,traditional_or_variant,unicode_encoded,jing,0164.svg
165,竟,7ADF,in_simplified_set,unicode_encoded,jing,0165.svg
166,铅,94C5,traditional_or_variant,unicode_encoded,qian,0166.svg
167,妾,59BE,in_simplified_set,unicode_encoded,qie,0167.svg
168,對,5C0D,in_simplified_set,unicode_encoded,dui,0168.svg
169,僕,50D5,in_simplified_set,unicode_encoded,pu,0169.svg
170,共,5171,in_simplified_set,unicode_encoded,gong,0170.svg
171,丞,4E1E,in_simplified_set,unicode_encoded,cheng,0171.svg
172,畀,7540,in_simplified_set,unicode_encoded,bi,0172.svg
173,弄,5F04,in_simplified_set,unicode_encoded,nong,0173.svg
174,奎,594E,traditional_or_variant,unicode_encoded,kui,0174.svg
175,戒,6212,in_simplified_set,unicode_encoded,jie,0175.svg
176,兵,5175,in_simplified_set,unicode_encoded,bing,0176.svg
177,龏,9F8F,in_simplified_set,unicode_encoded,gong,0177.svg
178,具,5177,in_simplified_set,unicode_encoded,ju,0178.svg
179,異,7570,in_simplified_set,unicode_encoded,yi,0179.svg
180,興,8208,in_simplified_set,unicode_encoded,xing,0180.svg
181,要,8981,in_simplified_set,unicode_encoded,yao,0181.svg
182,晨,6668,traditional_or_variant,unicode_encoded,chen,0182.svg
183,農,8FB2,in_simplified_set,unicode_encoded,nong,0183.svg
184,鬲,9B32,in_simplified_set,unicode_encoded,ge,0184.svg
185,鬳,9B33,in_simplified_set,unicode_encoded,yan,0185.svg
186,餗,9917,in_simplified_set,unicode_encoded,su,0186.svg
187,爪,722A,in_simplified_set,unicode_encoded,zhao,0187.svg
188,孚,5B5A,in_simplified_set,unicode_encoded,fu,0188.svg
189,爲,7232,in_simplified_set,unicode_encoded,wei,0189.svg
190,丮,4E2E,in_simplified_set,unicode_encoded,ji,0190.svg
191,蓺,84FA,in_simplified_set,unicode_encoded,yi,0191.svg
192,熟,719F,traditional_or_variant,unicode_encoded,shu,0192.svg
193,载,8F7D,traditional_or_variant,unicode_encoded,zai,0193.svg
194,崋,5D0B,traditional_or_variant,unicode_encoded,hua,0194.svg
195,鬥,9B25,in_simplified_set,unicode_encoded,dou,0195.svg
196,又,53C8,in_simplified_set,unicode_encoded,you,0196.svg
197,爪,722A,traditional_or_variant,unicode_encoded,zhao,0197.svg
198,父,7236,in_simplified_set,unicode_encoded,fu,0198.svg
199,叜,53DC,in_simplified_set,unicode_encoded,sou,0199.svg
200,燮,71EE,in_simplified_set,unicode_encoded,xie,0200.svg
201,尹,5C39,in_simplified_set,unicode_encoded,yin,0201.svg
202,虘,8658,traditional_or_variant,unicode_encoded,cuo,0202.svg
203,斄,6584,traditional_or_variant,unicode_encoded,li,0203.svg
204,及,53CA,in_simplified_set,unicode_encoded,ji,0204.svg
205,秉,79C9,in_simplified_set,unicode_encoded,bing,0205.svg
206,反,53CD,in_simplified_set,unicode_encoded,fan,0206.svg
207,服,670D,traditional_or_variant,unicode_encoded,fu,0207.svg
208,祟,795F,traditional_or_variant,unicode_encoded,sui,0208.svg
209,叔,53D4,in_simplified_set,unicode_encoded,shu,0209.svg
210,取,53D6,in_simplified_set,unicode_encoded,qu,0210.svg
211,彗,5F57,in_simplified_set,unicode_encoded,hui,0211.svg
212,友,53CB,in_simplified_set,unicode_encoded,you,0212.svg
213,左,5DE6,in_simplified_set,unicode_encoded,zuo,0213.svg
214,史,53F2,in_simplified_set,unicode_encoded,shi,0214.svg
215,事,4E8B,in_simplified_set,unicode_encoded,shi,0215.svg
216,肄,8084,traditional_or_variant,unicode_encoded,yi,0216.svg
217,隶,96B6,traditional_or_variant,unicode_encoded,li,0217.svg
218,臤,81E4,in_simplified_set,unicode_encoded,qian,0218.svg
219,臣,81E3,in_simplified_set,unicode_encoded,chen,0219.svg
220,臧,81E7,in_simplified_set,unicode_encoded,zang,0220.svg
221,殳,6BB3,in_simplified_set,unicode_encoded,shu,0221.svg
222,壳,58F3,traditional_or_variant,unicode_encoded,ke,0222.svg
223,頭,982D,traditional_or_variant,unicode_encoded,tou,0223.svg
224,簋,7C0B,traditional_or_variant,unicode_encoded,gui,0224.svg
225,伇,4F07,in_simplified_set,unicode_encoded,yi,0225.svg
226,殺,6BBA,in_simplified_set,unicode_encoded,sha,0226.svg
227,尋,5C0B,in_simplified_set,unicode_encoded,xun,0227.svg
228,專,5C08,in_simplified_set,unicode_encoded,zhuan,0228.svg
229,尃,5C03,in_simplified_set,unicode_encoded,fu,0229.svg
230,攴,6534,in_simplified_set,unicode_encoded,pu,0230.svg
231,啓,5553,in_simplified_set,unicode_encoded,qi,0231.svg
232,徹,5FB9,traditional_or_variant,unicode_encoded,che,0232.svg
233,敏,654F,in_simplified_set,unicode_encoded,min,0233.svg
234,效,6548,in_simplified_set,unicode_encoded,xiao,0234.svg
235,政,653F,in_simplified_set,unicode_encoded,zheng,0235.svg
236,尸,5C38,traditional_or_variant,unicode_encoded,shi,0236.svg
237,更,66F4,in_simplified_set,unicode_encoded,geng,0237.svg
238,攸,6538,in_simplified_set,unicode_encoded,you,0238.svg
239,敉,6549,in_simplified_set,unicode_encoded,mi,0239.svg
240,敭,656D,traditional_or_variant,unicode_encoded,yang,0240.svg
241,敗,6557,in_simplified_set,unicode_encoded,bai,0241.svg
242,攻,653B,in_simplified_set,unicode_encoded,gong,0242.svg
243,铣,94E3,traditional_or_variant,unicode_encoded,xi,0243.svg
244,畋,754B,in_simplified_set,unicode_encoded,tian,0244.svg
245,改,6539,traditional_or_variant,unicode_encoded,gai,0245.svg
246,叙,53D9,in_simplified_set,unicode_encoded,xu,0246.svg
247,牧,7267,in_simplified_set,unicode_encoded,mu,0247.svg
248,教,6559,in_simplified_set,unicode_encoded,jiao,0248.svg
249,學,5B78,in_simplified_set,unicode_encoded,xue,0249.svg
250,卜,535C,in_simplified_set,unicode_encoded,bo,0250.svg
251,貞,8C9E,in_simplified_set,unicode_encoded,zhen,0251.svg
252,占,5360,in_simplified_set,unicode_encoded,zhan,0252.svg
253,用,7528,in_simplified_set,unicode_encoded,yong,0253.svg
254,甫,752B,in_simplified_set,unicode_encoded,fu,0254.svg
255,备,5907,traditional_or_variant,unicode_encoded,bei,0255.svg
256,爻,723B,in_simplified_set,unicode_encoded,yao,0256.svg
257,爽,723D,in_simplified_set,unicode_encoded,shuang,0257.svg
258,洫,6D2B,traditional_or_variant,unicode_encoded,xu,0258.svg
259,目,76EE,in_simplified_set,unicode_encoded,mu,0259.svg
260,嚃,5683,traditional_or_variant,unicode_encoded,ta,0260.svg
261,相,76F8,in_simplified_set,unicode_encoded,xiang,0261.svg
262,省,7701,in_simplified_set,unicode_encoded,sheng,0262.svg
263,眣,7723,traditional_or_variant,unicode_encoded,die,0263.svg
264,瞋,778B,traditional_or_variant,unicode_encoded,chen,0264.svg
265,眉,7709,in_simplified_set,unicode_encoded,mei,0265.svg
266,自,81EA,in_simplified_set,unicode_encoded,zi,0266.svg
267,魯,9B6F,in_simplified_set,unicode_encoded,lu,0267.svg
268,協,5354,traditional_or_variant,unicode_encoded,xie,0268.svg
269,百,767E,in_simplified_set,unicode_encoded,bai,0269.svg
270,習,7FD2,in_simplified_set,unicode_encoded,xi,0270.svg
271,羽,7FBD,in_simplified_set,unicode_encoded,yu,0271.svg
272,翊,7FCA,in_simplified_set,unicode_encoded,yi,0272.svg
273,隹,96B9,in_simplified_set,unicode_encoded,zhui,0273.svg
274,隻,96BB,in_simplified_set,unicode_encoded,zhi,0274.svg
275,雀,96C0,in_simplified_set,unicode_encoded,que,0275.svg
276,雉,96C9,in_simplified_set,unicode_encoded,zhi,0276.svg
277,雞,96DE,in_simplified_set,unicode_encoded,ji,0277.svg
278,雏,96CF,traditional_or_variant,unicode_encoded,chu,0278.svg
279,離,96E2,in_simplified_set,unicode_encoded,li,0279.svg
280,雝,96DD,in_simplified_set,unicode_encoded,yong,0280.svg
281,雇,96C7,in_simplified_set,unicode_encoded,gu,0281.svg
282,鸿,9E3F,traditional_or_variant,unicode_encoded,hong,0282.svg
283,萑,8411,in_simplified_set,unicode_encoded,huan,0283.svg
284,雚,96DA,in_simplified_set,unicode_encoded,guan,0284.svg
285,舊,820A,in_simplified_set,unicode_encoded,jiu,0285.svg
286,蔑,8511,in_simplified_set,unicode_encoded,mie,0286.svg
287,羊,7F8A,in_simplified_set,unicode_encoded,yang,0287.svg
288,芈,8288,in_simplified_set,unicode_encoded,mi,0288.svg
289,羔,7F94,in_simplified_set,unicode_encoded,gao,0289.svg
290,美,7F8E,in_simplified_set,unicode_encoded,mei,0290.svg
291,羌,7F8C,in_simplified_set,unicode_encoded,qiang,0291.svg
292,羴,7FB4,in_simplified_set,unicode_encoded,shan,0292.svg
293,霍,970D,in_simplified_set,unicode_encoded,huo,0293.svg
294,雥,96E5,in_simplified_set,unicode_encoded,za,0294.svg
295,集,96C6,in_simplified_set,unicode_encoded,ji,0295.svg
296,鳥,9CE5,in_simplified_set,unicode_encoded,niao,0296.svg
297,鳳,9CF3,traditional_or_variant,unicode_encoded,feng,0297.svg
298,鶾,9DBE,in_simplified_set,unicode_encoded,han,0298.svg
299,鳴,9CF4,in_simplified_set,unicode_encoded,ming,0299.svg
300,棄,68C4,in_simplified_set,unicode_encoded,qi,0300.svg
301,冓,5193,in_simplified_set,unicode_encoded,gou,0301.svg
302,再,518D,in_simplified_set,unicode_encoded,zai,0302.svg
303,爯,722F,in_simplified_set,unicode_encoded,cheng,0303.svg
304,幼,5E7C,in_simplified_set,unicode_encoded,you,0304.svg
305,游,6E38,traditional_or_variant,unicode_encoded,you,0305.svg
306,幽,5E7D,in_simplified_set,unicode_encoded,you,0306.svg
307,叀,53C0,traditional_or_variant,unicode_encoded,zhuan,0307.svg
308,疐,7590,in_simplified_set,unicode_encoded,zhi,0308.svg
309,爰,7230,in_simplified_set,unicode_encoded,yuan,0309.svg
310,受,53D7,in_simplified_set,unicode_encoded,shou,0310.svg
311,啮,556E,traditional_or_variant,unicode_encoded,nie,0311.svg
312,死,6B7B,in_simplified_set,unicode_encoded,si,0312.svg
313,冎,518E,in_simplified_set,unicode_encoded,gua,0313.svg
314,剐,5250,traditional_or_variant,unicode_encoded,gua,0314.svg
315,骨,9AA8,in_simplified_set,unicode_encoded,gu,0315.svg
316,肉,8089,in_simplified_set,unicode_encoded,rou,0316.svg
317,膏,818F,in_simplified_set,unicode_encoded,gao,0317.svg
318,腹,8179,in_simplified_set,unicode_encoded,fu,0318.svg
319,胾,80FE,in_simplified_set,unicode_encoded,zi,0319.svg
320,刀,5200,in_simplified_set,unicode_encoded,dao,0320.svg
321,利,5229,in_simplified_set,unicode_encoded,li,0321.svg
322,初,521D,in_simplified_set,unicode_encoded,chu,0322.svg
323,剛,525B,in_simplified_set,unicode_encoded,gang,0323.svg
324,副,526F,in_simplified_set,unicode_encoded,fu,0324.svg
325,删,5220,in_simplified_set,unicode_encoded,shan,0325.svg
326,剥,5265,in_simplified_set,unicode_encoded,bo,0326.svg
327,刖,5216,in_simplified_set,unicode_encoded,yue,0327.svg
328,刜,521C,in_simplified_set,unicode_encoded,fu,0328.svg
329,切,5207,traditional_or_variant,unicode_encoded,qie,0329.svg
330,翼,7FFC,traditional_or_variant,unicode_encoded,yi,0330.svg
331,刃,5203,in_simplified_set,unicode_encoded,ren,0331.svg
332,㓞,34DE,traditional_or_variant,unicode_encoded,qia,0332.svg
333,耤,8024,in_simplified_set,unicode_encoded,ji,0333.svg
334,角,89D2,in_simplified_set,unicode_encoded,jiao,0334.svg
335,解,89E3,in_simplified_set,unicode_encoded,jie,0335.svg
336,竹,7AF9,in_simplified_set,unicode_encoded,zhu,0336.svg
337,箙,7B99,in_simplified_set,unicode_encoded,fu,0337.svg
338,箕,7B95,in_simplified_set,unicode_encoded,ji,0338.svg
339,典,5178,in_simplified_set,unicode_encoded,dian,0339.svg
340,奠,5960,in_simplified_set,unicode_encoded,dian,0340.svg
341,工,5DE5,in_simplified_set,unicode_encoded,gong,0341.svg
342,巫,5DEB,in_simplified_set,unicode_encoded,wu,0342.svg
343,甘,7518,in_simplified_set,unicode_encoded,gan,0343.svg
344,曰,66F0,in_simplified_set,unicode_encoded,yue,0344.svg
345,𠕋,2054B,traditional_or_variant,unicode_encoded,ce,0345.svg
346,曹,66F9,traditional_or_variant,unicode_encoded,cao,0346.svg
347,乃,4E43,in_simplified_set,unicode_encoded,nai,0347.svg
348,硵,7875,traditional_or_variant,unicode_encoded,lu,0348.svg
349,丂,4E02,in_simplified_set,unicode_encoded,kao,0349.svg
350,甹,7539,traditional_or_variant,unicode_encoded,ping,0350.svg
351,寧,5BE7,traditional_or_variant,unicode_encoded,ning,0351.svg
352,可,53EF,in_simplified_set,unicode_encoded,ke,0352.svg
353,兮,516E,in_simplified_set,unicode_encoded,xi,0353.svg
354,乎,4E4E,in_simplified_set,unicode_encoded,hu,0354.svg
355,亏,4E8F,in_simplified_set,unicode_encoded,kui,0355.svg
356,粤,7CA4,in_simplified_set,unicode_encoded,yue,0356.svg
357,旨,65E8,in_simplified_set,unicode_encoded,zhi,0357.svg
358,喜,559C,in_simplified_set,unicode_encoded,xi,0358.svg
359,壴,58F4,in_simplified_set,unicode_encoded,zhu,0359.svg
360,彭,5F6D,in_simplified_set,unicode_encoded,peng,0360.svg
361,鼓,9F13,in_simplified_set,unicode_encoded,gu,0361.svg
362,豆,8C46,in_simplified_set,unicode_encoded,dou,0362.svg
363,眷,7737,traditional_or_variant,unicode_encoded,juan,0363.svg
364,糞,7CDE,traditional_or_variant,unicode_encoded,fen,0364.svg
365,豐,8C50,in_simplified_set,unicode_encoded,feng,0365.svg
366,虍,864D,in_simplified_set,unicode_encoded,hu,0366.svg
367,虘,8658,in_simplified_set,unicode_encoded,cuo,0367.svg
368,虎,864E,in_simplified_set,unicode_encoded,hu,0368.svg
369,虤,8664,in_simplified_set,unicode_encoded,yan,0369.svg
370,皿,76BF,in_simplified_set,unicode_encoded,min,0370.svg
371,盂,76C2,in_simplified_set,unicode_encoded,yu,0371.svg
372,盛,76DB,in_simplified_set,unicode_encoded,sheng,0372.svg
373,盧,76E7,in_simplified_set,unicode_encoded,lu,0373.svg
374,益,76CA,in_simplified_set,unicode_encoded,yi,0374.svg
375,盡,76E1,in_simplified_set,unicode_encoded,jin,0375.svg
376,盥,76E5,in_simplified_set,unicode_encoded,guan,0376.svg
377,去,53BB,in_simplified_set,unicode_encoded,qu,0377.svg
378,血,8840,in_simplified_set,unicode_encoded,xue,0378.svg
379,聴,8074,traditional_or_variant,unicode_encoded,ting,0379.svg
380,,,undetermined,not_encoded,xu,0380.svg
381,主,4E3B,in_simplified_set,unicode_encoded,zhu,0381.svg
382,丹,4E39,in_simplified_set,unicode_encoded,dan,0382.svg
383,青,9752,in_simplified_set,unicode_encoded,qing,0383.svg
384,井,4E95,in_simplified_set,unicode_encoded,jing,0384.svg
385,皀,7680,traditional_or_variant,unicode_encoded,ji,0385.svg
386,即,5373,in_simplified_set,unicode_encoded,ji,0386.svg
387,既,65E2,in_simplified_set,unicode_encoded,ji,0387.svg
388,冟,519F,traditional_or_variant,unicode_encoded,shi,0388.svg
389,鬯,9B2F,traditional_or_variant,unicode_encoded,chang,0389.svg
390,爵,7235,in_simplified_set,unicode_encoded,jue,0390.svg
391,食,98DF,in_simplified_set,unicode_encoded,shi,0391.svg
392,饔,9954,traditional_or_variant,unicode_encoded,yong,0392.svg
393,養,990A,in_simplified_set,unicode_encoded,yang,0393.svg
394,饗,9957,traditional_or_variant,unicode_encoded,xiang,0394.svg
395,合,5408,in_simplified_set,unicode_encoded,he,0395.svg
396,今,4ECA,in_simplified_set,unicode_encoded,jin,0396.svg
397,會,6703,in_simplified_set,unicode_encoded,hui,0397.svg
398,倉,5009,in_simplified_set,unicode_encoded,cang,0398.svg
399,入,5165,in_simplified_set,unicode_encoded,ru,0399.svg
400,内,5185,in_simplified_set,unicode_encoded,nei,0400.svg
401,缶,7F36,in_simplified_set,unicode_encoded,fou,0401.svg
402,矢,77E2,in_simplified_set,unicode_encoded,shi,0402.svg
403,射,5C04,traditional_or_variant,unicode_encoded,she,0403.svg
404,侯,4FAF,in_simplified_set,unicode_encoded,hou,0404.svg
405,高,9AD8,in_simplified_set,unicode_encoded,gao,0405.svg
406,亳,4EB3,traditional_or_variant,unicode_encoded,bo,0406.svg
407,央,592E,in_simplified_set,unicode_encoded,yang,0407.svg
408,郭,90ED,traditional_or_variant,unicode_encoded,guo,0408.svg
409,京,4EAC,in_simplified_set,unicode_encoded,jing,0409.svg
410,亯,4EAF,traditional_or_variant,unicode_encoded,xiang,0410.svg
411,纯,7EAF,traditional_or_variant,unicode_encoded,chun,0411.svg
412,厚,539A,traditional_or_variant,unicode_encoded,hou,0412.svg
413,畐,7550,traditional_or_variant,unicode_encoded,fu,0413.svg
414,良,826F,in_simplified_set,unicode_encoded,liang,0414.svg
415,悋,608B,traditional_or_variant,unicode_encoded,lin,0415.svg
416,啚,555A,traditional_or_variant,unicode_encoded,bi,0416.svg
417,嗇,55C7,traditional_or_variant,unicode_encoded,se,0417.svg
418,來,4F86,in_simplified_set,unicode_encoded,lai,0418.svg
419,麥,9EA5,in_simplified_set,unicode_encoded,mai,0419.svg
420,夊,590A,in_simplified_set,unicode_encoded,sui,0420.svg
421,复,590D,in_simplified_set,unicode_encoded,fu,0421.svg
422,夒,5912,in_simplified_set,unicode_encoded,nao,0422.svg
423,夔,5914,in_simplified_set,unicode_encoded,kui,0423.svg
424,舞,821E,in_simplified_set,unicode_encoded,wu,0424.svg
425,韋,97CB,in_simplified_set,unicode_encoded,wei,0425.svg
426,弟,5F1F,in_simplified_set,unicode_encoded,di,0426.svg
427,乘,4E58,in_simplified_set,unicode_encoded,cheng,0427.svg
428,木,6728,in_simplified_set,unicode_encoded,mu,0428.svg
429,杏,674F,in_simplified_set,unicode_encoded,xing,0429.svg
430,杜,675C,in_simplified_set,unicode_encoded,du,0430.svg
431,柳,67F3,in_simplified_set,unicode_encoded,liu,0431.svg
432,杞,675E,in_simplified_set,unicode_encoded,qi,0432.svg
433,柏,67CF,in_simplified_set,unicode_encoded,bai,0433.svg
434,樹,6A39,in_simplified_set,unicode_encoded,shu,0434.svg
435,朱,6731,in_simplified_set,unicode_encoded,zhu,0435.svg
436,條,689D,in_simplified_set,unicode_encoded,tiao,0436.svg
437,枚,679A,in_simplified_set,unicode_encoded,mei,0437.svg
438,格,683C,in_simplified_set,unicode_encoded,ge,0438.svg
439,槀,69C0,in_simplified_set,unicode_encoded,gao,0439.svg
440,杲,6772,in_simplified_set,unicode_encoded,gao,0440.svg
441,杳,6773,in_simplified_set,unicode_encoded,yao,0441.svg
442,杗,6757,in_simplified_set,unicode_encoded,mang,0442.svg
443,栅,6805,in_simplified_set,unicode_encoded,zha,0443.svg
444,櫛,6ADB,traditional_or_variant,unicode_encoded,zhi,0444.svg
445,木,6728,traditional_or_variant,unicode_encoded,mu,0445.svg
446,槃,69C3,in_simplified_set,unicode_encoded,pan,0446.svg
447,柄,67C4,in_simplified_set,unicode_encoded,bing,0447.svg
448,棊,68CA,in_simplified_set,unicode_encoded,qi,0448.svg
449,臬,81EC,in_simplified_set,unicode_encoded,nie,0449.svg
450,樂,6A02,in_simplified_set,unicode_encoded,le,0450.svg
451,采,91C7,in_simplified_set,unicode_encoded,cai,0451.svg
452,析,6790,in_simplified_set,unicode_encoded,xi,0452.svg
453,枼,67BC,traditional_or_variant,unicode_encoded,ye,0453.svg
454,休,4F11,in_simplified_set,unicode_encoded,xiu,0454.svg
455,楒,6952,traditional_or_variant,unicode_encoded,si,0455.svg
456,東,6771,in_simplified_set,unicode_encoded,dong,0456.svg
457,曹,66F9,traditional_or_variant,unicode_encoded,cao,0457.svg
458,林,6797,in_simplified_set,unicode_encoded,lin,0458.svg
459,楚,695A,in_simplified_set,unicode_encoded,chu,0459.svg
460,麓,9E93,in_simplified_set,unicode_encoded,lu,0460.svg
461,森,68EE,in_simplified_set,unicode_encoded,sen,0461.svg
462,才,624D,in_simplified_set,unicode_encoded,cai,0462.svg
463,桑,6851,in_simplified_set,unicode_encoded,sang,0463.svg
464,之,4E4B,in_simplified_set,unicode_encoded,zhi,0464.svg
465,往,5F80,traditional_or_variant,unicode_encoded,wang,0465.svg
466,币,5E01,in_simplified_set,unicode_encoded,bi,0466.svg
467,师,5E08,traditional_or_variant,unicode_encoded,shi,0467.svg
468,出,51FA,in_simplified_set,unicode_encoded,chu,0468.svg
469,索,7D22,in_simplified_set,unicode_encoded,suo,0469.svg
470,南,5357,in_simplified_set,unicode_encoded,nan,0470.svg
471,生,751F,in_simplified_set,unicode_encoded,sheng,0471.svg
472,丰,4E30,in_simplified_set,unicode_encoded,feng,0472.svg
473,束,675F,in_simplified_set,unicode_encoded,shu,0473.svg
474,剌,524C,in_simplified_set,unicode_encoded,la,0474.svg
475,囿,56FF,in_simplified_set,unicode_encoded,you,0475.svg
476,因,56E0,in_simplified_set,unicode_encoded,yin,0476.svg
477,囚,56DA,in_simplified_set,unicode_encoded,qiu,0477.svg
478,困,56F0,in_simplified_set,unicode_encoded,kun,0478.svg
479,圂,5702,in_simplified_set,unicode_encoded,hun,0479.svg
480,員,54E1,in_simplified_set,unicode_encoded,yuan,0480.svg
481,貝,8C9D,in_simplified_set,unicode_encoded,bei,0481.svg
482,鐡,9421,traditional_or_variant,unicode_encoded,tie,0482.svg
483,貯,8CAF,in_simplified_set,unicode_encoded,zhu,0483.svg
484,賓,8CD3,in_simplified_set,unicode_encoded,bin,0484.svg
485,賖,8CD6,in_simplified_set,unicode_encoded,she,0485.svg
486,責,8CAC,in_simplified_set,unicode_encoded,ze,0486.svg
487,賞,8CDE,in_simplified_set,unicode_encoded,shang,0487.svg
488,買,8CB7,in_simplified_set,unicode_encoded,mai,0488.svg
489,朋,670B,in_simplified_set,unicode_encoded,peng,0489.svg
490,邑,9091,in_simplified_set,unicode_encoded,yi,0490.svg
491,邦,90A6,in_simplified_set,unicode_encoded,bang,0491.svg
492,鄙,9119,in_simplified_set,unicode_encoded,bi,0492.svg
493,乡,4E61,traditional_or_variant,unicode_encoded,xiang,0493.svg
494,飨,98E8,traditional_or_variant,unicode_encoded,xiang,0494.svg
495,日,65E5,in_simplified_set,unicode_encoded,ri,0495.svg
496,時,6642,in_simplified_set,unicode_encoded,shi,0496.svg
497,晉,6649,in_simplified_set,unicode_encoded,jin,0497.svg
498,晵,6675,in_simplified_set,unicode_encoded,qi,0498.svg
499,昃,6603,in_simplified_set,unicode_encoded,ze,0499.svg
500,昏,660F,in_simplified_set,unicode_encoded,hun,0500.svg
501,晦,6666,in_simplified_set,unicode_encoded,hui,0501.svg
502,昱,6631,in_simplified_set,unicode_encoded,yu,0502.svg
503,昔,6614,in_simplified_set,unicode_encoded,xi,0503.svg
504,昕,6615,in_simplified_set,unicode_encoded,xin,0504.svg
505,暈,6688,in_simplified_set,unicode_encoded,yun,0505.svg
506,旦,65E6,in_simplified_set,unicode_encoded,dan,0506.svg
507,焱,7131,traditional_or_variant,unicode_encoded,yan,0507.svg
508,游,6E38,in_simplified_set,unicode_encoded,you,0508.svg
509,旋,65CB,in_simplified_set,unicode_encoded,xuan,0509.svg
510,旅,65C5,in_simplified_set,unicode_encoded,lv,0510.svg
511,族,65CF,in_simplified_set,unicode_encoded,zu,0511.svg
512,冥,51A5,in_simplified_set,unicode_encoded,ming,0512.svg
513,晶,6676,in_simplified_set,unicode_encoded,jing,0513.svg
514,星,661F,in_simplified_set,unicode_encoded,xing,0514.svg
515,月,6708,in_simplified_set,unicode_encoded,yue,0515.svg
516,有,6709,in_simplified_set,unicode_encoded,you,0516.svg
517,龓,9F93,in_simplified_set,unicode_encoded,long,0517.svg
518,明,660E,in_simplified_set,unicode_encoded,ming,0518.svg
519,囧,56E7,in_simplified_set,unicode_encoded,jiong,0519.svg
520,盟,76DF,traditional_or_variant,unicode_encoded,meng,0520.svg
521,夗,5917,in_simplified_set,unicode_encoded,yuan,0521.svg
522,外,5916,in_simplified_set,unicode_encoded,wai,0522.svg
523,夙,5919,traditional_or_variant,unicode_encoded,su,0523.svg
524,多,591A,in_simplified_set,unicode_encoded,duo,0524.svg
525,毌,6BCC,in_simplified_set,unicode_encoded,guan,0525.svg
526,函,51FD,in_simplified_set,unicode_encoded,han,0526.svg
527,齠,9F60,traditional_or_variant,unicode_encoded,tiao,0527.svg
528,棃,68C3,traditional_or_variant,unicode_encoded,li,0528.svg
529,粟,7C9F,in_simplified_set,unicode_encoded,su,0529.svg
530,齊,9F4A,in_simplified_set,unicode_encoded,qi,0530.svg
531,朿,673F,in_simplified_set,unicode_encoded,ci,0531.svg
532,片,7247,in_simplified_set,unicode_encoded,pian,0532.svg
533,鼎,9F0E,in_simplified_set,unicode_encoded,ding,0533.svg
534,克,514B,in_simplified_set,unicode_encoded,ke,0534.svg
535,录,5F55,in_simplified_set,unicode_encoded,lu,0535.svg
536,禾,79BE,in_simplified_set,unicode_encoded,he,0536.svg
537,秫,79EB,in_simplified_set,unicode_encoded,shu,0537.svg
538,穗,7A57,traditional_or_variant,unicode_encoded,sui,0538.svg
539,穫,7A6B,in_simplified_set,unicode_encoded,huo,0539.svg
540,穅,7A45,in_simplified_set,unicode_encoded,kang,0540.svg
541,年,5E74,in_simplified_set,unicode_encoded,nian,0541.svg
542,秦,79E6,in_simplified_set,unicode_encoded,qin,0542.svg
543,秝,79DD,in_simplified_set,unicode_encoded,li,0543.svg
544,黍,9ECD,in_simplified_set,unicode_encoded,shu,0544.svg
545,米,7C73,in_simplified_set,unicode_encoded,mi,0545.svg
546,舂,8202,in_simplified_set,unicode_encoded,chong,0546.svg
547,臽,81FD,in_simplified_set,unicode_encoded,xian,0547.svg
548,耑,8011,in_simplified_set,unicode_encoded,duan,0548.svg
549,宀,5B80,in_simplified_set,unicode_encoded,mian,0549.svg
550,家,5BB6,in_simplified_set,unicode_encoded,jia,0550.svg
551,宅,5B85,in_simplified_set,unicode_encoded,zhai,0551.svg
552,室,5BA4,in_simplified_set,unicode_encoded,shi,0552.svg
553,宣,5BA3,in_simplified_set,unicode_encoded,xuan,0553.svg
554,向,5411,in_simplified_set,unicode_encoded,xiang,0554.svg
555,寍,5BCD,in_simplified_set,unicode_encoded,ning,0555.svg
556,定,5B9A,in_simplified_set,unicode_encoded,ding,0556.svg
557,安,5B89,in_simplified_set,unicode_encoded,an,0557.svg
558,寳,5BF3,in_simplified_set,unicode_encoded,bao,0558.svg
559,宰,5BB0,in_simplified_set,unicode_encoded,zai,0559.svg
560,宜,5B9C,in_simplified_set,unicode_encoded,yi,0560.svg
561,宿,5BBF,in_simplified_set,unicode_encoded,su,0561.svg
562,寝,5BDD,in_simplified_set,unicode_encoded,qin,0562.svg
563,宕,5B95,in_simplified_set,unicode_encoded,dang,0563.svg
564,宋,5B8B,in_simplified_set,unicode_encoded,song,0564.svg
565,瓭,74ED,traditional_or_variant,unicode_encoded,dan,0565.svg
566,宗,5B97,in_simplified_set,unicode_encoded,zong,0566.svg
567,宙,5B99,in_simplified_set,unicode_encoded,zhou,0567.svg
568,宫,5BAB,in_simplified_set,unicode_encoded,gong,0568.svg
569,吕,5415,in_simplified_set,unicode_encoded,lv,0569.svg
570,寮,5BEE,in_simplified_set,unicode_encoded,liao,0570.svg
571,突,7A81,in_simplified_set,unicode_encoded,tu,0571.svg
572,夢,5922,in_simplified_set,unicode_encoded,meng,0572.svg
573,寐,5BD0,in_simplified_set,unicode_encoded,mei,0573.svg
574,疒,7592,in_simplified_set,unicode_encoded,ne,0574.svg
575,疾,75BE,in_simplified_set,unicode_encoded,ji,0575.svg
576,同,540C,in_simplified_set,unicode_encoded,tong,0576.svg
577,鞘,9798,traditional_or_variant,unicode_encoded,qiao,0577.svg
578,罔,7F54,in_simplified_set,unicode_encoded,wang,0578.svg
579,羅,7F85,in_simplified_set,unicode_encoded,luo,0579.svg
580,巾,5DFE,in_simplified_set,unicode_encoded,jin,0580.svg
581,帚,5E1A,in_simplified_set,unicode_encoded,zhou,0581.svg
582,帛,5E1B,in_simplified_set,unicode_encoded,bo,0582.svg
583,白,767D,in_simplified_set,unicode_encoded,bai,0583.svg
584,敝,655D,in_simplified_set,unicode_encoded,bi,0584.svg
585,人,4EBA,in_simplified_set,unicode_encoded,ren,0585.svg
586,保,4FDD,in_simplified_set,unicode_encoded,bao,0586.svg
587,仁,4EC1,in_simplified_set,unicode_encoded,ren,0587.svg
588,企,4F01,in_simplified_set,unicode_encoded,qi,0588.svg
589,伯,4F2F,in_simplified_set,unicode_encoded,bo,0589.svg
590,伊,4F0A,in_simplified_set,unicode_encoded,yi,0590.svg
591,侚,4F9A,in_simplified_set,unicode_encoded,xun,0591.svg
592,倞,501E,in_simplified_set,unicode_encoded,jing,0592.svg
593,倗,5017,in_simplified_set,unicode_encoded,peng,0593.svg
594,何,4F55,in_simplified_set,unicode_encoded,he,0594.svg
595,儐,5110,in_simplified_set,unicode_encoded,bin,0595.svg
596,依,4F9D,in_simplified_set,unicode_encoded,yi,0596.svg
597,侸,4FB8,in_simplified_set,unicode_encoded,shu,0597.svg
598,偁,5041,in_simplified_set,unicode_encoded,cheng,0598.svg
599,溦,6EA6,traditional_or_variant,unicode_encoded,wei,0599.svg
600,作,4F5C,in_simplified_set,unicode_encoded,zuo,0600.svg
601,侵,4FB5,in_simplified_set,unicode_encoded,qin,0601.svg
602,任,4EFB,in_simplified_set,unicode_encoded,ren,0602.svg
603,俔,4FD4,in_simplified_set,unicode_encoded,qian,0603.svg
604,使,4F7F,in_simplified_set,unicode_encoded,shi,0604.svg
605,傳,50B3,in_simplified_set,unicode_encoded,chuan,0605.svg
606,仔,4ED4,in_simplified_set,unicode_encoded,zai,0606.svg
607,侮,4FAE,in_simplified_set,unicode_encoded,wu,0607.svg
608,伐,4F10,in_simplified_set,unicode_encoded,fa,0608.svg
609,俘,4FD8,in_simplified_set,unicode_encoded,fu,0609.svg
610,咎,548E,in_simplified_set,unicode_encoded,jiu,0610.svg
611,但,4F46,in_simplified_set,unicode_encoded,dan,0611.svg
612,弔,5F14,in_simplified_set,unicode_encoded,diao,0612.svg
613,肄,8084,traditional_or_variant,unicode_encoded,yi,0613.svg
614,化,5316,in_simplified_set,unicode_encoded,hua,0614.svg
615,匕,5315,in_simplified_set,unicode_encoded,bi,0615.svg
616,从,4ECE,in_simplified_set,unicode_encoded,cong,0616.svg
617,從,5F9E,in_simplified_set,unicode_encoded,cong,0617.svg
618,并,5E76,in_simplified_set,unicode_encoded,bing,0618.svg
619,比,6BD4,in_simplified_set,unicode_encoded,bi,0619.svg
620,北,5317,in_simplified_set,unicode_encoded,bei,0620.svg
621,丘,4E18,in_simplified_set,unicode_encoded,qiu,0621.svg
622,乑,4E51,traditional_or_variant,unicode_encoded,yin,0622.svg
623,衆,8846,in_simplified_set,unicode_encoded,zhong,0623.svg
624,壬,58EC,in_simplified_set,unicode_encoded,ren,0624.svg
625,朢,6722,in_simplified_set,unicode_encoded,wang,0625.svg
626,監,76E3,in_simplified_set,unicode_encoded,jian,0626.svg
627,衣,8863,in_simplified_set,unicode_encoded,yi,0627.svg
628,卒,5352,in_simplified_set,unicode_encoded,zu,0628.svg
629,裘,88D8,in_simplified_set,unicode_encoded,qiu,0629.svg
630,老,8001,in_simplified_set,unicode_encoded,lao,0630.svg
631,耋,800B,in_simplified_set,unicode_encoded,die,0631.svg
632,考,8003,in_simplified_set,unicode_encoded,kao,0632.svg
633,孝,5B5D,in_simplified_set,unicode_encoded,xiao,0633.svg
634,尸,5C38,in_simplified_set,unicode_encoded,shi,0634.svg
635,尾,5C3E,in_simplified_set,unicode_encoded,wei,0635.svg
636,舟,821F,in_simplified_set,unicode_encoded,zhou,0636.svg
637,肜,809C,traditional_or_variant,unicode_encoded,rong,0637.svg
638,朕,6715,in_simplified_set,unicode_encoded,zhen,0638.svg
639,般,822C,in_simplified_set,unicode_encoded,ban,0639.svg
640,服,670D,in_simplified_set,unicode_encoded,fu,0640.svg
641,方,65B9,in_simplified_set,unicode_encoded,fang,0641.svg
642,兀,5140,in_simplified_set,unicode_encoded,wu,0642.svg
643,兒,5152,in_simplified_set,unicode_encoded,er,0643.svg
644,允,5141,in_simplified_set,unicode_encoded,yun,0644.svg
645,兑,5151,in_simplified_set,unicode_encoded,dui,0645.svg
646,兄,5144,in_simplified_set,unicode_encoded,xiong,0646.svg
647,兢,5162,in_simplified_set,unicode_encoded,jing,0647.svg
648,先,5148,in_simplified_set,unicode_encoded,xian,0648.svg
649,見,898B,in_simplified_set,unicode_encoded,jian,0649.svg
650,視,8996,in_simplified_set,unicode_encoded,shi,0650.svg
651,觀,89C0,in_simplified_set,unicode_encoded,guan,0651.svg
652,欠,6B20,in_simplified_set,unicode_encoded,qian,0652.svg
653,次,6B21,in_simplified_set,unicode_encoded,ci,0653.svg
654,饮,996E,traditional_or_variant,unicode_encoded,yin,0654.svg
655,祸,7978,traditional_or_variant,unicode_encoded,huo,0655.svg
656,頁,9801,in_simplified_set,unicode_encoded,ye,0656.svg
657,面,9762,in_simplified_set,unicode_encoded,mian,0657.svg
658,首,9996,in_simplified_set,unicode_encoded,shou,0658.svg
659,彡,5F61,in_simplified_set,unicode_encoded,shan,0659.svg
660,文,6587,in_simplified_set,unicode_encoded,wen,0660.svg
661,后,540E,in_simplified_set,unicode_encoded,hou,0661.svg
662,司,53F8,in_simplified_set,unicode_encoded,si,0662.svg
663,卩,5369,in_simplified_set,unicode_encoded,jie,0663.svg
664,令,4EE4,in_simplified_set,unicode_encoded,ling,0664.svg
665,转,8F6C,traditional_or_variant,unicode_encoded,zhuan,0665.svg
666,印,5370,in_simplified_set,unicode_encoded,yin,0666.svg
667,卯,536F,in_simplified_set,unicode_encoded,mao,0667.svg
668,卿,537F,in_simplified_set,unicode_encoded,qing,0668.svg
669,辟,8F9F,in_simplified_set,unicode_encoded,pi,0669.svg
670,勹,52F9,in_simplified_set,unicode_encoded,bao,0670.svg
671,旬,65EC,in_simplified_set,unicode_encoded,xun,0671.svg
672,勽,52FD,in_simplified_set,unicode_encoded,bao,0672.svg
673,苟,82DF,in_simplified_set,unicode_encoded,gou,0673.svg
674,鬼,9B3C,in_simplified_set,unicode_encoded,gui,0674.svg
675,鬽,9B3D,in_simplified_set,unicode_encoded,mei,0675.svg
676,甶,7536,in_simplified_set,unicode_encoded,fu,0676.svg
677,畏,754F,in_simplified_set,unicode_encoded,wei,0677.svg
678,山,5C71,in_simplified_set,unicode_encoded,shan,0678.svg
679,嵒,5D52,in_simplified_set,unicode_encoded,yan,0679.svg
680,庭,5EAD,in_simplified_set,unicode_encoded,ting,0680.svg
681,廣,5EE3,in_simplified_set,unicode_encoded,guang,0681.svg
682,龐,9F90,in_simplified_set,unicode_encoded,pang,0682.svg
683,厂,5382,in_simplified_set,unicode_encoded,chang,0683.svg
684,石,77F3,in_simplified_set,unicode_encoded,shi,0684.svg
685,磬,78EC,in_simplified_set,unicode_encoded,qing,0685.svg
686,長,9577,in_simplified_set,unicode_encoded,zhang,0686.svg
687,勿,52FF,in_simplified_set,unicode_encoded,wu,0687.svg
688,昜,661C,in_simplified_set,unicode_encoded,yang,0688.svg
689,冄,5184,in_simplified_set,unicode_encoded,ran,0689.svg
690,而,800C,in_simplified_set,unicode_encoded,er,0690.svg
691,豕,8C55,in_simplified_set,unicode_encoded,shi,0691.svg
692,豰,8C70,in_simplified_set,unicode_encoded,bo,0692.svg
693,豭,8C6D,in_simplified_set,unicode_encoded,jia,0693.svg
694,豢,8C62,in_simplified_set,unicode_encoded,huan,0694.svg
695,豩,8C69,in_simplified_set,unicode_encoded,bin,0695.svg
696,彘,5F58,in_simplified_set,unicode_encoded,zhi,0696.svg
697,豚,8C5A,in_simplified_set,unicode_encoded,tun,0697.svg
698,豸,8C78,in_simplified_set,unicode_encoded,zhi,0698.svg
699,蛳,86F3,traditional_or_variant,unicode_encoded,si,0699.svg
700,易,6613,in_simplified_set,unicode_encoded,yi,0700.svg
701,象,8C61,in_simplified_set,unicode_encoded,xiang,0701.svg
702,馬,99AC,in_simplified_set,unicode_encoded,ma,0702.svg
703,驪,9A6A,in_simplified_set,unicode_encoded,li,0703.svg
704,駁,99C1,in_simplified_set,unicode_encoded,bo,0704.svg
705,騽,9A3D,in_simplified_set,unicode_encoded,xi,0705.svg
706,驅,9A45,in_simplified_set,unicode_encoded,qu,0706.svg
707,馽,99BD,in_simplified_set,unicode_encoded,zhi,0707.svg
708,驤,9A64,traditional_or_variant,unicode_encoded,xiang,0708.svg
709,廌,5ECC,in_simplified_set,unicode_encoded,zhi,0709.svg
710,鹿,9E7F,in_simplified_set,unicode_encoded,lu,0710.svg
711,麟,9E9F,in_simplified_set,unicode_encoded,lin,0711.svg
712,麐,9E90,in_simplified_set,unicode_encoded,lin,0712.svg
713,麋,9E8B,in_simplified_set,unicode_encoded,mi,0713.svg
714,麇,9E87,in_simplified_set,unicode_encoded,jun,0714.svg
715,麑,9E91,in_simplified_set,unicode_encoded,ni,0715.svg
716,麀,9E80,in_simplified_set,unicode_encoded,you,0716.svg
717,麤,9EA4,in_simplified_set,unicode_encoded,cu,0717.svg
718,兔,5154,in_simplified_set,unicode_encoded,tu,0718.svg
719,逸,9038,in_simplified_set,unicode_encoded,yi,0719.svg
720,犬,72AC,in_simplified_set,unicode_encoded,quan,0720.svg
721,尨,5C28,in_simplified_set,unicode_encoded,mang,0721.svg
722,圻,573B,traditional_or_variant,unicode_encoded,qi,0722.svg
723,狩,72E9,in_simplified_set,unicode_encoded,shou,0723.svg
724,臭,81ED,in_simplified_set,unicode_encoded,chou,0724.svg
725,獲,7372,in_simplified_set,unicode_encoded,huo,0725.svg
726,獻,737B,in_simplified_set,unicode_encoded,xian,0726.svg
727,狂,72C2,in_simplified_set,unicode_encoded,kuang,0727.svg
728,狄,72C4,in_simplified_set,unicode_encoded,di,0728.svg
729,猶,7336,in_simplified_set,unicode_encoded,you,0729.svg
730,狼,72FC,in_simplified_set,unicode_encoded,lang,0730.svg
731,狽,72FD,in_simplified_set,unicode_encoded,bei,0731.svg
732,火,706B,in_simplified_set,unicode_encoded,huo,0732.svg
733,尞,5C1E,in_simplified_set,unicode_encoded,liao,0733.svg
734,焛,711B,in_simplified_set,unicode_encoded,lin,0734.svg
735,烄,70C4,in_simplified_set,unicode_encoded,jiao,0735.svg
736,熹,71B9,in_simplified_set,unicode_encoded,xi,0736.svg
737,奀,5940,traditional_or_variant,unicode_encoded,en,0737.svg
738,秋,79CB,in_simplified_set,unicode_encoded,qiu,0738.svg
739,㶳,3DB3,traditional_or_variant,unicode_encoded,jin,0739.svg
740,焚,711A,in_simplified_set,unicode_encoded,fen,0740.svg
741,烖,70D6,in_simplified_set,unicode_encoded,zai,0741.svg
742,光,5149,in_simplified_set,unicode_encoded,guang,0742.svg
743,烕,70D5,in_simplified_set,unicode_encoded,mie,0743.svg
744,炎,708E,in_simplified_set,unicode_encoded,yan,0744.svg
745,焱,7131,in_simplified_set,unicode_encoded,yan,0745.svg
746,赤,8D64,in_simplified_set,unicode_encoded,chi,0746.svg
747,大,5927,in_simplified_set,unicode_encoded,da,0747.svg
748,夾,593E,in_simplified_set,unicode_encoded,jia,0748.svg
749,夸,5938,in_simplified_set,unicode_encoded,kua,0749.svg
750,夷,5937,in_simplified_set,unicode_encoded,yi,0750.svg
751,亦,4EA6,in_simplified_set,unicode_encoded,yi,0751.svg
752,夨,5928,in_simplified_set,unicode_encoded,ze,0752.svg
753,呉,5449,in_simplified_set,unicode_encoded,wu,0753.svg
754,夭,592D,in_simplified_set,unicode_encoded,yao,0754.svg
755,交,4EA4,in_simplified_set,unicode_encoded,jiao,0755.svg
756,壺,58FA,in_simplified_set,unicode_encoded,hu,0756.svg
757,幸,5E78,in_simplified_set,unicode_encoded,xing,0757.svg
758,執,57F7,in_simplified_set,unicode_encoded,zhi,0758.svg
759,圉,5709,in_simplified_set,unicode_encoded,yu,0759.svg
760,報,5831,in_simplified_set,unicode_encoded,bao,0760.svg
761,亢,4EA2,in_simplified_set,unicode_encoded,kang,0761.svg
762,殈,6B88,traditional_or_variant,unicode_encoded,xu,0762.svg
763,举,4E3E,traditional_or_variant,unicode_encoded,ju,0763.svg
764,奚,595A,in_simplified_set,unicode_encoded,xi,0764.svg
765,夫,592B,in_simplified_set,unicode_encoded,fu,0765.svg
766,伴,4F34,traditional_or_variant,unicode_encoded,ban,0766.svg
767,立,7ACB,in_simplified_set,unicode_encoded,li,0767.svg
768,竝,7ADD,in_simplified_set,unicode_encoded,bing,0768.svg
769,心,5FC3,in_simplified_set,unicode_encoded,xin,0769.svg
770,慶,6176,in_simplified_set,unicode_encoded,qing,0770.svg
771,悔,6094,in_simplified_set,unicode_encoded,hui,0771.svg
772,水,6C34,in_simplified_set,unicode_encoded,shui,0772.svg
773,河,6CB3,in_simplified_set,unicode_encoded,he,0773.svg
774,沮,6CAE,in_simplified_set,unicode_encoded,ju,0774.svg
775,涂,6D82,in_simplified_set,unicode_encoded,tu,0775.svg
776,洛,6D1B,in_simplified_set,unicode_encoded,luo,0776.svg
777,汝,6C5D,in_simplified_set,unicode_encoded,ru,0777.svg
778,油,6CB9,in_simplified_set,unicode_encoded,you,0778.svg
779,淮,6DEE,in_simplified_set,unicode_encoded,huai,0779.svg
780,洧,6D27,in_simplified_set,unicode_encoded,wei,0780.svg
781,濼,6FFC,in_simplified_set,unicode_encoded,luo,0781.svg
782,洹,6D39,in_simplified_set,unicode_encoded,huan,0782.svg
783,沉,6C89,in_simplified_set,unicode_encoded,chen,0783.svg
784,寖,5BD6,in_simplified_set,unicode_encoded,jin,0784.svg
785,浿,6D7F,in_simplified_set,unicode_encoded,pei,0785.svg
786,洚,6D1A,in_simplified_set,unicode_encoded,jiang,0786.svg
787,衍,884D,in_simplified_set,unicode_encoded,yan,0787.svg
788,演,6F14,in_simplified_set,unicode_encoded,yan,0788.svg
789,況,6CC1,in_simplified_set,unicode_encoded,kuang,0789.svg
790,沖,6C96,in_simplified_set,unicode_encoded,chong,0790.svg
791,灂,7042,in_simplified_set,unicode_encoded,zhuo,0791.svg
792,淵,6DF5,in_simplified_set,unicode_encoded,yuan,0792.svg
793,滋,6ECB,in_simplified_set,unicode_encoded,zi,0793.svg
794,沚,6C9A,in_simplified_set,unicode_encoded,zhi,0794.svg
795,派,6D3E,in_simplified_set,unicode_encoded,pai,0795.svg
796,汜,6C5C,in_simplified_set,unicode_encoded,si,0796.svg
797,湀,6E40,in_simplified_set,unicode_encoded,gui,0797.svg
798,濘,6FD8,in_simplified_set,unicode_encoded,ning,0798.svg
799,潢,6F62,in_simplified_set,unicode_encoded,huang,0799.svg
800,湄,6E44,in_simplified_set,unicode_encoded,mei,0800.svg
801,汓,6C53,in_simplified_set,unicode_encoded,qiu,0801.svg
802,砅,7805,in_simplified_set,unicode_encoded,li,0802.svg
803,溺,6EBA,traditional_or_variant,unicode_encoded,ni,0803.svg
804,潦,6F66,in_simplified_set,unicode_encoded,lao,0804.svg
805,濩,6FE9,in_simplified_set,unicode_encoded,huo,0805.svg
806,涿,6DBF,in_simplified_set,unicode_encoded,zhuo,0806.svg
807,沈,6C88,in_simplified_set,unicode_encoded,shen,0807.svg
808,涵,6DB5,in_simplified_set,unicode_encoded,han,0808.svg
809,溼,6EBC,in_simplified_set,unicode_encoded,shi,0809.svg
810,洎,6D0E,in_simplified_set,unicode_encoded,ji,0810.svg
811,汰,6C70,in_simplified_set,unicode_encoded,tai,0811.svg
812,淡,6DE1,in_simplified_set,unicode_encoded,dan,0812.svg
813,洒,6D12,in_simplified_set,unicode_encoded,sa,0813.svg
814,沐,6C90,in_simplified_set,unicode_encoded,mu,0814.svg
815,沫,6CAB,in_simplified_set,unicode_encoded,mo,0815.svg
816,濤,6FE4,in_simplified_set,unicode_encoded,tao,0816.svg
817,沝,6C9D,in_simplified_set,unicode_encoded,zhui,0817.svg
818,涉,6D89,in_simplified_set,unicode_encoded,she,0818.svg
819,川,5DDD,in_simplified_set,unicode_encoded,chuan,0819.svg
820,列,5217,traditional_or_variant,unicode_encoded,lie,0820.svg
821,邕,9095,in_simplified_set,unicode_encoded,yong,0821.svg
822,灾,707E,traditional_or_variant,unicode_encoded,zai,0822.svg
823,州,5DDE,in_simplified_set,unicode_encoded,zhou,0823.svg
824,泉,6CC9,in_simplified_set,unicode_encoded,quan,0824.svg
825,永,6C38,in_simplified_set,unicode_encoded,yong,0825.svg
826,谷,8C37,in_simplified_set,unicode_encoded,gu,0826.svg
827,冰,51B0,in_simplified_set,unicode_encoded,bing,0827.svg
828,冬,51AC,in_simplified_set,unicode_encoded,dong,0828.svg
829,雨,96E8,in_simplified_set,unicode_encoded,yu,0829.svg
830,雷,96F7,in_simplified_set,unicode_encoded,lei,0830.svg
831,霝,971D,in_simplified_set,unicode_encoded,ling,0831.svg
832,落,843D,traditional_or_variant,unicode_encoded,luo,0832.svg
833,霖,9716,in_simplified_set,unicode_encoded,lin,0833.svg
834,霽,973D,in_simplified_set,unicode_encoded,ji,0834.svg
835,霋,970B,traditional_or_variant,unicode_encoded,qi,0835.svg
836,霾,973E,in_simplified_set,unicode_encoded,mai,0836.svg
837,雩,96E9,in_simplified_set,unicode_encoded,yu,0837.svg
838,雩,96E9,in_simplified_set,unicode_encoded,yu,0838.svg
839,雲,96F2,in_simplified_set,unicode_encoded,yun,0839.svg
840,魚,9B5A,in_simplified_set,unicode_encoded,yu,0840.svg
841,漁,6F01,in_simplified_set,unicode_encoded,yu,0841.svg
842,燕,71D5,in_simplified_set,unicode_encoded,yan,0842.svg
843,龍,9F8D,in_simplified_set,unicode_encoded,long,0843.svg
844,麉,9E89,traditional_or_variant,unicode_encoded,jian,0844.svg
845,不,4E0D,in_simplified_set,unicode_encoded,bu,0845.svg
846,至,81F3,in_simplified_set,unicode_encoded,zhi,0846.svg
847,西,897F,in_simplified_set,unicode_encoded,xi,0847.svg
848,户,6237,in_simplified_set,unicode_encoded,hu,0848.svg
849,門,9580,in_simplified_set,unicode_encoded,men,0849.svg
850,耳,8033,in_simplified_set,unicode_encoded,er,0850.svg
851,聖,8056,in_simplified_set,unicode_encoded,sheng,0851.svg
852,聽,807D,in_simplified_set,unicode_encoded,ting,0852.svg
853,聲,8072,in_simplified_set,unicode_encoded,sheng,0853.svg
854,聞,805E,in_simplified_set,unicode_encoded,wen,0854.svg
855,聾,807E,in_simplified_set,unicode_encoded,long,0855.svg
856,聑,8051,in_simplified_set,unicode_encoded,tie,0856.svg
857,排,6392,in_simplified_set,unicode_encoded,pai,0857.svg
858,扶,6276,in_simplified_set,unicode_encoded,fu,0858.svg
859,摯,646F,in_simplified_set,unicode_encoded,zhi,0859.svg
860,搏,640F,in_simplified_set,unicode_encoded,bo,0860.svg
861,撣,64A3,in_simplified_set,unicode_encoded,dan,0861.svg
862,掔,6394,in_simplified_set,unicode_encoded,qian,0862.svg
863,扔,6254,in_simplified_set,unicode_encoded,reng,0863.svg
864,拕,62D5,in_simplified_set,unicode_encoded,tuo,0864.svg
865,掤,63A4,in_simplified_set,unicode_encoded,bing,0865.svg
866,扜,625C,in_simplified_set,unicode_encoded,yu,0866.svg
867,女,5973,in_simplified_set,unicode_encoded,nv,0867.svg
868,姓,59D3,in_simplified_set,unicode_encoded,xing,0868.svg
869,姜,59DC,in_simplified_set,unicode_encoded,jiang,0869.svg
870,姬,59EC,in_simplified_set,unicode_encoded,ji,0870.svg
871,娶,5A36,in_simplified_set,unicode_encoded,qu,0871.svg
872,婦,5A66,in_simplified_set,unicode_encoded,fu,0872.svg
873,妃,5983,in_simplified_set,unicode_encoded,fei,0873.svg
874,妊,598A,in_simplified_set,unicode_encoded,ren,0874.svg
875,母,6BCD,in_simplified_set,unicode_encoded,mu,0875.svg
876,妣,59A3,in_simplified_set,unicode_encoded,bi,0876.svg
877,妹,59B9,in_simplified_set,unicode_encoded,mei,0877.svg
878,姪,59EA,traditional_or_variant,unicode_encoded,zhi,0878.svg
879,姼,59FC,traditional_or_variant,unicode_encoded,shi,0879.svg
880,溪,6EAA,traditional_or_variant,unicode_encoded,xi,0880.svg
881,婢,5A62,in_simplified_set,unicode_encoded,bi,0881.svg
882,娀,5A00,traditional_or_variant,unicode_encoded,song,0882.svg
883,娥,5A25,in_simplified_set,unicode_encoded,e,0883.svg
884,妸,59B8,in_simplified_set,unicode_encoded,e,0884.svg
885,依,4F9D,traditional_or_variant,unicode_encoded,yi,0885.svg
886,媚,5A9A,in_simplified_set,unicode_encoded,mei,0886.svg
887,好,597D,in_simplified_set,unicode_encoded,hao,0887.svg
888,姌,59CC,traditional_or_variant,unicode_encoded,ran,0888.svg
889,委,59D4,in_simplified_set,unicode_encoded,wei,0889.svg
890,妌,598C,in_simplified_set,unicode_encoded,jing,0890.svg
891,如,5982,in_simplified_set,unicode_encoded,ru,0891.svg
892,娕,5A15,in_simplified_set,unicode_encoded,chuo,0892.svg
893,嬪,5B2A,traditional_or_variant,unicode_encoded,pin,0893.svg
894,妟,599F,traditional_or_variant,unicode_encoded,yan,0894.svg
895,姷,59F7,in_simplified_set,unicode_encoded,you,0895.svg
896,嬰,5B30,in_simplified_set,unicode_encoded,ying,0896.svg
897,妝,599D,in_simplified_set,unicode_encoded,zhuang,0897.svg
898,媟,5A9F,traditional_or_variant,unicode_encoded,xie,0898.svg
899,婪,5A6A,in_simplified_set,unicode_encoded,lan,0899.svg
900,媿,5ABF,in_simplified_set,unicode_encoded,kui,0900.svg
901,奻,597B,traditional_or_variant,unicode_encoded,nuan,0901.svg
902,妥,59A5,in_simplified_set,unicode_encoded,tuo,0902.svg
903,民,6C11,in_simplified_set,unicode_encoded,min,0903.svg
904,乂,4E42,in_simplified_set,unicode_encoded,yi,0904.svg
905,弗,5F17,in_simplified_set,unicode_encoded,fu,0905.svg
906,氏,6C0F,in_simplified_set,unicode_encoded,shi,0906.svg
907,氒,6C12,in_simplified_set,unicode_encoded,jue,0907.svg
908,戈,6208,in_simplified_set,unicode_encoded,ge,0908.svg
909,肇,8087,in_simplified_set,unicode_encoded,zhao,0909.svg
910,戎,620E,in_simplified_set,unicode_encoded,rong,0910.svg
911,戣,6223,in_simplified_set,unicode_encoded,kui,0911.svg
912,干,5E72,traditional_or_variant,unicode_encoded,gan,0912.svg
913,戍,620D,in_simplified_set,unicode_encoded,shu,0913.svg
914,或,6216,in_simplified_set,unicode_encoded,huo,0914.svg
915,戕,6215,traditional_or_variant,unicode_encoded,qiang,0915.svg
916,,,undetermined,not_encoded,zai,0916.svg
917,缄,7F04,traditional_or_variant,unicode_encoded,jian,0917.svg
918,武,6B66,in_simplified_set,unicode_encoded,wu,0918.svg
919,戠,6220,in_simplified_set,unicode_encoded,zhi,0919.svg
920,戔,6214,in_simplified_set,unicode_encoded,jian,0920.svg
921,戉,6209,in_simplified_set,unicode_encoded,yue,0921.svg
922,我,6211,in_simplified_set,unicode_encoded,wo,0922.svg
923,義,7FA9,in_simplified_set,unicode_encoded,yi,0923.svg
924,直,76F4,in_simplified_set,unicode_encoded,zhi,0924.svg
925,亡,4EA1,in_simplified_set,unicode_encoded,wang,0925.svg
926,乍,4E4D,traditional_or_variant,unicode_encoded,zha,0926.svg
927,匈,5308,traditional_or_variant,unicode_encoded,xiong,0927.svg
928,區,5340,in_simplified_set,unicode_encoded,qu,0928.svg
929,医,533B,in_simplified_set,unicode_encoded,yi,0929.svg
930,匚,531A,in_simplified_set,unicode_encoded,fang,0930.svg
931,匡,5321,in_simplified_set,unicode_encoded,kuang,0931.svg
932,匬,532C,traditional_or_variant,unicode_encoded,yu,0932.svg
933,甾,753E,in_simplified_set,unicode_encoded,zai,0933.svg
934,弓,5F13,in_simplified_set,unicode_encoded,gong,0934.svg
935,彊,5F4A,in_simplified_set,unicode_encoded,jiang,0935.svg
936,弘,5F18,in_simplified_set,unicode_encoded,hong,0936.svg
937,彈,5F48,in_simplified_set,unicode_encoded,dan,0937.svg
938,弜,5F1C,traditional_or_variant,unicode_encoded,jiang,0938.svg
939,系,7CFB,in_simplified_set,unicode_encoded,xi,0939.svg
940,孫,5B6B,in_simplified_set,unicode_encoded,sun,0940.svg
941,糸,7CF8,in_simplified_set,unicode_encoded,mi,0941.svg
942,絶,7D76,traditional_or_variant,unicode_encoded,jue,0942.svg
943,續,7E8C,traditional_or_variant,unicode_encoded,xu,0943.svg
944,紹,7D39,in_simplified_set,unicode_encoded,shao,0944.svg
945,紊,7D0A,in_simplified_set,unicode_encoded,wen,0945.svg
946,終,7D42,in_simplified_set,unicode_encoded,zhong,0946.svg
947,緑,7DD1,in_simplified_set,unicode_encoded,lv,0947.svg
948,紟,7D1F,in_simplified_set,unicode_encoded,jin,0948.svg
949,編,7DE8,in_simplified_set,unicode_encoded,bian,0949.svg
950,紂,7D02,traditional_or_variant,unicode_encoded,zhou,0950.svg
951,綏,7D8F,in_simplified_set,unicode_encoded,sui,0951.svg
952,彝,5F5D,in_simplified_set,unicode_encoded,yi,0952.svg
953,絲,7D72,in_simplified_set,unicode_encoded,si,0953.svg
954,率,7387,in_simplified_set,unicode_encoded,lv,0954.svg
955,虫,866B,in_simplified_set,unicode_encoded,chong,0955.svg
956,蜀,8700,in_simplified_set,unicode_encoded,shu,0956.svg
957,虹,8679,in_simplified_set,unicode_encoded,hong,0957.svg
958,昆,6606,traditional_or_variant,unicode_encoded,kun,0958.svg
959,蠱,8831,in_simplified_set,unicode_encoded,gu,0959.svg
960,風,98A8,in_simplified_set,unicode_encoded,feng,0960.svg
961,它,5B83,in_simplified_set,unicode_encoded,ta,0961.svg
962,龜,9F9C,traditional_or_variant,unicode_encoded,gui,0962.svg
963,黽,9EFD,in_simplified_set,unicode_encoded,mian,0963.svg
964,鼍,9F0D,in_simplified_set,unicode_encoded,tuo,0964.svg
965,二,4E8C,in_simplified_set,unicode_encoded,er,0965.svg
966,亟,4E9F,in_simplified_set,unicode_encoded,ji,0966.svg
967,恒,6052,in_simplified_set,unicode_encoded,heng,0967.svg
968,亘,4E98,in_simplified_set,unicode_encoded,gen,0968.svg
969,凡,51E1,in_simplified_set,unicode_encoded,fan,0969.svg
970,土,571F,in_simplified_set,unicode_encoded,tu,0970.svg
971,基,57FA,in_simplified_set,unicode_encoded,ji,0971.svg
972,在,5728,in_simplified_set,unicode_encoded,zai,0972.svg
973,封,5C01,in_simplified_set,unicode_encoded,feng,0973.svg
974,圣,5723,in_simplified_set,unicode_encoded,sheng,0974.svg
975,堯,582F,traditional_or_variant,unicode_encoded,yao,0975.svg
976,堇,5807,traditional_or_variant,unicode_encoded,jin,0976.svg
977,艱,8271,in_simplified_set,unicode_encoded,jian,0977.svg
978,野,91CE,in_simplified_set,unicode_encoded,ye,0978.svg
979,田,7530,in_simplified_set,unicode_encoded,tian,0979.svg
980,疇,7587,in_simplified_set,unicode_encoded,chou,0980.svg
981,畯,756F,in_simplified_set,unicode_encoded,jun,0981.svg
982,畕,7555,in_simplified_set,unicode_encoded,jiang,0982.svg
983,疆,7586,in_simplified_set,unicode_encoded,jiang,0983.svg
984,黄,9EC4,in_simplified_set,unicode_encoded,huang,0984.svg
985,男,7537,in_simplified_set,unicode_encoded,nan,0985.svg
986,力,529B,in_simplified_set,unicode_encoded,li,0986.svg
987,劦,52A6,in_simplified_set,unicode_encoded,xie,0987.svg
988,錫,932B,in_simplified_set,unicode_encoded,xi,0988.svg
989,鑄,9444,in_simplified_set,unicode_encoded,zhu,0989.svg
990,镬,956C,in_simplified_set,unicode_encoded,huo,0990.svg
991,锾,953E,in_simplified_set,unicode_encoded,huan,0991.svg
992,且,4E14,in_simplified_set,unicode_encoded,qie,0992.svg
993,俎,4FCE,in_simplified_set,unicode_encoded,zu,0993.svg
994,斤,65A4,in_simplified_set,unicode_encoded,jin,0994.svg
995,斧,65A7,in_simplified_set,unicode_encoded,fu,0995.svg
996,斫,65AB,in_simplified_set,unicode_encoded,zhuo,0996.svg
997,新,65B0,in_simplified_set,unicode_encoded,xin,0997.svg
998,斝,659D,in_simplified_set,unicode_encoded,jia,0998.svg
999,升,5347,in_simplified_set,unicode_encoded,sheng,0999.svg
1000,車,8ECA,in_simplified_set,unicode_encoded,che,1000.svg
1001,輿,8F3F,in_simplified_set,unicode_encoded,yu,1001.svg
1002,堆,5806,traditional_or_variant,unicode_encoded,dui,1002.svg
1003,官,5B98,in_simplified_set,unicode_encoded,guan,1003.svg
1004,丰,4E30,traditional_or_variant,unicode_encoded,feng,1004.svg
1005,陵,9675,in_simplified_set,unicode_encoded,ling,1005.svg
1006,陽,967D,in_simplified_set,unicode_encoded,yang,1006.svg
1007,陮,966E,in_simplified_set,unicode_encoded,dui,1007.svg
1008,陟,965F,in_simplified_set,unicode_encoded,zhi,1008.svg
1009,隊,968A,in_simplified_set,unicode_encoded,dui,1009.svg
1010,降,964D,in_simplified_set,unicode_encoded,jiang,1010.svg
1011,餐,9910,traditional_or_variant,unicode_encoded,can,1011.svg
1012,陴,9674,in_simplified_set,unicode_encoded,pi,1012.svg
1013,四,56DB,in_simplified_set,unicode_encoded,si,1013.svg
1014,宁,5B81,in_simplified_set,unicode_encoded,ning,1014.svg
1015,亞,4E9E,in_simplified_set,unicode_encoded,ya,1015.svg
1016,五,4E94,in_simplified_set,unicode_encoded,wu,1016.svg
1017,六,516D,in_simplified_set,unicode_encoded,liu,1017.svg
1018,七,4E03,in_simplified_set,unicode_encoded,qi,1018.svg
1019,九,4E5D,in_simplified_set,unicode_encoded,jiu,1019.svg
1020,禽,79BD,in_simplified_set,unicode_encoded,qin,1020.svg
1021,萬,842C,in_simplified_set,unicode_encoded,wan,1021.svg
1022,獸,7378,in_simplified_set,unicode_encoded,shou,1022.svg
1023,甲,7532,in_simplified_set,unicode_encoded,jia,1023.svg
1024,乙,4E59,in_simplified_set,unicode_encoded,yi,1024.svg
1025,尤,5C24,in_simplified_set,unicode_encoded,you,1025.svg
1026,丙,4E19,in_simplified_set,unicode_encoded,bing,1026.svg
1027,丁,4E01,in_simplified_set,unicode_encoded,ding,1027.svg
1028,戊,620A,in_simplified_set,unicode_encoded,wu,1028.svg
1029,成,6210,in_simplified_set,unicode_encoded,cheng,1029.svg
1030,己,5DF1,in_simplified_set,unicode_encoded,ji,1030.svg
1031,萁,8401,traditional_or_variant,unicode_encoded,qi,1031.svg
1032,庚,5E9A,in_simplified_set,unicode_encoded,geng,1032.svg
1033,辛,8F9B,in_simplified_set,unicode_encoded,xin,1033.svg
1034,辥,8FA5,traditional_or_variant,unicode_encoded,xue,1034.svg
1035,壬,58EC,in_simplified_set,unicode_encoded,ren,1035.svg
1036,癸,7678,in_simplified_set,unicode_encoded,gui,1036.svg
1037,子,5B50,in_simplified_set,unicode_encoded,zi,1037.svg
1038,孕,5B55,in_simplified_set,unicode_encoded,yun,1038.svg
1039,季,5B63,in_simplified_set,unicode_encoded,ji,1039.svg
1040,育,80B2,in_simplified_set,unicode_encoded,yu,1040.svg
1041,丑,4E11,in_simplified_set,unicode_encoded,chou,1041.svg
1042,羞,7F9E,in_simplified_set,unicode_encoded,xiu,1042.svg
1043,寅,5BC5,in_simplified_set,unicode_encoded,yin,1043.svg
1044,卯,536F,in_simplified_set,unicode_encoded,mao,1044.svg
1045,辰,8FB0,in_simplified_set,unicode_encoded,chen,1045.svg
1046,巳,5DF3,in_simplified_set,unicode_encoded,si,1046.svg
1047,已,5DF2,traditional_or_variant,unicode_encoded,yi,1047.svg
1048,午,5348,in_simplified_set,unicode_encoded,wu,1048.svg
1049,未,672A,in_simplified_set,unicode_encoded,wei,1049.svg
1050,申,7533,in_simplified_set,unicode_encoded,shen,1050.svg
1051,酉,9149,in_simplified_set,unicode_encoded,you,1051.svg
1052,酒,9152,in_simplified_set,unicode_encoded,jiu,1052.svg
1053,配,914D,in_simplified_set,unicode_encoded,pei,1053.svg
1054,尊,5C0A,in_simplified_set,unicode_encoded,zun,1054.svg
1055,戌,620C,in_simplified_set,unicode_encoded,xu,1055.svg
1056,亥,4EA5,in_simplified_set,unicode_encoded,hai,1056.svg
1057,莽,83BD,in_simplified_set,unicode_encoded,mang,1057.svg
1058,害,5BB3,traditional_or_variant,unicode_encoded,hai,1058.svg
1059,噪,566A,traditional_or_variant,unicode_encoded,zao,1059.svg
1060,呈,5448,traditional_or_variant,unicode_encoded,cheng,1060.svg
1061,唬,552C,in_simplified_set,unicode_encoded,hu,1061.svg
1062,走,8D70,in_simplified_set,unicode_encoded,zou,1062.svg
1063,挤,6324,traditional_or_variant,unicode_encoded,ji,1063.svg
1064,徒,5F92,in_simplified_set,unicode_encoded,tu,1064.svg
1065,徙,5F99,in_simplified_set,unicode_encoded,xi,1065.svg
1066,後,5F8C,in_simplified_set,unicode_encoded,hou,1066.svg
1067,迪,8FEA,traditional_or_variant,unicode_encoded,di,1067.svg
1068,遠,9060,in_simplified_set,unicode_encoded,yuan,1068.svg
1069,疋,758B,in_simplified_set,unicode_encoded,pi,1069.svg
1070,洹,6D39,traditional_or_variant,unicode_encoded,huan,1070.svg
1071,訢,8A22,in_simplified_set,unicode_encoded,xin,1071.svg
1072,尋,5C0B,traditional_or_variant,unicode_encoded,xun,1072.svg
1073,童,7AE5,in_simplified_set,unicode_encoded,tong,1073.svg
1074,晝,665D,in_simplified_set,unicode_encoded,zhou,1074.svg
1075,卑,5351,in_simplified_set,unicode_encoded,bei,1075.svg
1076,將,5C07,in_simplified_set,unicode_encoded,jiang,1076.svg
1077,庸,5EB8,in_simplified_set,unicode_encoded,yong,1077.svg
1078,箪,7BAA,traditional_or_variant,unicode_encoded,dan,1078.svg
1079,督,7763,in_simplified_set,unicode_encoded,du,1079.svg
1080,怨,6028,traditional_or_variant,unicode_encoded,yuan,1080.svg
1081,鼻,9F3B,in_simplified_set,unicode_encoded,bi,1081.svg
1082,翟,7FDF,in_simplified_set,unicode_encoded,di,1082.svg
1083,豢,8C62,traditional_or_variant,unicode_encoded,huan,1083.svg
1084,鳶,9CF6,traditional_or_variant,unicode_encoded,yuan,1084.svg
1085,爭,722D,in_simplified_set,unicode_encoded,zheng,1085.svg
1086,胄,80C4,in_simplified_set,unicode_encoded,zhou,1086.svg
1087,畵,7575,traditional_or_variant,unicode_encoded,hua,1087.svg
1088,縲,7E32,traditional_or_variant,unicode_encoded,lei,1088.svg
1089,虽,867D,traditional_or_variant,unicode_encoded,sui,1089.svg
1090,爼,723C,traditional_or_variant,unicode_encoded,zu,1090.svg
1091,觳,89F3,traditional_or_variant,unicode_encoded,hu,1091.svg
1092,其,5176,in_simplified_set,unicode_encoded,qi,1092.svg
1093,佐,4F50,in_simplified_set,unicode_encoded,zuo,1093.svg
1094,廼,5EFC,in_simplified_set,unicode_encoded,nai,1094.svg
1095,沓,6C93,in_simplified_set,unicode_encoded,da,1095.svg
1096,虐,8650,in_simplified_set,unicode_encoded,nve,1096.svg
1097,鱼,9C7C,traditional_or_variant,unicode_encoded,yu,1097.svg
1098,猟,731F,traditional_or_variant,unicode_encoded,lie,1098.svg
1099,祭,796D,traditional_or_variant,unicode_encoded,ji,1099.svg
1100,飤,98E4,traditional_or_variant,unicode_encoded,si,1100.svg
1101,餐,9910,traditional_or_variant,unicode_encoded,can,1101.svg
1102,夌,590C,in_simplified_set,unicode_encoded,ling,1102.svg
1103,困,56F0,traditional_or_variant,unicode_encoded,kun,1103.svg
1104,夆,5906,in_simplified_set,unicode_encoded,feng,1104.svg
1105,李,674E,in_simplified_set,unicode_encoded,li,1105.svg
1106,櫟,6ADF,in_simplified_set,unicode_encoded,li,1106.svg
1107,條,689D,in_simplified_set,unicode_encoded,tiao,1107.svg
1108,杕,6755,traditional_or_variant,unicode_encoded,di,1108.svg
1109,罍,7F4D,in_simplified_set,unicode_encoded,lei,1109.svg
1110,椎,690E,in_simplified_set,unicode_encoded,chui,1110.svg
1111,校,6821,in_simplified_set,unicode_encoded,xiao,1111.svg
1112,鬱,9B31,in_simplified_set,unicode_encoded,yu,1112.svg
1113,橐,6A50,traditional_or_variant,unicode_encoded,tuo,1113.svg
1114,漅,6F05,in_simplified_set,unicode_encoded,chao,1114.svg
1115,籋,7C4B,traditional_or_variant,unicode_encoded,nie,1115.svg
1116,霸,9738,in_simplified_set,unicode_encoded,ba,1116.svg
1117,齐,9F50,traditional_or_variant,unicode_encoded,qi,1117.svg
1118,卣,5363,in_simplified_set,unicode_encoded,you,1118.svg
1119,穆,7A46,in_simplified_set,unicode_encoded,mu,1119.svg
1120,穧,7A67,traditional_or_variant,unicode_encoded,ji,1120.svg
1121,覃,8983,traditional_or_variant,unicode_encoded,tan,1121.svg
1122,兇,5147,in_simplified_set,unicode_encoded,xiong,1122.svg
1123,宇,5B87,in_simplified_set,unicode_encoded,yu,1123.svg
1124,宛,5B9B,in_simplified_set,unicode_encoded,wan,1124.svg
1125,袧,88A7,traditional_or_variant,unicode_encoded,gou,1125.svg
1126,细,7EC6,traditional_or_variant,unicode_encoded,xi,1126.svg
1127,纲,7EB2,traditional_or_variant,unicode_encoded,gang,1127.svg
1128,僤,50E4,in_simplified_set,unicode_encoded,dan,1128.svg
1129,免,514D,in_simplified_set,unicode_encoded,mian,1129.svg
1130,係,4FC2,traditional_or_variant,unicode_encoded,xi,1130.svg
1131,量,91CF,in_simplified_set,unicode_encoded,liang,1131.svg
1132,身,8EAB,in_simplified_set,unicode_encoded,shen,1132.svg
1133,殷,6BB7,in_simplified_set,unicode_encoded,yin,1133.svg
1134,袁,8881,in_simplified_set,unicode_encoded,yuan,1134.svg
1135,襄,8944,in_simplified_set,unicode_encoded,xiang,1135.svg
1136,萦,8426,traditional_or_variant,unicode_encoded,ying,1136.svg
1137,伲,4F32,traditional_or_variant,unicode_encoded,ni,1137.svg
1138,伏,4F0F,in_simplified_set,unicode_encoded,fu,1138.svg
1139,旡,65E1,in_simplified_set,unicode_encoded,ji,1139.svg
1140,帆,5E06,traditional_or_variant,unicode_encoded,fan,1140.svg
1141,須,9808,in_simplified_set,unicode_encoded,xu,1141.svg
1142,醜,919C,in_simplified_set,unicode_encoded,chou,1142.svg
1143,庻,5EBB,traditional_or_variant,unicode_encoded,shu,1143.svg
1144,危,5371,in_simplified_set,unicode_encoded,wei,1144.svg
1145,硪,786A,traditional_or_variant,unicode_encoded,wo,1145.svg
1146,驟,9A5F,in_simplified_set,unicode_encoded,zhou,1146.svg
1147,駛,99DB,in_simplified_set,unicode_encoded,shi,1147.svg
1148,炘,7098,in_simplified_set,unicode_encoded,xin,1148.svg
1149,祥,7965,traditional_or_variant,unicode_encoded,xiang,1149.svg
1150,狐,72D0,in_simplified_set,unicode_encoded,hu,1150.svg
1151,鼠,9F20,in_simplified_set,unicode_encoded,shu,1151.svg
1152,蒸,84B8,in_simplified_set,unicode_encoded,zheng,1152.svg
1153,烈,70C8,in_simplified_set,unicode_encoded,lie,1153.svg
1154,黑,9ED1,in_simplified_set,unicode_encoded,hei,1154.svg
1155,粦,7CA6,in_simplified_set,unicode_encoded,lin,1155.svg
1156,奏,594F,in_simplified_set,unicode_encoded,zou,1156.svg
1157,惟,60DF,in_simplified_set,unicode_encoded,wei,1157.svg
1158,懋,61CB,in_simplified_set,unicode_encoded,mao,1158.svg
1159,熊,718A,in_simplified_set,unicode_encoded,xiong,1159.svg
1160,胶,80F6,in_simplified_set,unicode_encoded,jiao,1160.svg
1161,湌,6E4C,in_simplified_set,unicode_encoded,can,1161.svg
1162,泊,6CCA,in_simplified_set,unicode_encoded,po,1162.svg
1163,沛,6C9B,traditional_or_variant,unicode_encoded,pei,1163.svg
1164,镍,954D,traditional_or_variant,unicode_encoded,nie,1164.svg
1165,蔖,8516,traditional_or_variant,unicode_encoded,cuo,1165.svg
1166,钳,94B3,traditional_or_variant,unicode_encoded,qian,1166.svg
1167,凍,51CD,in_simplified_set,unicode_encoded,dong,1167.svg
1168,震,9707,in_simplified_set,unicode_encoded,zhen,1168.svg
1169,踏,8E0F,traditional_or_variant,unicode_encoded,ta,1169.svg
1170,沁,6C81,in_simplified_set,unicode_encoded,qin,1170.svg
1171,乳,4E73,in_simplified_set,unicode_encoded,ru,1171.svg
1172,聯,806F,in_simplified_set,unicode_encoded,lian,1172.svg
1173,馘,9998,in_simplified_set,unicode_encoded,guo,1173.svg
1174,振,632F,traditional_or_variant,unicode_encoded,zhen,1174.svg
1175,婐,5A50,in_simplified_set,unicode_encoded,wo,1175.svg
1176,婭,5A6D,traditional_or_variant,unicode_encoded,ya,1176.svg
1177,娘,5A18,in_simplified_set,unicode_encoded,niang,1177.svg
1178,嬉,5B09,in_simplified_set,unicode_encoded,xi,1178.svg
1179,妤,59A4,traditional_or_variant,unicode_encoded,yu,1179.svg
1180,妞,599E,traditional_or_variant,unicode_encoded,niu,1180.svg
1181,冬,51AC,traditional_or_variant,unicode_encoded,dong,1181.svg
1182,奏,594F,traditional_or_variant,unicode_encoded,zou,1182.svg
1183,弋,5F0B,in_simplified_set,unicode_encoded,yi,1183.svg
1184,戚,621A,in_simplified_set,unicode_encoded,qi,1184.svg
1185,囻,56FB,traditional_or_variant,unicode_encoded,guo,1185.svg
1186,曲,66F2,in_simplified_set,unicode_encoded,qu,1186.svg
1187,洱,6D31,in_simplified_set,unicode_encoded,er,1187.svg
1188,爵,7235,traditional_or_variant,unicode_encoded,jue,1188.svg
1189,轡,8F61,traditional_or_variant,unicode_encoded,pei,1189.svg
1190,臝,81DD,traditional_or_variant,unicode_encoded,luo,1190.svg
1191,塞,585E,in_simplified_set,unicode_encoded,sai,1191.svg
1192,由,7531,in_simplified_set,unicode_encoded,you,1192.svg
1193,畜,755C,in_simplified_set,unicode_encoded,chu,1193.svg
1194,嘉,5609,traditional_or_variant,unicode_encoded,jia,1194.svg
1195,鑿,947F,in_simplified_set,unicode_encoded,zao,1195.svg
1196,載,8F09,in_simplified_set,unicode_encoded,zai,1196.svg
1197,輦,8F26,traditional_or_variant,unicode_encoded,nian,1197.svg
1198,隂,9682,in_simplified_set,unicode_encoded,yin,1198.svg
1199,巴,5DF4,in_simplified_set,unicode_encoded,ba,1199.svg
1200,臾,81FE,traditional_or_variant,unicode_encoded,yu,1200.svg
1201,罇,7F47,traditional_or_variant,unicode_encoded,zun,1201.svg
1202,次,6B21,traditional_or_variant,unicode_encoded,ci,1202.svg
1203,举,4E3E,traditional_or_variant,unicode_encoded,ju,1203.svg
