単語,語根（印欧祖語）,レア度,語義,語源メモ
a,oi-no-,1,一つの,もとは one。an の n が子音の前で消えて a になった。
an,oi-no-,1,一つの,a より古い、もとの形。古英語では「一つ」そのものだった。
one,oi-no-,1,1、ひとつの,発音は本来「オーン」。only や alone に昔の音が残っている。
only,oi-no-,5,唯一の,中身は one + like で「一つのような」。one の古い発音を今も残す。
any,oi-no-,32,どんな〜でも,中身は one + y で「一つばかりの」。どんな一つでも、が出発点。
right,reg-,83,正しい、右、権利,原義は「まっすぐ、正しい」。方角の「右」は正しい手の側から。
data,dō-,112,データ、資料,「与えられたもの」datum の複数形。もとは計算の前提となる事実。
another,oi-no-+al-1,121,別の,an + other が縮まった語。もとは「二つのうちの二つめ」。
head,kaput-,128,頭、首長,川の源も、コインの表も、ビールの泡も head。「いちばん上」から。
smartphone,bhā-2,150,スマートフォン,phone は「声」。スマホを一皮むくと、5000年前の“声”の祖先が入っている。
mind,men-1,180,心・精神,古英語では第一に「記憶」。思考や意志の意味は後から育った。
once,oi-no-,191,一度、かつて,one に副詞の -s がついた形。-ce の綴りは s の音を守るため。
idea,weid-,226,考え、アイデア,原義は「見えた姿」。「見る」の語根から、プラトンの原型の意へ。
history,weid-,228,歴史,ギリシャ語で「見て知った人の報告」。語根はやはり「見る」。
view,weid-,235,眺め、見解,ラテン語 videre(見る)から。「見え方」がそのまま「意見」にも育った。
provide,per1+weid-,236,提供する、規定する,pro(前もって)+videre(見る)。先を見越すことが「用意する」になった。
someone,sem-1+oi-no-,237,だれか,もとは some one と二語だった。一語で書かれ出すのは19世紀半ば。
story,weid-,247,物語,history の頭が落ちた形。16世紀まで「歴史」と区別が無かった。
evidence,eghs+weid-,250,証拠,原義は「外からよく見える」。見えることが、そのまま証拠だった。
chapter,kaput-,252,章、支部,ラテン語で「小さな頭」。本の頭出しの見出しが、そのまま章になった。
rights,reg-,255,権利,語根は「まっすぐ」。まっすぐが「正しい」になり、やがて「権利」になった。
alone,al-5+oi-no-,263,ひとりで,all one(まったくひとり)の縮まった形。one の古い発音がここに残る。
subject,upo+yē-,266,主題、科目,原義は「下に投げられた者」。支配される臣民が、いつしか文の主語に。
disease,dwis-+yē-,274,病気,ease「楽」を dis- で打ち消した語で、もとは「不快、不便」だった。
provided,per1+weid-,277,もし〜ならば,provide の過去分詞がそのまま接続詞になり、条件を示すようになった。
addition,ad-+dō-,279,追加,ad-「〜へ」+ dare「与える」で、原義は「加え与えること」。
project,per1+yē-,285,計画、投影(する),原義は「前に投げ出されたもの」。投影も計画も「投げる」から。
quickly,gwei-,291,速く,quick の語根は「生きる」で、15世紀には「生き生きと」の意だった。
everyone,aiw-+līk-+oi-no-,292,みんな,every は ever(いつも)+each(それぞれ)。それに one を足した語。
source,upo+reg-,299,源,原義は「泉が湧き上がるところ」。sub(下から)+regere(導く)。
phone,bhā-2,301,電話,telephone の略。1878年の新聞にすでに登場している。
direction,dwis-+reg-,312,方向、指示,原義は「まっすぐ整えること」。方角を指すのは17世紀から。
direct,dwis-+reg-,318,導く、直接の,dis-(離れて)+regere(まっすぐ導く)で、まっすぐ差し向けること。
music,men-1,318,音楽,原義は「ムーサの技」。古代ギリシャでは詩もこの語に含まれていた。
region,reg-,320,地域、部位,語根は「まっすぐ導く・支配する」。線で区切った統治の範囲が原義。
review,re-+weid-,320,批評する、再検討する,もとは軍隊の「閲兵」。再び見る revidēre から批評の意味に広がった。
capital,kaput-,324,首都、資本、大文字,首都も資本も大文字も、原義は「頭の」。ラテン語 caput から。
object,epi+yē-,324,物体、反対する,「前に投げ出されたもの」が原義。だから「反対する」の意味も持つ。
rule,reg-,324,規則、支配(する),ラテン語 regula は「まっすぐな棒」。定規と規則は同じ語だった。
date,dō-,332,日付、年月日,ローマ人が手紙の末尾に書いた「与えられた日」から。
correct,kom+reg-,333,正しい,もとは罰して正すこと。曲がったものをまっすぐにする、が原義。
traditional,terə-2+dō-,335,伝統的な,語源は「手渡す」。人から人へ渡されてきたものが伝統になる。
mental,men-1,339,精神の,「あごの」の mental とは別語。「頭がおかしい」という意味が付いたのは1927年ごろから。
address,ad-+reg-,341,住所、演説,原義は「まっすぐ向ける」。ゴルフのアドレスに古い意味が残る。
additional,dō-+ad-,347,追加の,additional の add は、ラテン語の「〜へ与える」から。
historical,weid-,347,歴史の,語根は「見て知る」。歴史はもと「調べて得た知識」だった。
professional,per1+bhā-2,354,専門職の,もとは修道会の入会にかかわる語。スポーツのプロの意味は1846年から。
visit,weid-,360,訪問する,もとは神が人のもとを訪れること。天罰が「下る」意もここから。
add,ad-+dō-,362,加える,ad(〜へ)+dere(置く)。「そばに置く」が「加える」になった。
unit,oi-no-,366,単位、部隊,digit に似せて unity を作り変えた語。ユークリッド英訳で広まった。
vision,weid-,369,視力、幻,最初は「幻、まぼろし」の意味だった。「視力」を指すのは15世紀末から。
die,dō-,371,さいころ、金型,死ぬ die とは別語。ラテン語「与えられたもの」から。
animal,anə-,372,動物,原義は「息をするもの」。1600年ごろまでは beast が普通の語だった。
rich,reg-,374,金持ちの、濃厚な,古英語では「強い、身分が高い」。ケルト語の「王」からの借用語。
otherwise,al-1+weid-,375,さもなければ、別の方法で,古英語の「別のやり方で」という句が縮まって一語になった。
achieve,ad-+kaput-,376,達成する,原義は「頭に届く」。ラテン語 caput「頭」から、やり遂げるの意に。
none,ne+oi-no-,381,何ひとつない,ne(ない)+one(一つ)の合成。これが縮んで no になった。
unique,oi-no-,385,唯一の,原義は「ただ一つの」。「珍しい」の意味は19世紀の誤用から広まった。
ahead,an-+kaput-,391,前方に,中身は「頭の側に」。もとは船の用語で astern の反対だった。
quick,gwei-,394,すばやい,古英語では「生きている」。生き生きしていることが「速い」に。
regular,reg-,403,定期的な,最初は「修道会の戒律に従う」の意。語源はまっすぐな木の棒。
Richard,reg-+kar-,405,リチャード,古高ドイツ語で「統治に強い」の意。愛称形が Rick になった。
dress,de-+reg-,409,ドレス,原義は「まっすぐにする」。服を着せる意味は14世紀末から。
objective,epi+yē-,411,目標、客観的な,1610年代の意味は今とほぼ逆で、「心に思い描かれた」だった。
tradition,terə-2+dō-,411,伝統,trans(越えて)+dare(与える)で、原義は「手渡すこと」。
visual,weid-,415,視覚の,15世紀には、目から光線が出て見えると考えられていた名残の語。
guide,weid-,418,案内する,語根は「見る」。案内とは、先に見て道を示してやること。
video,weid-,418,動画、映像,ラテン語で「私は見る」。1935年、audio にならって作られた語。
regional,reg-,422,地域の,region の祖先は「まっすぐ導く」。王の regal も同じ一族。
survey,uper+weid-,422,調査、測量,原義は「上から見下ろす」。土地の測量に使われだしたのは1540年代。
chief,kaput-,424,長,フランス語では chef になった同じ語。原義はラテン語の「頭」。
interview,en+weid-,424,面接、取材,取材の意は1869年の米国生まれ。原義は「互いに見る」。
visible,weid-,424,目に見える,「有名な、目立つ」の意で使われ出したのは1950年代から。
advice,ad-+weid-,427,助言,語源は「私にはこう見える」。ただの感想が忠告になった。
famous,bhā-2,427,有名な,ラテン語では「悪名高い」でもあった。有名と悪名は紙一重。
mention,men-1,427,言及する、表彰,原義は「心に呼び起こす」。軽い言及になったのは18世紀。
ideal,weid-,431,理想,名詞の「理想」は1796年、カントの翻訳から生まれた新顔。
university,oi-no-,434,大学,原義はただの「団体」。「教師と学生の団体」を縮めた呼び名。
resource,re-+upo+reg-,435,資源、機転,原義は「もう一度立ち上がる」。尽きても湧き直すものが資源。
regulation,reg-,439,規則,もとは「整えること」という行為。「規則」の意は1715年から。
biological,gwei-+leg-,442,生物学の,体内時計を指す言い方は1955年から。意外に新しい言葉。
anyway,oi-no-+wegh-,447,とにかく,1830年代までは any way と、二語に分けて書かれていた。
universal,oi-no-+wer-3,451,普遍的な,語源は「ひとつに向き直った」。全部が同じ方を向く姿。
wisdom,weid-+dhē-,452,知恵,親知らずを「知恵の歯」と呼ぶのは1848年から。
survival,uper+gwei-,453,生存,「適者生存」は1864年スペンサーの語で、ダーウィン発ではない。
provision,per1+weid-,454,供給、規定、食糧,原義は「先を見ること」。備えとは、未来を見通す力だった。
dose,dō-,458,服用量,原義はギリシャ語の「与えること」。医師が処方する量を指した。
evident,eghs+weid-,461,明らかな,ex(すっかり)+videre(見える)で、「まる見え」が原義。
edition,eghs+dō-,463,版,ex(外へ)+dare(与える)で、原義は「世に出すこと」。
regime,reg-,464,政権,15世紀には「食事や運動の養生法」を指す語だった。
witness,weid-,464,目撃者,原義は「知っていること」。知っている人が、そのまま証人に。
demonstrate,de-+men-1,467,証明する、デモをする,「デモをする」の意は1888年から。語源をたどると monster に行き着く。
universe,oi-no-+wer-3,470,宇宙,unus(一つ)+vertere(向ける)で「ひとつに転じたもの」が原義。
director,dwis-+reg-,472,監督、取締役,最初はただの「案内人」。映画や舞台の「監督」の意は1911年から。
vital,gwei-,472,生命の、不可欠な,「きわめて重要」の意は1610年代から。命に関わるほど、という含み。
wise,weid-,474,賢い,語根は「見る」。よく見た者が知る者、つまり賢い者になった。
anywhere,oi-no-+kʷo-,475,どこでも,14世紀末に any と where がくっついた新顔。古くは owhere。
guidance,weid-+-nt-,476,指導,学校や職業の「指導」を指すのは1927年から。案外新しい。
union,oi-no-,477,結合、連合,ラテン語 unio は「一粒の真珠」、そして「玉ねぎ」も指した。
uniform,oi-no-+merph-,482,制服、一様な,「形が一つ」が原義。衣服を指すのは1748年、軍服から始まった。
television,kʷel-2+weid-,484,テレビ,実物より先に名前ができた語。1907年、空想の技術に「遠くを見る」と命名。
ease,ad-+yē-,485,容易さ、和らげる,原義は「そばに横たわる」。寝そべる姿がそのまま「楽」になった。
survive,uper+gwei-,489,生きのびる,もとは相続の法律用語。「誰より長生きするか」を言う語だった。
fate,bhā-2,491,運命,原義は「神が口にしたこと」。語られた言葉が運命になる。
regulatory,reg-,492,規制する,語根は「まっすぐ」。定規で引く直線が規則のもと。
royal,reg-,493,王の,米語では1940年代から「ひどい」の強め言葉にもなった。
inch,oi-no-,495,インチ,もとはラテン語の「12分の1」。1フィートの12分の1だからこの名。
regularly,reg-+-lo-,497,定期的に,語源は「ものさし」。定規どおりに揃っているのが規則正しい。
blame,bhā-2+mel-5,499,非難する,もとは「神を冒涜する」。それが人を責める意味に薄まった。
forehead,per1+kaput-,499,額,中身はそのまま「前の頭」。古英語の形が今も残っている。
knee,genu-1,505,ひざ,語根は「膝、角度」。曲がっている所そのものを指す語だった。
heading,kaput-,506,見出し、進路,1300年ごろの意味は「首を切ること」。見出しの意は1849年から。
comment,kom+men-1,508,論評,ラテン語では「作り話」。注釈の意味は神学者たちが与えた。
unity,oi-no-,509,統一,もとは神学の語で、三位一体の「一つ」を指していた。
overview,uper+weid-,511,概要,17世紀の「監督」の意は一度滅び、1934年に別語で復活。
captain,kaput-,513,船長、キャプテン、主将,船長も機長も主将も、みんなラテン語の「頭」から。
nobody,ne+oi-no-,516,だれも…ない、取るに足りない人,「取るに足りない人」の意は1580年代から。昔は二語で書いた。
monitor,men-1,518,監視装置,初出は1540年代の「風紀を預かる上級生」。機械より人が先。
realm,reg-,520,領域、王国,中英語では reaume。「王の統べる国」が原義だった。
editor,eghs+dō-,523,編集者,1640年代は「出版者」。今の「編集者」の意は1712年から。
rent,re-+dō-,526,家賃,「裂け目」の rent は全くの別語。家賃の方は「差し出す」から。
professor,per1+bhā-2,528,教授,原義は「公言する人」。人前で自分の専門を宣言する者のこと。
automatically,autos+men-1,530,自動的に,1834年の初出では「思わず、無意識に」の意だった。
achievement,kaput-,531,達成,まず「やり終えること」を指し、「成果そのもの」は1590年代から。
correctly,kom+reg-,532,正しく,語根は「まっすぐ」。まっすぐに直すことが「正しい」だった。
Morgan,mori-,533,モーガン,Morgan は古いケルト系の名で、芯にあるのは「海」。アーサー王物語の魔女モーガンの名として名高い――最近は J. P. Morgan さんのほうが有名かもしれないが。
profession,per1+bhā-2,533,職業,profession はもと修道会に入る誓い。公に宣言することが原義。
cattle,kaput-,534,牛,cattle はもと財産全般を指した。牛だけになるのは16世紀末。
infant,ne+bhā-2,537,幼児,ラテン語の原義は「話せない者」。ことばを持たない時期が幼児。
dated,dō-,541,時代遅れの,「時代遅れ」の意は1900年から。日付の date は「与える」が語根。
cap,kaput-,543,帽子、ふた,元はマントの意。さらに古くは女性の頭巾を指した語だった。
invisible,ne+weid-,543,目に見えない,見えないインクの意は1680年代から。透明人間はウェルズの1897年。
adjacent,ad-+yē-,544,隣接した,物にだけ使い、人や動物には使わない語。接していなくてよい。
subjective,upo+yē-,544,主観的な,1500年ごろは「従順な」の意。心の中の意味はカント以後に広まった。
dating,dō-,545,デートすること,恋愛の意味で使い出したのは1939年。日付の date と同じ語。
indirect,ne+dwis-+reg-,546,間接的な,direct は「まっすぐ導く」。in- が付いて「遠回りの」になった。
injection,en+yē-,548,注射,原義は「中へ投げ込む」。体に液を送り込む意は15世紀から。
capitalism,kaput-,549,資本主義,制度を指す用法は1872年から。もとは社会主義者が投げつけた悪口。
ideology,weid-+leg-,549,イデオロギー,もとは1796年生まれの「観念の科学」。今の意味は1907年ごろから。
marine,mori-,553,海の・海に関する,同じ「海」でも古英語は sælic。ラテン語 mare がそれを追い出した。
remind,re-+men-1,554,思い出させる,ラテン語の re- と英語の mind をつないだ混血の語。1640年代生まれ。
copyright,kom+op-+reg-,556,著作権,copy の語根は「たくさん生み出す」。豊かさが写しの語になった。
museum,men-1,556,博物館,原義は「ミューズの神殿」。詩と学芸の女神に捧げた場所だった。
Eric,reg-,557,エリック,古ノルド語で「誉れある支配者」。名前の中に「王」がいる。
reign,reg-,561,統治,もとは「王国」そのもの。在位期間を指す用法は後から出た。
rejection,re-+yē-,561,拒絶,原義は「投げ返すこと」。臓器の拒絶反応の意は1954年から。
ruling,reg-,562,裁定,判事の下す裁定も、紙に引く罫線も、同じrulingという語。
automatic,autos+men-1,563,自動の,ギリシャ神話で、ひとりでに開くオリンポスの門を指した語。
eleven,oi-no-+leikʷ-,563,11,語源は「ひとつ残る」。十を取り去ってなお一つ余る、の意。
telephone,kʷel-2+bhā-2,567,電話,1828年に作られた、音階で言葉を送る仕組みの名が先だった。
dressing,reg-+dwis-,568,ドレッシング,もとは「整えること」。料理のソースを指すのは1500年ごろから。
provider,per1+weid-,568,供給者,もとは「先を見通す」人。備えるとは、先を見ることだった。
alert,al-1+eghs+reg-+ad-,571,用心深い,もとはイタリア語の「物見の塔へ」。見張りの掛け声だった。
regulate,reg-,575,規制する,語源は「まっすぐな木の棒」＝定規。定規に合わせるのが規制。
historic,weid-,577,歴史的な,historical の後ろを削って作られた語。使い分けは後からの整理。
lonely,oi-no-,579,孤独の,1600年ごろは「ひとりの」だけの意。寂しさを帯びたのは1811年から。
likewise,līk-+weid-,582,同様に,もとはin like wiseという句。wiseは「やり方」の意の名詞。
monster,men-1,582,怪物,原義は「警告」。神が凶事を告げる前触れが怪物だった。
render,re-+dō-,584,表現する,原義は「返す」。フランス語のer語尾が残った珍しい英語動詞。
reject,re-+yē-,586,拒絶する,原義は「投げ返す」。求愛をはねつける意は1580年代から。
historian,weid-,589,歴史家,古英語では wyrd-writere、「出来事を書きしるす人」と呼んだ。
historically,weid-,589,歴史的に,芯にあるのは「見る」。見て知っている人の語りが history になった。
vitamin,gwei-,590,ビタミン,命 vita とアミンの合成語。アミンでないと判明し末尾の e が落ちた。
fatal,bhā-2,591,致命的な,芯は「語られたこと」。神が告げた運命が、やがて「死をもたらす」に。
surrender,uper+re-+dō-,591,降伏する,もとは法律で財産を引き渡すこと。自分を差し出す意は1580年代。
biology,gwei-+leg-,593,生物学,ドイツとフランスでほぼ同時に、別々に思いつかれた造語。
Roy,reg-,594,ロイ,人名。語根は「王」。royal と同じ語根から来た名前。
correction,kom+reg-,598,訂正,中身は「まっすぐに直す」。昔は罰で正すことまで含んだ。
upright,upo+reg-,598,直立した,「正直な」の意味は14世紀末。upright man は盗賊の頭を指した。
rail,reg-,599,レール,もとは木の横木。金属のレールを指すのは1830年代から。
donor,dō-,600,提供者、寄付者、ドナー,臓器の提供者を指す用法は1918年、最初はモルモットの話。
Murray,mori-,600,マレー,スコットランドの地名 Moray から出た姓。ゲール語で「海に沿った土地」の意といわれる。
mentally,men-1,601,精神的に,中英語では「魂において」の意でも使われた。
trajectory,terə-2+yē-,603,軌道,ラテン語で「投げ渡す」。投げたものが描く線が「軌道」。
indirectly,ne+dwis-+reg-,604,間接的に,中身は「まっすぐ」の否定。まっすぐ行かないから間接的。
prophet,per1+bhā-2,604,預言者,ギリシャ語で「代わりに語る者」。神の言葉を伝える人だった。
incorrect,ne+kom+reg-,605,正しくない,15世紀は「罰されず改まらない」の意。「誤り」は1750年代。
traditionally,terə-2+dō-,605,伝統的に,tradition の中身は「向こうへ手渡す」。伝統は渡すもの。
Frederick,prī-+reg-,606,フレデリック,「平和」+「支配」で平和の統治者。afraid の後半と同じ語。
headquarters,kaput-+kʷetwer-,608,本部,単数の a headquarter は存在しない。原義は「司令官の住まい」。
commentary,kom+men-1+-yo-3,610,解説,もとは覚え書きや日記。実況放送を指すのは1927年から。
righteous,reg-+weid-,612,正義の,古くは rightwise。語尾が courteous につられて -eous に化けた。
abandon,ad-+bhā-2,613,捨てる,古フランス語の「思いのままに」から。支配権を手放す意。
projection,per1+yē-,614,投射,もとは錬金術の語。溶けた金属に粉を投げ入れて変成させること。
viable,gwei-,614,実行可能な,もとは「生きられる」。生まれたての赤ん坊が育つかを言う語だった。
demonstration,de-+men-1,615,実証,monster と同じ語から。monstrum はもと神が告げるしるしだった。
reminder,re-+men-1,615,思い出させるもの,17世紀には remindless(忘れっぽい)という語も使われていた。
irregular,ne+reg-+-lo-,617,不規則な,最初は「教会の規則に反する」こと。14世紀の宗教用語だった。
fame,bhā-2,619,名声,ラテン語では「うわさ」。悪評も fama で、良し悪しは問わなかった。
objection,epi+yē-,620,異議,中身は「前に投げる」。ラテン語では「前に置くこと」だった。
confess,kom+bhā-2,623,自白する,もとは迫害されても信仰を言い切ること。ラテン語の「認める」fateri から。
jet,yē-,625,ジェット機、噴出,原義は「投げる」。勢いよく飛び出す水の意から、ジェット機まで来た。
onion,oi-no-,628,タマネギ,ラテン語の「一つ」から。ニンニクと違い、層が重なって一つだから。
fairy,bhā-2,630,妖精,もとは妖精の「国」の名。住人を指すようになったのは後のこと。
rendering,re-+dō-,634,演出,脂を煮溶かすのも rendering。芸術の「表現」の意は1851年から。
revision,re-+weid-,636,校正,「もう一度見る」が原義。英国では「復習」の意でも使われる。
visualization,weid-,636,視覚化,1881年に「心に思い描くこと」の意で生まれた新しい語。
nonlinear,ne+lī̆no-+oi-no-,637,非線形の,line の語根は「亜麻の糸」。麻ひもが「線」になった。
precipitation,per1+kaput-,637,降水,原義は「頭から真っ逆さま」。雨が降る意はあとから加わった。
thyroid,dhwer-+weid-,637,甲状腺の,ギリシャ語で「扉形の盾」。ガレノスがのど仏をそう呼んだ。
automation,autos+men-1,640,自動化,1948年、フォード社の副社長が作った言葉。意外なほど新しい。
vivid,gwei-,641,鮮やかな、生き生きした,原義は「生きている」。色について使うのは1660年代から。
nonsense,ne+sent-+oi-no-,642,無意味な言葉,20世紀半ばから、ばかげた意でない場合はnon-senseと書き分ける。
biodiversity,gwei-+dwis-+wer-3,644,生物多様性,1988年ごろにできたばかりの、とても新しい言葉。
amusement,ad-+men-1,648,娯楽,もとは「注意をそらすこと」で軍事の陽動を指した。娯楽の意味は後から。
chiefly,kaput-,648,主に,語根は「頭」。頭に立つ chief が、副詞になって「主に」。
visibility,weid-,648,視界,「視界」の意味は1914年から。「注目度」を指すのは1958年以降。
maritime,mori-,649,海事の,中身は「海」と最上級の語尾。「海に密着した」が原義。
kappa,kaput-,650,合羽、雨合羽,合羽（かっぱ）は、ポルトガル語で「覆い」を意味する capa が南蛮貿易を経て日本に上陸した語。cap / cape と同じ「覆うもの」の感覚をもつ。
mentor,men-1,650,指導者,「オデュッセイア」の助言者の名。その正体は女神アテナだった。
editorial,eghs+dō-,652,編集者の,「社説」を指す名詞は1830年のアメリカ英語から。形容詞が先。
prophecy,per1+bhā-2,654,予言,ギリシャ語では神の意志を読み解く力のこと。
ban,bhā-2,656,禁止,古英語では「呼び集める、布告する」。禁止の意味は14世紀末から。
wit,weid-,656,ウィット,もとは「頭の働き」。おかしみを指すのは1540年代から。
advise,ad-+weid-,657,忠告する,もとは「私にはこう見える」という言い回し。d は後から入った字。
null,ne+oi-no-,657,無効の,中身は「一つもない」。ne「ない」と unus「一」からできた語。
surge,upo+reg-,657,押し寄せる,最初は「泉、湧き出る水」。大波の意味は1520年代から。
catheter,kat-+yē-,660,カテーテル,字義は「下ろされたもの」。体内へ落とし込む管、という名。
Dorothy,dō-+dhēs-,660,ドロシー,「神の贈り物」の意。要素を入れ替えると Theodora になる。
biopsy,gwei-,663,生検,字義は「生きたまま見る」。1895年、フランスの皮膚科医の造語。
regiment,reg-,664,連隊,もとは「統治・支配」の意。軍の単位になったのは1570年代から。
real,reg-,667,スペインの旧銀貨,「本物の」real とは別語。スペイン語で「王の」。royal の仲間。
pardon,per1+dō-,670,許し、許す,「心をこめて贈る」が原義。ラテン語の「完全に」+「贈る」から。
rack,reg-,670,棚,「ちぎれ雲」の rack とは別語。原義は「引き伸ばしたもの」。皮を張って干す枠から。
envy,en+weid-,672,ねたみ,原義は「悪意をもって見る」。ねたみは邪視のまなざしだった。
hygiene,aiw-+gwei-,672,衛生,直訳は「よく生きている」。健康の女神ヒュギエイアの名でもある。
infantry,ne+bhā-2,672,歩兵,もとは「若造」の集まり。infant と同源で、原義は「話せない者」。
dot,dō-,673,持参金,語根は「与える」。点を指す dot とは別語で、こちらは持参金。
rectangular,reg-+ank-,674,長方形の,rect- は「まっすぐ」、-angular は「角」。まっすぐな角。
uneasy,ne+ad-+yē-,677,不安な,昔は暴君や着心地の悪い服にも使った。心が乱れる意は1400年頃。
viewpoint,weid-+peuk-,677,観点,1856年に現れた新しい語で、当時は俗な言い方とされた。
monument,men-1,678,記念碑,原義は「思い出させるもの」。13世紀には「墓」を指した。
per capita,per1+kaput-,678,1人当たり,ラテン語で「頭ごとに」。人数を頭の数で数えた言い方。
biography,gwei-+gerbh-,679,伝記,動詞形は biographize など何度も試されたが、どれも定着しなかった。
escort,eghs+kom+reg-,679,護衛,escort と correct は同じ語。「まっすぐに正す」が中身。
ounce,oi-no-,679,オンス,ラテン語 uncia「12分の1」から。同じ語が inch にもなった。
revival,re-+gwei-,681,復活,1660年代には、久しく上演されない芝居の再演を指した。
universally,oi-no-+wer-3,681,普遍的に,語根は「一つ」+「回す」。すべてを一つに向けたのが universe。
animated,anə-,684,生き生きした,原義は「息を吹き込まれた」。動く絵を指すのは1890年から。
disguise,dwis-+weid-,687,変装させる,「装い」を変えるが原義。1560年代には「酔って人が変わる」意もあった。
riches,reg-,689,富,もとは単数形の richesse。複数と勘違いされて s の形が残った。
erect,eghs+reg-,690,直立した,原義は「上へまっすぐ立てる」。ラテン語では「傲慢な」の意もあった。
Montreal,men-2+reg-,691,モントリオール,カナダの都市名。フランス語で「王の山」。1534年にカルティエが命名した。
Zoe,gwei-,691,ゾーイ,人名。ギリシャ語で「いのち」そのもの。
Friedrich,prī-+reg-,692,フリードリヒ,ドイツ語系の男の名で、原義は「平和をおさめる支配者」。
lone,oi-no-,692,ひとりの,alone を縮めた語。もとは「まったく一つ」の意味だった。
prophetic,per1+bhā-2,692,予言的な,預言者は「前もって語る人」。語根はずばり「話す」。
visually,weid-,693,視覚的に,ラテン語 videre(見る)から。vision や wise(賢い)と同じ「見る・知る」語に連なる。
whiskey,wed-1+gwei-,697,ウイスキー,原義は「命の水」。ゲール語 uisge beatha を縮めた形。
dosage,dō-,699,調剤,語根は「与える」。薬の一回分は「与えられた量」の意。
biomedical,gwei-+med-,702,生物医学の,中身は「生きる」と「適切にはからう」。治すとは、程よく整えること。
nonprofit,ne+per1+dhē-+oi-no-,702,非営利の,non-(打ち消し)+ profit(利益)から。profit はラテン語 pro-(前へ)+ facere(なす)で、fact と同じ語である。
mindful,men-1,703,気を配る、心に留めている,mind(心)+ -ful から。mind はラテン語 mens(心)と同源で、mental や monitor と同じ「考える」語である。
reckon,kom+reg-,705,計算する,古英語では「きちんと並べる」。並べて数えるから「計算」へ。
unite,oi-no-,705,結合する,語根は「一」。eleven は「十を取って一余る」から出た語。
ideally,weid-,706,理想的に,もとは「頭の中で」の意。「理想的に」は1840年からの意味。
Theodore,dhēs-+dō-,706,シオドア,「神からの贈り物」の意。theos「神」+ dōron「贈り物」。
visualize,weid-,708,思い浮かべる,1817年、詩人コールリッジが作ったらしい語。「心に見えるようにする」意。
vitality,gwei-,708,元気,もとは「命があること」。生き生きした活気の意は1858年から。
unilateral,oi-no-,709,一方的な,「片側だけ」が原義。法律で「一方だけが結ぶ」意に使ったのはベンサムらしい。
anaerobic,gwei-+ne,710,無酸素の,1863年、パスツールの造語。「空気なしで生きる」が語の中身。
chef,kaput-,710,料理長、シェフ,厨房の「頭」。chief と綴りが分かれただけの同じ語。
abandonment,ad-+bhā-2,712,放棄,語根は「宣言」。おおやけに宣言して手放すのが「放棄」。
infancy,ne+bhā-2,712,幼年時代,原義は「まだ話せない」。法律では昔、21歳未満までを指した。
anytime,oi-no-+dā-,714,いつでも,1語に固まったのは1854年ごろ。それまでは離して書いていた。
vendor,wes-1+dō-,714,供給業者,ラテン語の「売る」は「売り物として与える」が縮まった形。
amusing,ad-+men-1,715,面白い,1590年代には「だますような」の意。「面白い」は18世紀から。
musician,men-1,715,音楽家,もとは「音楽に通じた人」。演奏を職業とする人の意は15世紀から。
reckless,reg-+leu-,715,無謀な,reck は「気にかける」意の古い動詞。今はこの語にだけ残る。
arrogant,ad-+reg-,716,傲慢な,語根は「手を差し出す」。自分のものだと求める姿が傲慢。
prudent,per1+weid-,717,慎重な,provident が縮まった形。原義は「先を見ている」。
animation,anə-+-ti-,718,アニメーション,もとは「命を吹き込むこと」。動画の意味になったのは1912年。
mischief,mei-1+kaput-,719,いたずら,もとは「災難、悪事」。いたずら程度に軽くなったのは1784年ごろ。
betray,ambhi+terə-2+dō-,720,裏切る,中身は「引き渡す」。敵に手渡すことが裏切りだった。
pandora,dō-,720,パンドラ,Pandora は pan(すべて)+dōron(贈り物)。美しい贈り物の箱は、開けたい気持ちと危うさを同時に連れてくる。
bee,bhei-+bhā-2,722,ミツバチ、共同作業の集まり,キルトや皮むきの共同作業も bee。1769年のアメリカから。
donation,dō-,722,寄付、寄贈,「与える」の語根から生まれた語で、日付の date とも同源。
aerobic,gwei-+wer-2,724,有酸素の,1863年にパスツールが細菌のために作った語。運動の意味は1968年から。
edit,eghs+dō-,724,編集する,editor から逆に作られた語。「原稿を直す」意味は1885年から。
reminiscent,re-+men-1,725,追憶にひたる,「思い出す」から、1880年ごろ「何かを思わせる」へ広がった。
diagonal,dwo-+genu-1,726,対角線・斜めの,「角」を表すギリシャ語 gōnia は、もともと「膝」のこと。
regulator,reg-,726,調整者,1767年の米国では、地方の自警団も regulator と呼ばれた。
monstrous,men-1,727,巨大な,元は神が示す「前触れ」。警告する monere から生まれた語。
adjective,ad-+yē-,728,形容詞,原義は「名詞に投げ添えられたもの」。ひとりでは立てない語。
Reich,reg-,729,ドイツ帝国,「まっすぐ導く」語根から。英語では1871〜1945年のドイツを指した。
directory,dwis-+reg-,731,案内,もとは教会の手引き書。電話帳を指すのは1908年から。
guideline,weid-+lī̆no-,731,指針,1846年には気球を操る綱の意。比喩で使うのは1948年から。
preface,per1+bhā-2,731,序文,ラテン語で「前もって語ること」。もとはミサの祈りの名だった。
royalty,reg-,732,王族,王の特権から転じて、本の印税もroyaltyと呼ぶようになった。
microphone,smīk-+bhā-2,733,マイク,1680年代は補聴用のらっぱの名だった。今の意味は1924年から。
infamous,ne+bhā-2,735,悪名高い,かつては「無名の」意の別語もあり、16世紀に悪評の意へ合流。
objectivity,epi+yē-,735,客観性,カント哲学を英語で紹介するために生まれた1794年の新語。
submarine,mori-+upo,735,潜水艦,1703年には「海の下に住む生き物」を指す語だった。
additionally,dō-+ad-,737,その上,add は「…へ(ad-)与える(dare)」が中身。
regimen,reg-,738,養生法,語根は「まっすぐ導く」。養生法の意が先で、統治の意は後。
uniformity,oi-no-+merph-,738,統一性,「同じ形」の意。単調でうんざりする含みは1700年ごろから。
Angus,oi-no-+geus-,740,アンガス,古アイルランド語で「唯一の力」。牛の名になったのは1842年。
survivor,uper+gwei-,740,生存者,原義は「他より長く生きる人」。逆境に強い人の意は1971年から。
Capitol,kaput-,741,議事堂,古代ローマの神殿の名。共和政のローマを重ねて建物に付けた。
unison,oi-no-+swen-,742,調和,もとは音楽の「同じ高さの音」。心が合う意は1640年代から。
jurisprudence,yewes-+per1+weid-,743,法学,後ろ半分は prudence。原義は「法を見通す知」。
provisional,per1+weid-,743,暫定的な,原義は「今の必要をまかなう」。だから間に合わせの意味に。
arrogance,ad-+reg-,748,傲慢,原義は「自分のものだと要求する」。手を差し出す動作が元。
muster,men-1,749,招集する,語源は「見せる」で、monster と同じ語から出た。
rectangle,reg-+ank-,749,長方形,昔の英語では「long square(長い正方形)」と呼んだ。
summon,upo+men-1,749,呼び出す,ラテン語の原義は「そっと注意する」。今の強い意味とは大違い。
monumental,men-1,750,記念碑の,「記念碑の」から、1650年代に「記念碑のように巨大な」へ。
treason,terə-2+dō-,751,反逆,tradition と双子の語。ラテン語で「引き渡すこと」が原義。
mosaic,men-1,752,モザイク,「ミューズの技」が語源。中世のモザイクは女神に捧げられた。
cabbage,kaput-,754,キャベツ,葉が巻いてできた「小さな頭」。野菜の名前に頭が残っている。
traitor,terə-2+dō-,754,裏切り者,ラテン語で「引き渡す人」。伝統 tradition と同じ「手渡す」語。
whisky,wed-1+gwei-,754,ウイスキー,ゲール語で「命の水」。usquebaugh が縮んでこの形になった。
fabulous,bhā-2,756,すばらしい,もとは「神話めいた」の意。1950年代に「すごい」の意味に軽くなった。
headline,kaput-+lī̆no-,759,大見出し,もとは印刷用語で、ページ上端の題と番号の行のこと。新聞の見出しは1890年から。
enrich,en+reg-,760,質を高める,原義は「金持ちにする」。1945年から、同位体を「濃縮する」意味でも使う。
dice,dō-,761,さいころ,die の複数形。s が濁らないのは pence と同じで、まとまりの語だから。
une,oi-no-,761,結合する,1400年ごろの語。ラテン語 unire「一つにする」がそのまま。
visa,weid-,762,ビザ,「見られた紙」が語の中身。役人が目を通した証だった。
autobiography,autos+gwei-+gerbh-,763,自伝,ギリシャ語 autos(自ら)+ bios(生命)+ graphein(書く)から。auto- と bio- と -graph からなる。
revise,re-+weid-,763,改訂する,もとは「もう一度見る」だけ。直す意味は1590年代から。
reunion,re-+oi-no-,764,再結合,もとは単に再び集まること。昔の仲間の集いの意は1820年から。
surrogate,upo+reg-,764,代理の,もとは司教や裁判官の代理を指した。代理母の意はずっと後。
wizard,weid-,764,魔法使い,もとは「賢い人」。魔術師の意になったのは1550年ごろ。
idol,weid-,765,偶像,ギリシャ語では「幻」「亡霊」の意でもあった。
mantra,men-1,766,マントラ,サンスクリット語で「思考の道具」。瞑想の言葉を指すのは1919年から。
precipitate,per1+kaput-,766,早める,もとは「頭から真っ逆さまに落とす」。急に事を起こす意は1620年代から。
conjecture,kom+yē-,768,推量する,原義は事実を「一緒に投げ集める」こと。並べてみて当てを付ける。
orthogonal,erədh-+genu-1,768,直交する,後半の gōnia「角」は語根の「膝」から。膝の曲がりが角の名になった。
revive,re-+gwei-,771,回復させる,芝居の「再演」の意は1823年から。中身は「もう一度生きる」。
redress,re-+reg-,772,矯正,中身は「再びまっすぐにする」。服の dress と同じ語を含む。
unification,oi-no-+dhē-,775,統合,1849年に動詞 unify から作られた、意外に新しい語。
outdated,ud-+dō-,776,時代遅れの,out-of-date(1610年代)より先に、1590年代から使われていた。
idealism,weid-,778,理想主義,1796年には「現実は観念だけでできている」という哲学の説だった。
Aubrey,albho-+reg-,779,オーブリー,人名。中身は「エルフの支配者」。米国では1973年ごろから女子名に。
guise,weid-,779,仮装,もとは「服装の流行」。見せかけの意味は1660年代から。
danna,dō-,780,旦那、檀那,日本語の旦那は、サンスクリット語 dāna「施し・布施」に由来する檀那から。もとは寺や僧を支える人を指した。
Hades,weid-,780,ハーデース,ギリシャ神話の冥界の神。名の意味は不明だが、一説に「見えないもの」。否定の a- と「見る」から。
prudence,per1+weid-,780,用心深さ,providence「先見」が縮んでできた語。用心とは先を見ることだった。
header,kaput-,784,ヘディング,15世紀には「首切り役人」の意味だった。サッカーのヘディングは1906年から。
visionary,weid-,784,洞察力のある,かつては「非現実的な」という悪口。今は先見の明をほめる語。
paranoid,per1+weid-,786,偏執狂の,1901年に paranoia から不規則な形で作られた新しい語。
steroid,ster-1+weid-,786,ステロイド,中身は「sterol に似たもの」。1936年に作られた新しい語。
anyhow,oi-no-+kʷo-,788,どうせ,中身は any + how。1900年には any old how という強調形も。
unanimous,oi-no-+anə-,792,満場一致の,直訳は「心が一つ」。その「心」は元をたどれば「息」を表す語。
providence,per1+weid-,793,摂理,中身は「先を見ること」。神の摂理を指すのは1600年ごろから。
zoo,gwei-,794,動物園,Zoological Gardens の頭3文字。当初は下品な略語と嫌われた。
reviewer,re-+weid-,795,評者,1610年代には「校訂する人」。書評家の意味は1650年代から。
donate,dō-,801,寄付する,名詞 donation から逆に作られた語。1819年のアメリカ生まれ。
biotechnology,gwei-+teks-+leg-,802,バイオテクノロジー,1947年の初出では、人間に合わせた機械の使い方を指した。
prehistoric,per1+weid-,802,先史時代の,1851年生まれの新しい語。フランス語をまねて作ったらしい。
idolatry,weid-+lē-1,803,偶像崇拝,分解すると「像を拝むこと」。像は本来ただの「見えるかたち」。
marsh,mori-,803,湿地,もとの綴りは mersh。語の芯にあるのは「海」を表す語根。
insurrection,en+upo+reg-,806,反乱,原義は「立ち上がること」。反乱とは文字どおり体を起こすことだった。
outsourcing,ud-+reg-,809,外部調達,out(外へ)+ source(源)+ -ing から。source はラテン語 surgere(湧き上がる)で、surge と同じ語である。
supervise,uper+weid-,809,監督する,「上から見る」がそのまま語に。監督の意味は1640年代から。
prerogative,per1+reg-,810,特権,ローマで最初に投票する権利を得た組のこと。順番はくじ引き。
cape,kaput-,812,岬,昔の船乗りは、岬に見まちがえる低い雲を「逃げる岬」と呼んだ。
biceps,dwo-+kaput-,814,二頭筋,原義は「二つの頭」。-s があっても単数で、bicep という語は無い。
kneel,genu-1,814,ひざまずく,過去形 knelt は19世紀の新顔。feel/felt にならって作られた。
quiver,gwei-,814,震える,震える quiver と矢筒の quiver は別語。綴りが同じだけの他人。
unruly,ne+reg-,814,手に負えない,un が付く前の ruly「素直な」は消え、否定形だけが生き残った。
antidote,ant-+dō-,817,解毒剤、対抗策,原義は「向かい合わせに与えるもの」。毒に差し向ける薬という発想。
inanimate,ne+anə-,820,生命のない,17世紀には「命を吹き込む」という逆の意味の動詞もあった。
anorexia,ne+reg-,821,食欲不振,語根は「手をまっすぐ伸ばす」。伸ばす欲が無いのが原義。
biotic,gwei-,821,生命の,ギリシャ語 bios(生命)から。biology や antibiotic と同じ「生きる」語である。
inject,en+yē-,821,注入する,分解すると「中へ投げ入れる」。1600年ごろ、医学の言葉として英語に入った。
animate,anə-,822,命を吹き込む,原義は「息を吹き込む」。動く絵を作る意味は1888年から。
improvised,ne+per1+weid-,827,即興の,分解すると「前もって見ていない」こと。だから即興になる。
rectum,reg-,828,直腸,「まっすぐな腸」が原義。動物しか解剖しなかったガレノスの命名。
merlin,mori-,829,魔法使いマーリン,ケルトの地名「海の丘」がマーリンの名のもと。アーサー王を導いた伝説の魔法使い。
rendezvous,re-+dō-+wō̆s,831,待ち合わせ場所,フランス語の「集まれ」という命令文が、そのまま名詞になった。
interrogate,en+reg-,832,尋問する,「尋ねる」を表すラテン語 rogare は、もと「手を差し伸べる」。
envious,en+weid-,833,うらやましそうな,ラテン語 invidia(ねたみ)から。その語根は「見る」。
phonetic,bhā-2,833,音声の,ギリシャ語のもとの形は「口に出せる」。1803年生まれの新語。
occipital,kaput-+epi,834,後頭部の,ラテン語 ob(後ろ)+ caput(頭)。そのまま「後頭部の」。
animosity,anə-,835,敵意,15世紀は「勇気」の意味だった。1600年ごろ「敵意」に変わった。
boon,bhā-2,836,恩恵,もとは「お願い」。頼む側の言葉が、もらう側の「恵み」に変わった。
improvisation,weid-+ne+per1,837,即興,原義は「前もって見ていない」。即興演奏の名として1786年に登場。
rectify,reg-+dhē-,837,修正する,ラテン語で「まっすぐにする」。もとは病や行いを治すことを指した。
rosemary,ers-2+mori-,838,ローズマリー,ラテン語で「海のしずく」。バラともマリアとも無縁で、後から形が寄った。
abject,apo-+yē-,839,みじめな,原義は「投げ捨てられた」。中英語では「追放された者」も指した。
Dorian,dō-,839,ドーリア(人)の,ギリシャの小地方ドリスの名から。地名は「贈り物」と関係するという。
fateful,bhā-2,839,運命を決める,1710年代は「予言する力を持つ」意味。重大事の意になるのは1800年ごろ。
projectile,per1+yē-,839,発射体,中身は「前へ投げる」。大砲の弾を指す語として1660年代に登場。
Weimar,mori-,840,ヴァイマル,地名は古高ドイツ語で「聖なる」+「湖」。1919年の憲法でこの名が残った。
amuse,ad-+men-1,841,楽しませる,原義は「ぼんやり考えこませる」。18世紀まで主な意味は「だます」。
mania,men-1,841,熱狂,ギリシャ語で「狂気」。予言者を指す mantis と同源とされる。
preview,per1+weid-,841,試写,もとは単に「先に見ておく」。映画の試写を指すのは1928年から。
profess,per1+bhā-2,842,公言する,もとは修道会で誓いを立てること。「公言する」は16世紀から。
Dietrich,teutā-+reg-,845,ディートリッヒ,人名。原義は「民を治める者」。Derrick はこの名の変わり形。
dowry,dō-,845,持参金,ラテン語の「与える」から。生まれつきの才能を指すこともある。
symphony,ksun+bhā-2,848,交響曲,1300年ごろは楽器の名前だった。手回しオルガンから太鼓まで。
blasphemy,mel-5+bhā-2,849,冒涜,ギリシャ語の「悪く言う」から。後半は「話す」だが前半は今も不明。
rake,reg-,850,くま手,語根は「まっすぐ」。まっすぐな木の歯を並べた道具の意とされる。
Minerva,men-1,851,ミネルウァ,名前の芯は「考える」。知恵の女神にふさわしい名前。
fable,bhā-2,853,寓話,字義は「語られたもの」。動物の話に絞られたのはイソップ人気から。
headlong,kaput-,855,まっ逆さまに,元は headling。sidelong などに引かれて -long に変わった。
idealistic,weid-,855,理想主義の,idea の語根は「見る」。心に見えたものを信じる態度のこと。
marina,mori-,856,マリーナ,もとは海沿いの遊歩道。ヨットの停泊地の意味は1935年のアメリカから。
Pandora,pant-+dō-,856,パンドラ,神話の名。名前の意味は「すべての贈り物」。箱に最後まで残ったのは希望だった。
objectionable,epi+yē-,857,不愉快な,「反対に投げつける」が objection の原義。異議を投げられそうな、の意。
amnesia,ne+men-1+-ā-,859,記憶喪失,ギリシャ語では amnestia が普通で、そちらは「罪を忘れる」＝恩赦の意。
purview,per1+weid-,861,権限,法令の冒頭句「かく定める」が名詞になった語。綴りは view に引かれた。
anthem,ant-+bhā-2,862,讃美歌,もとは「交互に歌う応答」。-th- は語源上あるはずのない綴り。
automate,autos+men-1,862,自動化する,automated が先にあり、あとから削って作られた1954年の語。
regal,reg-,862,王者の、堂々たる,語根は「まっすぐ引く」。まっすぐ導く者が王だった。
rector,reg-,863,牧師,元は「支配者」。神やローマ総督を指す語が18世紀に聖職者へ。
manic,men-1,864,躁状態の,躁うつ病の旧称は「円環の狂気」。manic は1902年の新語。
rendition,re-+dō-,865,演奏,元は「城や物を明け渡すこと」。演奏の意は1855年の米語。
Roderick,kar-2+reg-,868,ロデリック,「名声において統べる」の意。スペイン語のロドリゴも同じ名。
unicorn,oi-no-+ker-1,868,一角獣,プリニウスいわく、馬の体に鹿の頭、象の足、獅子の尾を持つ。
banish,bhā-2,869,追放する,ban と同じ語。布告で「出て行け」と宣する行為が原義。
aphasia,ne+bhā-2,870,失語症,語根は「語る」で fame と同源。医学語になったのは1867年。
infantile,ne+bhā-2,870,幼児の,元をたどると「まだ話せない」。言葉を持たぬ時期の意。
unify,oi-no-+dhē-,870,統一する,直訳は「一つに作る」。語尾 -fy は fact と同じ「作る」。
precipice,per1+kaput-,871,絶壁,ラテン語で「頭から落ちる」。まっさかさまの落下が崖そのものになった。
asteroid,ster-2+weid-,873,小惑星,「星のような姿」という意味で、1802年に天文学者が作った新語。
prophesy,per1+bhā-2,873,予言する,名詞の prophecy と綴りが分かれたのは18世紀のことだった。
idyllic,weid-,876,牧歌的な,語根は「見る」。目に映る姿を表す語から出て、idol と同源。
malaise,mel-5+ad-+yē-,876,不快感,文字どおり「悪い ease」。フランス語から来た、はっきりしない不調。
biologic,gwei-+leg-,877,生物学の,bio「生きる」＋logy「語ること」。logy の語根はもと「集める」。
nonfiction,ne+dheigh-+oi-no-,877,ノンフィクション,fiction の語根は「こねて形づくる」。こねていないほうがこの語。
projector,per1+yē-,877,プロジェクター,1590年代は「企画する人」の意味だった。映写機を指すのは1884年から。
derogatory,de-+reg-,878,軽蔑的な,語源は「手を差し出して問う」。そこから値打ちを削り取る意味へ。
resourceful,re-+upo+reg-,878,資源に富んだ,resource は「再び湧き上がるもの」。1807年には「抜け目ない」の意。
Muriel,mori-+gel-1,879,ミュリエル,古アイルランド語で「輝く海」の意。muir(海)+geal(明るい)。
gist,yē-,881,主旨,法廷の言い回し「この訴えはここにある」の「ある」が名詞になった。
symbiosis,ksun+g^wei-+gwei-,881,共生,ギリシャ語で「一緒に暮らすこと」。1876年に生物学の用語になった。
polygon,pelə-1+genu-1,882,多角形,中身は「多くの角」。角を表す語根はもと「ひざ」。
no,ne+oi-no-,884,一つも〜ない,「いいえ」の no とは別語。none が縮んだ形。ne＋one で「一つも無い」が中身。
vide,weid-,884,参照せよ,ラテン語「見よ」の命令形。q.v. の v はこの語の頭文字。
extradition,eghs+terə-2+dō-,885,引き渡し,1811年、フランスの法令の翻訳で英語に入った。ヴォルテールの造語という。
Muse,men-1,889,ミューズ,ギリシャ神話の芸術の女神。「思いにふける」の muse は別語。犬が鼻を上げる姿からという説も。
defamation,dwis-+bhā-2,890,名誉毀損,中身は「噂をまき散らす」。dis- が破滅の含みを添えている。
redhead,reudh-+kaput-,890,髪の毛が赤い人,昔はカインもユダも赤ひげだったと言われていた。
capricious,kaput-+ghers-,892,気紛れな,中身は「頭」+「毛が逆立つ」。イタリア語 capriccio から。
biochemistry,gwei-+gheu-,893,生化学,ギリシャ語 bios(生命)+ chemistry から。bio- は quick(もとは「生きた」)と同じ語に連なる。
amnesty,ne+men-1,894,恩赦,ギリシャ語で「忘れること」。罪を思い出さないと決めるのが恩赦だった。
mermaid,mori-+maghu-,894,人魚,原義はそのまま「海の乙女」。mere は今は使われない「海」の古語。
rectus,reg-,894,直筋,ラテン語で「まっすぐな」。rectangle と同じ語で、まっすぐ走る筋肉。
vitally,gwei-,897,極めて重大に,語根は「生きる」。意外にも quick が同じ一族。
automaton,autos+men-1,898,自動機械,原義は「自分で考えて動くもの」。後半は「考える」語根。
regent,reg-,898,摂政,王の代理を指す語。王位の正統性を含ませないために使われた。
microbe,smīk-+gwei-,899,微生物,造りが雑で、ギリシャ語として読むと「短命な者」になる。
Veda,weid-,899,ベーダ,サンスクリット語で「知識」。英語の wise と同じ語根。
bandit,bhā-2,900,無法者,「公に追放を宣告された者」が原義。banish と同源。
contraband,kom+bhā-2,900,禁制の,「お触れに反する」が原義。禁止の ban と同じ語。
Ayurveda,aiw-+weid-,901,アーユルヴェーダ,インドの伝統医学。名は「いのちの知識」で、後半は聖典 Veda と同じ語。
visage,weid-,905,顔,原義は「見え方」。かつては「作り顔」という意味もあった。
insurgent,en+upo+reg-+uper,906,暴動の,ラテン語で「立ち上がる」。反乱とは、文字どおり起き上がること。
banal,bhā-2,907,平凡な,もとは領主の共同かまどを指す語。みんなが使う、から陳腐へ転じた。
cacophony,kakka-+bhā-2,908,不協和音,「悪い音」の意。その「悪い」の語根は、なんと「排便する」だった。
datum,dō-,911,データ,原義は「与えられたもの」。data はその複数形にあたる。
proviso,per1+weid-,911,条件,法律文書の冒頭にあったラテン語「…を条件として」がそのまま名詞に。
Alaric,reg-,914,アラリック,人名。「すべてを統べる者」が名の意味。西ゴート族の男性名。
chattel,kaput-,915,動産,cattle と同じラテン語 capitale「財産」から出た双子。
vista,weid-,915,展望,イタリア語の「眺め」。並木道の奥に開ける長い景色を指した。
corporal,kaput-,917,伍長,「肉体の」corporal とは別語。イタリア語 capo「頭」で隊の長。
microbiology,smīk-+gwei-+leg-,917,微生物学,1880年生まれの若い語。-logy の語根はもとは「集める」。
mnemonic,men-1,918,記憶の,ギリシャ語 mneme「記憶」から。名詞 mnemonics から逆にできた語。
unanimity,oi-no-+anə-,918,一致,ラテン語 unanimus は「心がひとつ」。一つ+息(animus)の形。
ineffable,ne+eghs+bhā-2,920,言葉で言い表せない,複数形 ineffables は昔「ズボン」の冗談めいた婉曲語だった。
noncompliance,ne+kom+pelə-1+oi-no-,920,不従順,語根は「満たす」。求めを満たさないことが「不従順」。
chieftain,kaput-,921,首領,語源は「頭の人」。captain と同じラテン語 capitaneus の別の姿。
zodiac,gwei-,923,黄道帯,ギリシャ語で「小さな動物の輪」。天秤座だけは動物ではない。
equanimity,anə-,924,沈着,ラテン語で「心が平ら」。もとは公平さの意で、平静を指すのは1610年代。
jetty,yē-,925,突堤,フランス語の「投げる」から。周りより先へ投げ出された構造物、の意。
maniac,men-1,928,狂人,先に「狂気の」という形容詞があり、人を指す名詞は18世紀に生まれた。
precipitous,per1+kaput-,928,急な,語源は「頭から落ちる」。崖の意味は19世紀から、それまでは「大慌て」だった。
atone,ad-+oi-no-,929,償う,at と one がくっついた語。one の古い発音がこの語にだけ残っている。
ejaculation,eghs+yē-,929,射精,中身は「投げ槍を放つ」。1620年代からは突然の叫びの意でも使われた。
improvise,ne+per1+weid-,929,即興で作る,中身は「予見されない」。備えを打ち消した形が、そのまま即興を表す。
nondescript,ne+de-+skrībh-+oi-no-,929,特徴がない,元は学術用語で「まだ記載されていない」の意。転じて平凡を指すようになった。
vita,gwei-,929,略歴,ラテン語で「命」。履歴書を指すようになったのは1949年ごろから。
nonchalant,ne+kelə-1+oi-no-,930,無関心な,中身は「熱くならない」。calorie と同じ「熱」が隠れている。
visor,weid-,931,面頬,語源はラテン語の「顔」。顔を隠す板が、やがて帽子のひさしに。
Mentor,men-1,932,メンター,「オデュッセイア」の助言者の名。その正体は女神アテナだった。
anime,anə-,933,アニメ,英語のanimationが日本で縮まり、1980年代に英語へ逆輸入。
apiece,oi-no-+kʷezd-,935,各個に,もとは硬貨や商品の値を言う「a piece」。それが縮まって一語に。
Enid,anə-,935,イーニッド,人名。中世ウェールズ語で「魂」。もとは「息」の意だった。
amphibious,ambhi+gwei-,936,水陸両生の,ギリシャ語で「二重の生をもつ」。水陸両用車にも1915年から。
cadet,kaput-,939,士官学校生,中世ラテン語で「小さな頭」。長男が家の頭、次男は小さな頭。
anon,an-+oi-no-,940,すぐに,「一つに」が原義で、本来は「即座に」。使われるうちに「そのうち」へずれた。
tabloid,weid-,943,タブロイド,もとは薬の錠剤の商標名。「圧縮された」が転じて短い記事の新聞に。
quicken,gwei-,944,速める・活気づける,もとは「生き返らせる」。「速める」の意味は17世紀から。
forthright,per1+reg-,946,率直な,「まっすぐ前へ」がそのまま語に。古英語では「ただちに」の意も。
anima,anə-,947,アニマ・魂,ラテン語の「息」がそのまま「魂」。ユングが心の用語に採り入れた。
interrogative,en+reg-,948,疑問の,「問う」ラテン語rogareは、もと「手を差し出す」動作だった。
infamy,ne+bhā-2,951,悪評,fameに否定のin-が付いた形。原義は「悪い評判」。
phoneme,bhā-2,953,音素,ギリシャ語の「発せられた音」から。1889年、音の最小単位の名に。
blasphemous,mel-5+bhā-2,954,冒涜的な,中身は「悪く+言う」。神聖なものを悪く言う、が原義。
premonition,per1+men-1,954,予感,「前もって警告する」が原義。もとは人からの事前の警告だった。
demented,de-+men-1,956,痴呆になった,今は消えた動詞 dement(狂わせる)の名残。中身は「心を失う」。
endow,en+dō-,956,授ける,ラテン語の「持参金」から。財産を与える、が原義。
viceroy,weik-4+reg-,957,副王,中身は「代理の王」。monarch に似たチョウも1877年からこの名。
affable,ad-+bhā-2,958,愛想のよい,中身は「話しかけやすい」。古英語では wordwynsum と訳された。
capitulation,kaput-,959,降伏,中身は「小さな頭」で、条項のこと。条件を決めることが「降伏」に。
reminiscence,re-+men-1,960,回想,中身は「もう一度心に」。ギリシャ語 anamnesis の訳語として生まれた。
euphemism,(e)su-+bhā-2,965,婉曲語法,もとは祭儀で不吉な語を口にしない習わしを指した。
hexagon,genu-1+s(w)eks,965,六角形,「角」を表すギリシャ語 gōnia は、もと「膝」の意味。
caprice,kaput-+ghers-,966,気紛れ,原義は「身震い」。ハリネズミのように髪が逆立つ様子からとも。
magnanimous,meg-+anə-,966,度量の大きい,ラテン語で「大きな心」。器の大きさをそのまま言葉にした語。
triceps,trei-+kaput-,967,三頭筋,ラテン語で「三つの頭」。筋肉の起点が三つあることから付いた名。
animus,anə-,969,敵意,ラテン語では「心、魂」。英語では敵意という悪い方向にだけ残った。
condone,kom+dō-,969,容赦する,原義は「贈り物として与える」。1857年の離婚法で使われ広まった。
kaleidoscope,kal-2+weid-+spek-,969,万華鏡,直訳は「美しい形を見るもの」。1817年に発明者が名づけた語。
Isidore,dō-,970,イシドールス,人名。「イシスの贈り物」の意。セビリアの聖人は2001年、ネットの守護聖人に。
idiomatic,men-1+s(w)e-,971,慣用的な,ギリシャ語で「自分だけの考え」。その言語にしかない言い回し。
inkjet,kāu-+yē-,971,インクジェット式,ジェットは「投げる」の意。インクを投げつけて印刷する。
mens rea,men-1,972,犯意,ラテン語で文字通り「有罪の心」。罪に問うには心の状態を見る。
outsource,ud-+reg-,972,外部調達する,1981年ごろ生まれた新語。仕事が海外へ流れる話とともに広まった。
biota,gwei-,973,生物相,1901年に作られた新しい語。ある土地の生きもの全部をひとまとめに。
penguin,weid-,973,ペンギン,もとは北の海のオオウミガラスの名。南極の鳥に移ったのは1580年代。
object-oriented,epi+yē-+er-1,974,オブジェクト指向,object の芯は「投げる」。前に投げ置かれたものが「対象」になった。
Gwendolyn,weid-,975,グウェンドリン,人名。名の頭は「白い」。もとをたどれば「よく見える」という意味だった。
viper,gwei-+perə-1,976,毒ヘビ,卵を体内でかえすことから「生きたまま産む」と呼ばれたヘビ。
dative,dō-,977,与格,「与えることの」という名を持つ格。だから受け取り手を表す。
imprudent,ne+per1+weid-,979,軽率な,中身は「先が見えていない」。prudent は providens が縮んだ形。
Mesozoic,gwei-+medhyo-,979,中生代の,「中ほどの生命」の意で1840年の造語。それ以前は「二次代」と呼ばれた。
magnanimity,meg-+anə-,981,雅量,ラテン語で「大きな心」。ギリシャ語の言い方をそのまま訳した語とされる。
headstrong,kaput-+strenk-,983,わがままな,「頭が強い」がそのまま。逆さの strongheaded という語も昔あった。
nullify,ne+oi-no-+dhē-,983,無効にする,直訳は「無にする」。null は ne と one が合わさった「一つもない」。
triune,trei-+oi-no-,983,三者一体の,tri(三)+unus(一)をつないだだけの語。1630年代に作られた。
enema,en+yē-,985,浣腸,ギリシャ語で「中へ投げ入れること」。注入がそのまま名になった。
nonchalance,ne+kelə-1+oi-no-,986,無関心,語の中身は「熱くならない」。心が動かない様子をそのまま表す。
rectitude,reg-,986,正直,もとは「まっすぐさ」。人の心の正しさを指すのは1530年代から。
wot,weid-,986,知っている,「知る」を意味する古語 wit の活用形。God wot は「神のみぞ知る」。
unwitting,ne+weid-,991,無意識の,中身は「知らないでいる」。1600年ごろすたれ、1800年ごろ復活。
ovoid,awi-+weid-,992,卵形の,ラテン語の「卵」にギリシャ語の「…のような」を継いだ混成語。
perdition,per1+dō-,992,永遠の滅び,中身は「すっかり与え尽くす」。そこから「失う」、さらに地獄行きへ。
vivacious,gwei-,993,活気のある,もとは「生命力が強い、長生きな」。陽気の意は後から出た。
incorrigible,ne+kom+reg-,995,矯正できない,14世紀には「治らない病」や「度を越した出費」にも使った語。
Vedanta,weid-+ant-,996,ベーダーンタ学派,名は「ヴェーダの終わり」。聖典の締めくくり、奥義という意味。
convivial,kom+gwei-,997,宴会の,中身は「共に生きる」。ともに食卓を囲むことが宴会の原義。
eject,eghs+yē-,998,押し出す,原義は「外へ投げる」。ボタンで取り出すのも、退場させるのも同じ。
memento,men-1,998,記念物,ミサ文の一語「記憶せよ」がそのまま名詞に。形見の意は1768年から。
admonish,men-1+ad-,1001,忠告する,ラテン語で「思い出させる」。忘れているだけだと見て、そっと気づかせるのが本来だった。
fatalism,bhā-2,1002,運命論,ラテン語 fatum(定め。もとは「語られたこと」)から。fable や fame と同じ「話す」語である。
annul,ad-+ne+oi-no-,1003,無効にする,ラテン語で「無に帰す」。null(無効)と同じ語からできている。
dower,dō-,1003,寡婦産,ラテン語の「与える」から。夫の死後に妻へ渡される財産を指した。
zooplankton,gwei-,1004,動物プランクトン,ギリシャ語 zōion(動物)+ planktos(漂うもの)から。zoo と plankton と同じ語からなる。
recapitulate,re-+kaput-,1006,要約する,ラテン語で「もう一度、頭から」。章立ての「頭」を並べ直すことを指す。
scaphoid,(s)kep-+weid-,1006,舟状の,ギリシャ語で「舟の形の」。手首にある、あの小さな骨の名である。
amphibian,ambhi+gwei-,1007,両生類の,ギリシャ語で「両方の生を生きるもの」。水と陸の二つの暮らしを持つ生き物である。
victuals,gwei-,1008,飲食物,ラテン語の「生きるための糧」から。綴りは残ったが、発音は「ヴィトルズ」に縮んだ。
addendum,ad-+dō-,1009,補遺,ラテン語で「加えるべきもの」。本の末尾に足す補遺を指す。
mandarin,men-1,1011,官吏,サンスクリット語の「助言者」がポルトガル語を経て入った語。中国語とは関係がない。
biome,gwei-,1012,生物群系,ギリシャ語 bios(生命)+ -ome から。biology や quick(もとは「生きた」)と同じ「生きる」語である。
dowager,dō-,1012,未亡人,フランス語の「寡婦産を持つ人」。夫の遺産を受け継いだ未亡人を指す。
Maratha,reg-,1012,マラーター,インド西部の民族と地域の名。サンスクリット語の「大きな国」から。
animalistic,anə-,1013,動物的な,ラテン語 animal(生き物)から。anima(息・魂)は animate や animosity と同じ「息」の語である。
diazepam,dwo-+ne+gwei-+septm̥,1014,ジアゼパム,「二つの窒素を持つ環」から作られた化学名。dwo(二)の語が頭に入っている。
kerchief,kom+epi+wer-5+kaput-,1016,カチーフ,服飾の言葉。古フランス語 covrechief(頭を覆うもの)から。cover と chief(頭)からなり、handkerchief の後半である。
noncommittal,ne+kom+mittere+oi-no-,1018,言質を与えない,「身を預けない」。commit は「委ねる」で、それをしないという組み立てである。
quicksand,gwei-,1018,流砂,quick(生きた・動く)+ sand(砂)から。quick はもとは「生きている」の意で、動く砂という名である。
rex,reg-,1018,レックス,ラテン語で「王」。巻き毛の突然変異を持つウサギの品種名として20世紀に使われはじめた。
mariner,mori-,1019,船乗り,ラテン語 mare(海)から。marine や mermaid と同じ「海」の語である。
recapitulation,kaput-+re-,1019,要約,ラテン語 re-(再び)+ caput(頭)から。要点をもう一度並べることで、capital や chief と同じ「頭」の語である。
mindlessly,men-1+leu-,1020,何も考えずに、漫然と,mind(心)+ -less + -ly から。mind は mental や mania と同じ「考える」語である。
regency,reg-,1021,摂政,ラテン語の「治める」から。regal(王の)と同じ語で、王に代わって治める役を指す。
Protozoa,per1+gwei-,1022,原生動物,ギリシャ語で「最初の動物」。単細胞の生き物を、動物の始まりと見た分類名である。
clairvoyant,kelə-2+weid-,1024,千里眼の,フランス語で「はっきり見える」。clear と see を合わせた組み立てである。
zoology,gwei-+leg-,1025,動物学,ギリシャ語で「生き物の学」。zoo(動物園)はこの語を縮めたものである。
Cenozoic,ken-2+gwei-,1026,新生代の,ギリシャ語で「新しい生きもの」。哺乳類が広がった、いまに続く時代の名である。
gramophone,bhā-2,1026,蓄音機,ギリシャ語 gramma(書かれたもの)+ phōnē(声)から。phonogram(音の記録)を入れ替えて作られた商標名である。
rectilinear,reg-+lī̆no-,1026,直線の,ラテン語で「まっすぐな線の」。rectangle や correct と同じ「まっすぐ」の語である。
zoological,gwei-+leg-,1027,動物学の,「生き物の学の」。zoology と同じく、zoo(動物園)の元になった語である。
bishopric,epi+spek-+reg-,1030,司教区,bishop(司教)+ 古英語 rīce(支配・領域)から。後半はドイツ語 Reich、rich と同じ「支配」の語である。
morass,mori-,1030,泥沼,オランダ語 moeras(沼地)から。marsh(湿地)や mere(湖)と同じ「水」の語に連なる。
phonics,bhā-2,1030,フォニックス,ギリシャ語 phōnē(声)から。phone や symphony と同じ「声」の語である。
polyphonic,pelə-1+bhā-2,1030,多音の,ギリシャ語で「多くの声の」。symphony と同じ「声」の語が入っている。
clairvoyance,kelə-2+weid-,1033,千里眼,フランス語で「はっきり見えること」。clear と see を合わせた組み立てである。
ergo,eghs+reg-,1034,それゆえに,ラテン語で「その筋から」。結論の向きを指す語だった。
maniacal,men-1,1038,狂気のような,ギリシャ語 mania(狂気)から。mind と同じ「思う」語。
megaphone,bhā-2+meg-,1039,メガホン,ギリシャ語で「大きな声」。中身はそのままの作りである。
fatalistic,bhā-2,1040,運命決定的な,ラテン語 fatum(定め。もとは「語られたこと」)から。fable や fame と同じ「話す」語である。
nonpartisan,ne+perə-2+oi-no-,1041,党派心のない,non-(打ち消し)+ partisan(党派の人)から。イタリア語 partigiano、ラテン語 pars(部分)で、part と同じ語である。
invidious,en+weid-,1042,いまいましい,ラテン語で「にらみつける」。envy と同じ「見る」語である。
nonce,oi-no-+to-,1042,その場限りの,then anes(その一度)の区切りを間違えて生まれた語である。
telephony,kʷel-2+bhā-2,1042,電話通信,ギリシャ語 tēle-(遠く)+ phōnē(声)から。telephone や symphony と同じ語からなる。
abjection,yē-+apo-,1045,卑屈,ラテン語で「投げ捨てること」。reject と同じ「投げる」語。
rank,reg-,1045,生い茂った、鼻につく,「階級」の rank とは別語。古英語では「高慢な」だった。
interject,en+yē-,1046,さしはさむ,ラテン語で「間に投げ込む」。eject と同じ「投げる」語。
ejaculate,eghs+yē-,1047,射精する,ラテン語で「外へ投げる」。eject と同じ語である。
provident,per1+weid-,1047,先見の明のある,ラテン語で「前もって見る」。provide と同じ語である。
paresis,yē-,1048,不全麻痺,ギリシャ語で「手放すこと」。力が抜けて落ちることを言う。
pterygoid,pet-+weid-,1048,翼状骨,「翼の形をした」。頭蓋の奥にある、翼を広げたような形の骨を指す。
cad,kaput-,1051,卑劣な男,caddie の短縮形。もとはただの雑用係を指す語だった。
idyll,weid-,1052,田園詩,ギリシャ語で「小さな姿」。idol と同じ「見た形」の語である。
marinate,mori-,1052,マリネにする,イタリア語で「海の水に漬ける」。marine と同じ語である。
resurgent,re-+upo+reg-,1052,よみがえる,ラテン語で「下から立ち上がる」。surge と同じ語である。
viva,gwei-,1053,万歳,イタリア語・スペイン語の「生きよ」。vivid と同じ語である。
druid,deru-+weid-,1054,ドルイド,ケルト語の「樫を知る者」。木を通して神意を読んだ祭司たちの呼び名である。
polyphony,pelə-1+bhā-2,1054,多声音楽,ギリシャ語で「多くの声」。full と同じ「満ちる」語をふくむ。
trigonometry,genu-1,1055,三角法,ギリシャ語で「三角を測ること」。そのままの組み立てである。
ethmoid,sē-3+weid-,1057,篩骨の,ギリシャ語で「ふるいのような」。穴だらけの鼻の骨のこと。
adroit,ad-+reg-,1058,器用な,フランス語で「右手のほうへ」。right と同じ語である。
animism,anə-,1059,霊魂信仰,ラテン語 anima(息、魂)から。animal と同じ語である。
fedora,dō-,1059,中折れ帽,1882年の戯曲の主人公フェドラから。中身は「神の贈り物」。
unary,oi-no-,1062,単項の,ラテン語 unus(一)から。unit や one と同じ「一」の語である。
quicksilver,gwei-,1063,水銀,「生きている銀」。転がって止まらない水銀を、生きていると見た。
dirge,dwis-+reg-,1065,哀歌,ラテン語の祈り「導きたまえ」の頭の語。葬送歌の名になった。
geniculate,genu-1,1066,鋭角に屈曲した,ラテン語 genu(ひざ)から。knee と同じ語である。
kaleidoscopic,kal-2+weid-+spek-,1066,万華鏡の,ギリシャ語で「美しい形を見る」。三語を並べた造語である。
capitulate,kaput-,1068,降伏する,ラテン語の「章立てにする」。降伏の条件を条文に書き分けることが、降伏そのものになった。
occiput,epi+kaput-,1068,後頭部,ラテン語で「頭の後ろ」。capital と同じ「頭」の語である。
Theodosia,dō-+dhēs-,1070,テオドシア,人名。ギリシャ語で「神の贈り物」。Dorothy と同じ二語の入れ替え。
recto,reg-,1071,右側のページ,ラテン語で「正しい側」。right と同じ語である。
purveyor,per1+weid-,1072,調達人,purvey(調達する)から。provide と同じ語である。
outwit,ud-+weid-,1073,裏をかく,out と wit の合成。知恵で相手の外に出る、という言い方。
abrogate,apo-+reg-,1074,廃止する,ラテン語で「法を取り下げる」。right と同じ「まっすぐ」語。
octagon,genu-1+oktō(u),1075,八角形,ギリシャ語で「八つの角」。October と同じ「八」の語。
prefatory,per1+bhā-2,1075,序文の,preface(序文)から。中身は「前に言うこと」である。
semiautomatic,sēmi-+men-1,1076,半自動の,ラテン語の「半分」と、ギリシャ語の「自ら動く」の合成。
necromancy,nek-1+men-1,1077,降霊術,ギリシャ語で「死者に問う」。mind と同じ語をふくむ。
interjection,en+yē-,1078,投入,「あいだに投げ込むもの」。文の途中に放り込まれる感嘆のことばを指す。
anemone,anə-,1079,アネモネ,ギリシャ語で「風の娘」。風の吹くときだけ開くと信じられた。
blaspheme,mel-5+bhā-2,1079,冒涜する,ギリシャ語で「悪く言う」。blame と同じ語である。
pentagon,penkʷe+genu-1,1079,五角形,ギリシャ語で「五つの角」。角を表す語は knee と同じ一族。
decapitation,kaput-+de-,1080,斬首,ラテン語で「頭を離す」。capital と同じ「頭」の語である。
sternocleidomastoid,sterə-+klāu-+weid-,1083,胸鎖乳突筋,ギリシャ語 sternon(胸骨)+ kleis(鎖骨)+ mastoeidēs(乳頭状の)から。胸骨と鎖骨から乳様突起へ走る筋の意である。
aquamarine,akʷ-ā-+mori-,1084,アクアマリン,ラテン語で「海の水」。aqua と marine を合わせた宝石名。
jettison,yē-,1085,捨てる,「投げ出すこと」。船を軽くするため積み荷を海に捨てることを指した。
Unicode,oi-no-,1089,ユニコード,uni-(ひとつ)と code の合成。万国共通の文字コードである。
cricoid,(s)ker-3+weid-,1091,環状の,ギリシャ語の「輪のような」。circle と同じ「回す」語。
Eudora,dō-+es-+(e)su-,1095,エウドラ,人名。ギリシャ語で「よい贈り物」。Dorothy と同じ二語の入れ替え。
interregnum,en+reg-,1096,空位期間,ラテン語で「統治の間」。reign(治世)と同じ語である。
jut,yē-,1097,突き出る,jet(噴き出す)の変形。project と同じ「投げる」語である。
Theodoric,teutā-+reg-,1098,テオドリック,ゲルマン語で「民の王」。東ゴート王の名として知られる。
rial,reg-,1100,リアル,ペルシャ語の貨幣単位。スペインの real と同じ語である。
sacerdotal,sak-+dō-,1102,聖職の,ラテン語 sacerdos(祭司)から。中身は「聖物を渡す者」。
Risorgimento,re-+upo+reg-,1104,復興,イタリア語で「再び立ち上がること」。統一へ向かう19世紀の運動の名になった。
idealize,weid-,1105,理想化する,ideal から。idol と同じ「見た形」の語である。
mantis,men-1,1105,カマキリ,ギリシャ語で「予言者」。前脚を掲げた姿が、祈り占う人に見えた。
voyeur,weid-,1106,詮索好き,フランス語で「見る人」。のぞき見をする側だけを名指しした語である。
derogate,de-+reg-,1108,減ずる,ラテン語で「法の一部を取り消す」。right と同じ語である。
marinara,mori-,1110,マリナラソース,イタリア語で「船乗り風」。日持ちする材料で手早く作れることによる名だとされる。
rakish,reg-,1110,いきな,rake(放蕩者)から。まっすぐな棒の rake と同じ語である。
remonstrate,re-+men-1,1111,抗議する,ラテン語で「はっきり示す」。monster と同じ語である。
extradite,eghs+terə-2+dō-,1113,送還する,ラテン語で「外へ引き渡す」。tradition と同じ語である。
wyvern,gwei-+perə-1,1113,ワイバン,ラテン語 vipera(まむし)から。viper と同じ語である。
coracoid,ker-2+weid-,1114,烏口骨,ギリシャ語で「カラスのくちばしのような」。肩甲骨の突起の形からついた名。
subrogation,reg-+upo,1114,代位,ラテン語で「代わりに立てる」。rogation と同じ語である。
apophatic,bhā-2+apo-,1115,否定神学的な,ギリシャ語で「否定して言う」。否定を重ねる神学の方法。
vivisection,gwei-+sek-,1116,生体解剖,ラテン語の「生きた」と「切る」。vivid と同じ語をふくむ。
Proterozoic,per1+gwei-,1117,原生代,ギリシャ語で「より前の生命」。地質時代の名である。
witless,weid-+leu-,1118,愚かな,wit(知恵)が無いこと。wit は「見て知る」が元である。
phatic,bhā-2,1119,交話的な,ギリシャ語の「話された」。中身より場をつなぐための発話。
Mnemosyne,men-1,1120,ムネモシュネ,ギリシャ神話の記憶の女神。mnemonic と同じ「思う」語。
wizardry,weid-+kar-,1120,魔術,wizard から。wizard は wise(賢い)に由来する語である。
headquarter,kaput-+kʷetwer-,1122,本部を置く,head と quarter の合成。quarter は「四分の一」が元。
defame,dwis-+bhā-2,1127,中傷する,ラテン語で「悪評を広める」。fame と同じ語である。
fatuous,bhā-2,1127,愚かな,ラテン語 fatuus(愚かな)から。infatuate と同じ語である。
nondeterministic,ne+de-+ter-+oi-no-,1128,非決定論の,determine の否定形。determine は「境を決める」が元。
eidetic,weid-,1130,はっきりと目に浮ぶ,ギリシャ語の「見た形」。idol と同じ「見る」語である。
Ahriman,men-1,1131,アフリマン,ゾロアスター教の悪神。名の中身は「敵意ある霊」である。
banns,bhā-2,1133,婚約予告,古英語の「布告」。ban(禁じる)と同じ「告げる」語である。
capitation,kaput-,1134,均等割,ラテン語 caput(頭)から。頭数で割ることである。
premonitory,per1+men-1,1136,警告の,ラテン語で「前もって警告する」。monitor と同じ語である。
ultramarine,al-1+mori-,1137,群青色の,ラテン語で「海の向こう」。marine と同じ語である。
joist,yē-,1139,小梁,ラテン語で「投げ渡されたもの」。eject と同じ「投げる」語。
capsize,kaput-,1140,転覆する,スペイン語の「頭から沈める」。capital と同じ「頭」の語。
regicide,reg-+kaə-id-,1140,国王殺し,ラテン語の「王」と「殺す」。regal と同じ「王」の語である。
macrobiotic,gwei-,1146,マクロビオティックの,ギリシャ語の「長い」と「生命」。長生きの法、という名。
headphone,kaput-+bhā-2,1149,ヘッドホン,head と phone の合成。phone は「声」が元である。
nonentity,ne+es-+oi-no-,1150,取るに足りない人,entity(存在)の否定。entity は「あること」が元である。
phonic,bhā-2,1150,音声の,ギリシャ語 phone(声)から。fame と同じ「話す」語である。
mnemonics,men-1,1151,記憶術,ギリシャ語 mneme(記憶)から。mind と同じ「思う」語である。
samizdat,sem-1+eghs+dō-,1151,地下出版,ロシア語で「自主出版」。国の検閲を通さず自分たちで刷った地下出版のこと。
undirected graph,ne+dwis-+reg-,1153,宛名がないグラフ,un-(打ち消し)+ directed + graph から。direct はラテン語 regere(まっすぐ導く)、right や regular と同じ語である。
anamnesis,an-+men-1,1155,追憶,ギリシャ語で「思い出すこと」。amnesia の反対である。
improvident,ne+per1+weid-,1155,先見の明がない,provident の否定。provide と同じ「前もって見る」語。
capitate,kaput-,1157,頭状の,ラテン語 caput(頭)から。capital と同じ「頭」の語である。
twit,ad-+weid-,1157,なじる,古い atwite(なじる)の頭が落ちた形。wit と同じ「見る」語。
advisement,weid-+ad-,1158,相談,advise から。vision と同じ「見る」語である。
viviparous,gwei-+perə-1,1158,胎生の,ラテン語の「生きて産む」。vivid と同じ「生きる」語。
dacha,dō-,1163,別荘,ロシア語で「与えられた土地」。君主から下げわたされた地所がもとの意味。
capo,kaput-,1166,カポ,イタリア語で「指板の頭」。弦を押さえる位置を丸ごとずらす道具である。
anemometer,anə-+mē-2,1168,風速計,ギリシャ語 anemos(風)+ metron(はかり)から。anemone(アネモネ「風の花」)や meter と同じ語からなる。
cormorant,ker-2+mori-,1168,鵜,ラテン語の「海のカラス」。黒い姿と鳴き声からついた鳥の名。
behead,ambhi+kaput-,1170,首を切り取る,古英語 beheafdian「頭を取り去る」。be- は「取り去る」意で、head そのままの語。
merman,mori-,1172,男の人魚,古英語 mere(海、湖)と man から。mermaid の男版である。
Ahura Mazda,ansu-+men-1+dhē-,1173,アフラ=マズダー,アヴェスタ語で「賢き主」。ゾロアスター教の最高神の名である。
raj,reg-,1175,支配,ヒンディー語で「統治」。regal や right と同じ「まっすぐ導く」語である。
idolize,weid-,1181,崇拝する,idol(偶像)に -ize がついた語。idol はもと「見えるもの、姿」の意。
cacophonous,bhā-2+kakka-,1182,不協和音の,ギリシャ語で「悪い音の」。caco-(悪い)と phone(声)から。
rajah,reg-,1183,藩王,ヒンディー語で「王」。regal や right と同じ「まっすぐ導く」語である。
Phanerozoic,bhā-1+gwei-,1185,顕生代,ギリシャ語で「見える生き物の時代」。化石の見つかる地質時代を指す。
azotemia,gwei-+ne,1186,窒素血症,azote(窒素)と -emia(血)から。1894年ごろにできた語。
corvée,reg-,1186,夫役,フランス語で「呼び集められた務め」。ラテン語 rogare(求める)から。
anthropoid,weid-,1189,人間に似た,ギリシャ語で「人のような」。anthropos(人)と -oid から。
witticism,weid-,1189,機知に富んだ言葉,witty(機知に富む)と criticism を合わせた造語。wit と同じ語である。
idolater,weid-+lē-1,1192,偶像崇拝者,ギリシャ語で「像に仕える者」。姿かたちを意味する語から出ている。
antiphon,ant-+bhā-2,1195,応答頌歌,ギリシャ語で「向かい合う声」。anti-(向かって)と phone(声)から。
mere,mori-,1196,湖,「単なる」mere とは別語。詩の言葉で、古くは「海」も指した。
megalomania,meg-+men-1,1198,誇大妄想,ギリシャ語で「巨大への熱狂」。megalo-(巨大)と mania から。
decapitate,de-+kaput-,1199,首を切りおとす,ラテン語で「頭を落とす」。caput(頭)から、captain と同じ語である。
derecho,reg-,1202,暴風,スペイン語で「まっすぐな」。渦を巻かず直進していく、あの暴風の名。
Eumenides,(e)su-+men-1,1202,エウメニデス,「親切な方々」という意味の忌み名。復讐の女神を本名で呼ぶと祟ると恐れられた。
xylophone,bhā-2,1203,木琴,ギリシャ語で「木の声」。xylon(木)と phone(声)から。
goniometer,genu-1+mē-2,1205,測角器,ギリシャ語で「角を測るもの」。gonia(角)は knee(ひざ)と同じ語。
supererogatory,uper+eghs+reg-,1205,必要以上のことをする,ラテン語で「求められた以上に払うこと」。super-(超えて)と rogare(求める)から。
hammerhead,ak-+kaput-,1206,ハンマーの頭,hammer(かなづち)と head から。頭が金づちの形をしたサメ。
animatronic,anə-,1208,アニマトロニクスの,animate(命を吹き込む)と electronic を合わせた造語。
epizootic,gwei-+epi,1210,動物流行病,ギリシャ語で「動物のあいだに広がる」。epidemic の動物版である。
sarcoid,twerk-+weid-,1211,肉の,ギリシャ語 sarx(肉)から。sarcasm と同じ「切り裂く」語につながる。
arrogate,ad-+reg-,1212,横領する,ラテン語で「自分に求める」。arrogant と同じ語である。
subjacent,yē-,1214,基礎となる,ラテン語で「下に横たわる」。adjacent と同じ語である。
mare,mori-,1216,月や火星の海,月面の黒い部分。本当に海だと思われていたころの名残。
nonsectarian,ne+sekʷ-1+oi-no-,1219,無党派の,non-(〜でない)と sectarian(宗派の)から。sect と同じ「従う」語。
jetsam,yē-,1221,投げ荷,jettison(投げ捨てる)の変わった形。海に投げ捨てた荷を指す。
mantic,men-1,1222,占いの,ギリシャ語 mantis(占い師)から。mania や mind と同じ「思う」語である。
pusillanimous,pau-+anə-,1222,気の弱い,ラテン語で「小さな心」。気の小ささを、心の大きさで言い表した。
dado,dō-,1225,腰羽目,イタリア語 dado(さいころ、台座)から。die(さいころ)と同じ語である。
caddie,kaput-,1226,キャディ,ゴルフの言葉。フランス語 cadet(次男)がスコットランドでなまった語。もとは使い走りの若者を指した。
prevision,weid-+per1,1226,予見,ラテン語で「前もって見ること」。vision と同じ語である。
bioturbation,gwei-+(s)twer-1,1227,バイオターベーション,bio-(生き物)と turbation(かき乱すこと)から。turbulence と同じ語。
eidolon,weid-,1227,幻,ギリシャ語 eidolon(姿、幻)から。idol と同じ語である。
capitellum,kaput-,1228,上腕骨小頭,ラテン語 caput(頭)の小さい形。骨の先の小さな頭を指す。
diazo,dwo-+gwei-,1229,ジアゾ基を持つ,di-(2つ)と azo(窒素)から。窒素が二つ並んだ基を指す。
stereophonic,ster-1+bhā-2,1234,立体音響の,ギリシャ語で「立体の音」。stereos(固い)と phone(音)から。
cycloid,kʷel-1+weid-,1236,サイクロイド,ギリシャ語で「輪のような」。cycle と同じ語である。
homophone,bhā-2+sem-1,1237,同音異義語,ギリシャ語で「同じ音」。homo-(同じ)と phone(音)から。
fay,bhā-2,1240,妖精,ローマの運命の女神 Fata から。運命を「語る」者が妖精になった。
Uniate,oi-no-,1240,合同教会派,ロシア語 uniyat(合同派)から。ラテン語 unus(一)で、one と同じ語。
donative,dō-,1243,寄付金,ラテン語 donare(与える)から。donate や date と同じ語である。
victual,gwei-,1243,飲食物,ラテン語 victus(暮らし、食べ物)から。vital と同じ「生きる」語である。
epidote,dō-,1245,緑簾石,ギリシャ語で「さらに与えられた」。結晶の面が伸びていることから。
mauvais,bhā-2+mel-5,1245,質の悪い,「悪い運命を持つ」が縮まった語。悪さの中身が、もとは運の悪さだった。
mariculture,mori-+kʷel-1,1246,海洋養殖,ラテン語 mare(海)と culture から。marine と同じ語である。
eldritch,al-1+reg-,1252,この世の物とは思われない,古い英語で「別の国の」。else と realm の語が合わさったとされる。
monophonic,men-4+bhā-2,1265,単旋律の,ギリシャ語で「ひとつの音」。mono-(1つ)と phone(音)から。
euphony,(e)su-+bhā-2,1266,心地良い音,ギリシャ語で「よい音」。eu-(良い)と phone(音)から。
apodosis,apo-+dō-,1267,帰結節,ギリシャ語で「返して与えるもの」。条件文の帰結節を指す。
meerkat,mori-,1267,ミーアキャット,オランダ語で「海の猫」。かつて猿を指した語が、なぜかこの動物の名になった。
capitulum,kaput-,1268,頭状花序,ラテン語 caput(頭)の小さい形。chapter と同じ語である。
einkorn,oi-no-+gr̥ə-no-,1271,ヒトツブコムギ,ドイツ語で「ひと粒」。ein(1つ)と Korn(穀粒)から、one と corn の語。
banlieue,bhā-2,1272,郊外,「布告(ban)の届く一里」。町の外で、その町の命令が及ぶ範囲を指した。
prorogue,per1+reg-,1277,閉会にする,ラテン語で「前もって問う」。interrogate と同じ「問う」語である。
Armorica,mori-,1279,アルモリカ,地名。ガリア語で「海の前」。ブルターニュの古い呼び名である。
vivify,dhē-+gwei-,1280,生気を与える,ラテン語で「生かす」。vivid や vital と同じ「生きる」語である。
aneroid,ne+newo-+weid-,1286,液体を用いない,ギリシャ語で「液体を使わない」。否定の a- と neron(水)から。
deja vu,weid-,1288,既視感,フランス語で「すでに見た」。後半は vision と同じ「見る」語である。
kaput,kaput-,1288,だめになった,ドイツ語 kaputt(だめになった)から。トランプの負けを表す語からとされる。
meerschaum,mori-+(s)keu-,1291,海泡石,ドイツ語で「海の泡」。白く軽い鉱石を、波の泡に見立てた。
rhizobium,wrād-+gwei-,1292,根粒菌,ギリシャ語 rhiza(根)と bios(いのち)から。根に住む菌。
raita,reg-+steig-,1294,ライタ,ヒンディー語のヨーグルト料理。カレーに添える薬味である。
quincunx,oi-no-+penkʷe,1296,五つ目型,ラテン語で「12分の5」。もとは硬貨の単位で、その刻印の五つの点の並びが名になった。
fado,bhā-2,1297,ポルトガル民謡,ポルトガル語で「運命」。定めを歌う、あの憂いを帯びた民謡である。
hetman,kaput-+man-1,1297,首長,ポーランド語 hetman から。ドイツ語 Hauptmann(頭領)にさかのぼる。
maar,mori-,1299,マール,ドイツ語 Maar から。ラテン語 mare(海、たまり水)にさかのぼる。
kleptomania,klep-+men-1,1300,窃盗癖,ギリシャ語で「盗みへの熱狂」。kleptein(盗む)と mania から。
anorectic,ne+reg-,1305,食欲のない,ギリシャ語で「食欲がない」。否定の a- と orexis(欲)から。
caudillo,kaput-,1306,軍事指導者,スペイン語で「頭に立つ者」。caput(頭)から、captain と同じ語。
reck,reg-,1306,気にかける,古英語 reccan(気にかける)から。reckless(むとんちゃく)に残る。
eicosanoid,wīkm̥tī+weid-,1308,不飽和脂肪酸,ギリシャ語 eikosi(20)から。炭素20個の脂肪酸を指す。
fabliau,bhā-2,1309,韻文世話話,古フランス語で「小さな話」。fable と同じ「語る」語である。
fandango,bhā-2,1309,スペインダンス,スペイン語の舞曲の名。由来ははっきりしない語である。
uncial,oi-no-,1309,アンシアル書体,ラテン語 uncia(12分の1)から。ounce や inch と同じ語である。
zoic,gwei-,1310,動物の,ギリシャ語 zoion(動物)から。zoo と同じ「生きる」語である。
nonpareil,ne+perə-2+oi-no-,1311,比類ない,フランス語で「並ぶものがない」。non-(〜でない)と pareil(等しい)から。
bionics,gwei-,1313,生体工学,bio-(いのち)と electronics を合わせた造語。
vend,wes-1+dō-,1313,売り歩く,ラテン語の「売りに出す」。売ることと与えることの語が合わさってできている。
nonsuit,ne+oi-no-+sekʷ-1,1317,訴えの却下,non-(〜でない)と suit(訴え)から。訴えを退けること。
wite,weid-,1318,非難,古英語 witan(責める)から。wit(知る)と同じ語である。
vivace,gwei-,1319,ビバーチェ,イタリア語で「生き生きと」。vivid や vital と同じ「生きる」語である。
rogatory,reg-,1320,嘱託された,ラテン語 rogare(問う)から。interrogate と同じ語である。
animadversion,anə-+ad-+wer-3,1321,批評,ラテン語で「心を向けること」。animal と advert の語から。
compos mentis,men-1+poti-+kom,1321,正気の,ラテン語で「自分の心を持っている」。正気であることを、所有の形で言い表した。
polyphemus,pelə-1+bhā-2,1322,ポリュペモス,神話の名。ギリシャ語で「多く語られる者」。poly-(多い)と pheme(言葉)から。
anamnestic,men-1,1324,記憶を助ける,ギリシャ語 anamnesis(想起)から。ana-(再び)と mnasthai(思い出す)から。
belvedere,deu-2+weid-,1324,望楼,イタリア語で「よい眺め」。見晴らしのために建てた高い部屋を指す。
maladroit,mel-5+ad-+reg-,1325,不器用な,フランス語で「右手でない」。器用さを右手で語る見方の、裏返しの語である。
purvey,per1+weid-,1331,調達する,古フランス語 porveeir(前もって備える)から。provide と同じ語である。
rani,reg-,1332,王妃,ヒンディー語で「王妃」。raja(王)の女性形で、regal と同じ語。
genuflect,genu-1,1334,片膝を曲げる,ラテン語で「ひざを曲げる」。genu(ひざ)は knee と同じ語である。
heptagon,genu-1,1334,七角形,ギリシャ語で「七つの角」。hepta(7)と gonia(角)から。
kleptomaniac,klep-+men-1,1335,窃盗癖のある人,kleptomania(窃盗癖)のある人。kleptein(盗む)と mania から。
cabochon,kaput-,1336,カボション,フランス語で「小さな頭」。ラテン語 caput(頭)から、cabbage と同じ語。
abiogenesis,gwei-,1338,自然発生(説),ギリシャ語で「いのちなしに生じること」。bio と genesis の語から。
nonblocking,ne+oi-no-,1341,無閉塞,non-(〜でない)と blocking から。詰まりのないことをいう。
vivarium,gwei-,1346,飼育場,ラテン語で「生き物を飼う所」。vivid や vital と同じ語である。
witting,weid-,1348,承知の上の,古英語 witan(知っている)から。wit(知る)と同じ語である。
superjacent,uper+yē-,1349,すぐ上にある,ラテン語で「上に横たわる」。adjacent と同じ語である。
Non-functional,ne+bheug-2+oi-no-,1350,非関数の,non-(〜でない)と functional から。はたらきを持たないこと。
guy,weid-,1352,張り綱,男の人を指すふつうの guy とは別語。guide と同じ語で、もとは「導くもの」。テントを支える綱。
maenad,men-1,1353,マイナス,ギリシャ語 mainesthai(狂う)から。mania と同じ語である。
genuflection,genu-1,1354,ひざまずくこと,ラテン語で「ひざを曲げること」。genu(ひざ)は knee と同じ語。
aphonia,bhā-2,1355,失声症,ギリシャ語で「声がないこと」。否定の a- と phone(声)から。
Rig-Veda,erkʷ-+weid-,1357,リグ=ベーダ,サンスクリット語で「賛歌の知識」。veda(知識)は wit と同じ語。
jess,yē-,1360,足緒(あしお),古フランス語の「投げるもの」から。鷹の足につける革ひものこと。
Polydorus,pelə-1+dō-,1363,ポリュドロス,人名。ギリシャ語で「多くの贈り物を受けた者」。poly- と doron(贈り物)から。
zoon,gwei-,1365,子虫,ギリシャ語 zoion(生き物)から。zoo と同じ「生きる」語である。
apophasis,bhā-2,1383,陽否陰述法,ギリシャ語で「言わずに言うこと」。apo-(離れて)と「語る」語から。
monition,men-1,1385,注意,ラテン語 monere(戒める)から。monitor や mind と同じ語である。
zoetrope,gwei-+trep-2,1387,回転のぞき絵,ギリシャ語で「いのちの回転」。zoe(いのち)と trope(回り)から。
placoid,plāk-1+weid-,1388,板のような,ギリシャ語 plax(板)から。板のようなうろこをいう。
pyromania,paəwr̥+men-1,1392,放火狂,ギリシャ語で「火への熱狂」。pyr(火)と mania から。
corrigible,kom+reg-,1396,矯正しやすい,ラテン語 corrigere(まっすぐ直す)から。correct や right と同じ「まっすぐ」語である。
dunderhead,(s)tenə-+kaput-,1398,のろま,オランダ語 donder(雷)と head から。thunder と同じ語で、「頭に雷が落ちたような」の意である。
pheme,bhā-2,1399,語(言語単位),ギリシャ語 pheme(発話)から。fame や fable と同じ「話す」語である。
aerobe,wer-2+gwei-,1401,好気性生物,ギリシャ語 aer(空気)と bios(命)から。air と同じ語で、bios は vivid や quick と同じ「生きる」語である。
chapiter,kaput-,1401,柱頭,ラテン語 capitulum(小さな頭)から。chapter や capital と同じ「頭」の語である。
pyromaniac,paəwr̥+men-1,1401,放火狂癖の,ギリシャ語 pyr(火)と mania(狂気)から。fire と同じ語で、mania は mental と同じ「心」の語である。
jeté,yē-,1402,ジュテ,フランス語 jeter(投げる)から。ラテン語 jacere で、eject や project と同じ語である。
regulus,reg-,1402,レギュラス,ラテン語で「小さな王」。rex(王)は regal や royal と同じ「まっすぐ導く」語である。
maharani,meg-+reg-,1403,マハラジャの妻,ヒンディー語で「大いなる女王」。maha(大きい)は much や mega-、rani(女王)は regal と同じ語である。
maharajah,meg-+reg-,1407,マーハラージャ,サンスクリット語で「大いなる王」。maha は much、rajan(王)は regal や royal と同じ語である。
animalcule,anə-,1408,微小動物,ラテン語 animal の指小形。anima(息・魂)から、animate と同じ「息」の語である。
Ormazd,ansu-+men-1+dhē-,1410,オフルマズド,アヴェスタ語 Ahura Mazda(知恵の主)から。mazda(知恵)は mind や mental と同じ語である。
wiseacre,weid-,1416,知ったかぶりをする人,中期オランダ語 wijssegger(予言者)から。wise と同じ語で、acre(畑)とは関係がない。
marram grass,mori-+kolə-mo-,1420,マラム,古ノルド語 maralmr(海辺の草)から。marr(海)は marine や mermaid と同じ語である。
resurge,re-+upo+reg-,1421,よみがえる,ラテン語 resurgere(また立ち上がる)から。surge や regal と同じ「まっすぐ導く」語である。
riyal,reg-,1422,サウジアラビアの貨幣,アラビア語 riyal から。スペイン語 real(王の)を経た語で、royal や regal と同じ語である。
guidon,weid-,1424,部隊旗,フランス語 guidon(旗じるし)から。guide と同じ語で、wise や view と同じ「見る」根である。
rogation,reg-,1424,祈願,ラテン語 rogare(たずねる・願う)から。interrogate や arrogant と同じ語である。
circumjacent,(s)ker-3+yē-,1426,周辺の,ラテン語 circum(まわり)と jacere(横たわる)から。adjacent や circus と同じ語である。
erotomania,erə-3+men-1,1429,色情狂,ギリシャ語 eros(愛)と mania(狂気)から。mania は mind や mental と同じ語である。
nonplused,ne+pelə-1+oi-no-,1435,当惑した,ラテン語 non plus(これ以上ない)から。plus は plural や full と同じ「満たす」語である。
decagon,dekm̥+genu-1,1440,十角形,ギリシャ語 deka(10)と gonia(角)から。ten と knee(ひざ=角)と同じ語である。
hadal,weid-,1445,超深海(帯)の,ギリシャ神話の冥界 Hades から。「見えない」の意とされ、深海帯をいう。
couch grass,gwei-,1447,シバムギ,quitch grass の変形。quitch は quick と同じ語で、たくましく生きる草の意である。
amice,ambhi+yē-,1450,アミクトゥス,ラテン語 amictus(まとうもの)から。ambi-(まわり)と jacere(投げる)で、eject と同じ語である。
animadvert,anə-+ad-+wer-3,1456,非難する,ラテン語で「心を向ける」。注意を向けることが、批判する意味になった。
ctenoid,pek-2+weid-,1458,櫛のような歯のある,ギリシャ語 kteis(くし)と eidos(形)から。eidos は idol や wise と同じ「見る」語である。
deodand,dō-+dyeu-,1459,没収動産,中世ラテン語 Deo dandum(神に与えるべきもの)から。Deus は deity、dare は donate と同じ語である。
bacalao,kaput-,1460,たら,ラテン語系の「頭」から出たとされる。干し鱈を指すスペイン・ポルトガル語である。
viand,gwei-,1467,ご馳走,ラテン語 vivenda(生きるためのもの)から。vivid や victual と同じ「生きる」語である。
azoic,gwei-+ne,1468,無生代の,ギリシャ語 a-(なし)と zoe(命)から。zoo や quick と同じ「生きる」語である。
rillettes,reg-,1469,リエット,フランス語で「細長い一片」。豚肉を細く刻んで脂で煮込む料理である。
quitrent,kʷeiə-+re-+dō-,1472,免役地代,quit(免除)と rent から。quit は quiet や acquit と同じ「静める」語である。
zoophilia,gwei-,1477,動物性愛,ギリシャ語 zoon(生き物)と philia(愛)から。zoo は quick や vivid と同じ「生きる」語である。
nonplus,ne+oi-no-+pelə-1,1479,途方に暮れること,ラテン語 non plus(これ以上ない)から。plus は plural や full と同じ「満たす」語である。
bibliomania,men-1,1481,蔵書癖、書物狂,ギリシャ語 biblion(本)+ mania(熱狂)から。bible と、mind や mental と同じ「心」の語からなる。
usquebaugh,wed-1+gwei-,1482,ウイスキー,ゲール語で「命の水」。これが縮まって whisky になった。
bêche-de-mer,mori-,1489,干しなまこ,フランス語で「海の虫」。mer(海)はラテン語 mare で、marine や mermaid と同じ語である。
deject,yē-,1489,落胆する,ラテン語 de-(下へ)と jacere(投げる)から。eject や project と同じ「投げる」語である。
gite,yē-,1490,自炊できる貸し別荘,フランス語 gîte(宿)から。ラテン語 jacere(横たわる)で、adjacent や eject と同じ語である。
agonic,genu-1+ne,1491,無角の,ギリシャ語 a-(なし)と gonia(角)から。gonia は knee や diagonal と同じ語である。
ganoid,gāu-+weid-,1492,硬鱗魚類の,ギリシャ語 ganos(輝き)と eidos(形)から。eidos は idol や wise と同じ「見る」語である。
dodecagon,dwo-+dekm̥+genu-1,1494,12辺形,ギリシャ語 dodeka(12)と gonia(角)から。two と ten と knee(角)を合わせた語である。
cap-a-pie,ped-+kaput-,1508,頭から爪先まで,フランス語で「頭から足へ」。全身くまなく、という言い方である。
Mazdaism,men-1+dhē-,1511,ゾロアスター教,アヴェスタ語 Mazda(知恵)から。mind や mental と同じ「考える」語である。
regius professor,reg-,1519,欽定教授,ラテン語 regius(王の)から。regal や royal と同じ「まっすぐ導く」語である。
plerocercoid,pelə-1+weid-,1520,擬尾虫,ギリシャ語 pleres(満ちた)と kerkos(尾)から。pleres は full や plus と同じ語である。
colcannon,weid-,1522,コルカノン,アイルランド語の「白い頭のキャベツ」から。芋とキャベツを潰した料理のこと。
hylozoism,hūlē+gwei-,1529,物活論,ギリシャ語で「物質に生命が宿る説」。素材を意味する語と、生命の語からできている。
aphonic,bhā-2+ne,1532,無声の,ギリシャ語 a-(なし)と phone(声)から。phone や symphony と同じ「声」の語である。
nonagon,newn̥+genu-1,1532,九角形,ラテン語 nonus(9番目)と gonia(角)から。nine と knee(角)を合わせた語である。
oneiromancy,oner-+men-1,1533,夢占い,ギリシャ語 oneiros(夢)と manteia(占い)から。necromancy と同じ語尾である。
dysphemism,bhā-2+dus-,1536,悪化表現,ギリシャ語 dys-(悪い)と pheme(ことば)から。euphemism の反対で、fame と同じ語である。
ormer,aus-4+mori-,1536,セイヨウトコブシ,ノルマン方言 or-(耳)と mer(海)から。「海の耳」の意で、ear と marine を合わせた語である。
anemophily,anə-+philos,1542,風媒受粉,ギリシャ語 anemos(風)と philia(愛)から。animate と同じ「息」の語である。
dement,men-1,1542,ぼける,ラテン語 de-(離れて)と mens(心)から。mental や mind と同じ「考える」語である。
outdate,ud-+dō-,1542,時代遅れにする,out と date から。date はラテン語 dare(与える)で、donate や data と同じ語である。
nonjuror,ne+yewes-+oi-no-,1545,宣誓拒否者,non- とラテン語 jurare(誓う)から。jury や just と同じ「法」の語である。
quadraphonic,bhā-2+kʷetwer-,1545,四チャンネル方式の,ラテン語 quattuor(4)とギリシャ語 phone(声)から。four と phone を合わせた語である。
amentia,apo-+men-1,1546,アメンチア,ラテン語で「心を離れて」。精神の働きが失われた状態を指した古い医学語である。
nullipara,ne+oi-no-+perə-1,1551,未産婦,ラテン語 nullus(ひとつもない)と parere(産む)から。null と parent を合わせた語である。
sinciput,kaput-,1551,前頭部,ラテン語 semi-(半分)と caput(頭)から。head や chapter と同じ「頭」の語である。
subrogate,upo+reg-,1551,代位する,ラテン語 sub-(下に)と rogare(たずねる)から。interrogate や regal と同じ語である。
diesis,yē-,1552,ディエシス,ギリシャ語 diesis(送り出すこと)から。hienai(投げる)は eject や jet と同じ語である。
ophiuroid,ogʷhi-+ors-+weid-,1553,クモヒトデ,ギリシャ語 ophis(ヘビ)と oura(尾)から。ophidian と同じ「ヘビ」の語である。
jactitation,yē-,1554,詐称,ラテン語 jactare(投げ回す)から。jacere(投げる)は eject や jet と同じ語である。
iwis,kom+weid-,1555,確かに,古英語 gewiss(確かに)から。wit や wise と同じ「知る」語である。
lobster thermidor,dō-+gʷher-,1556,ロブスターテルミドール,フランス革命暦の月名 Thermidor から。ギリシャ語 thermos(熱)と doron(贈り物)による語である。
interjacent,yē-+en,1569,介在する,ラテン語 inter(あいだ)と jacere(横たわる)から。adjacent や eject と同じ語である。
reichsmark,reg-+merg-,1572,ライヒスマルク,ドイツ語 Reich(国)と Mark(貨幣単位)から。Reich は regal、Mark は mark と同じ語である。
polygonum,pelə-1+genu-1,1575,タデ,ギリシャ語 poly(多い)と gony(ひざ・節)から。節の多い茎による名で、knee と同じ語である。
cenobite,gwei-+kom,1576,修道士,ギリシャ語 koinos(共通)と bios(命)から。common と vivid と同じ語である。
dendrobium,deru-+gwei-,1579,デンドロビウム,ギリシャ語 dendron(木)と bios(命)から。rhododendron と vivid と同じ語である。
porrect,per1+reg-,1580,前に突き出た,ラテン語 por-(前へ)と regere(伸ばす)から。direct や regal と同じ語である。
sord,reg-,1586,マガモの群れ,中英語 sord(群れ)から。ラテン語 surgere(飛び立つ)とされ、surge や regal と同じ語である。
monish,men-1,1590,警告する,ラテン語 monere(いさめる)から。admonish や mind と同じ「考えさせる」語である。
rye,reg-,1591,ロマの男,ライ麦の rye とは別語。サンスクリット語の「王」から。
cleromancy,kel-1+men-1,1593,くじによる占い,ギリシャ語 kleros(くじ)と manteia(占い)から。clergy や necromancy と同じ語である。
weever,gwei-+perə-1,1593,スズキ目魚類,古フランス語 wivre(蛇)から。ラテン語 vipera(まむし)で、viper や viviparous と同じ語である。
synesis,ksun+yē-,1596,意味構文,ギリシャ語 syn(ともに)と hienai(送る)から。syn- と eject と同じ語である。
gonion,genu-1,1597,顎角点,ギリシャ語 gonia(角)から。knee や diagonal と同じ「ひざ・角」の語である。
epizoic,gwei-,1598,体外寄生の,ギリシャ語 epi(上に)と zoon(生き物)から。zoo や quick と同じ「生きる」語である。
minnesinger,men-1+sengʷh-,1603,ミンネジンガー,ドイツ語 Minne(愛)と Singer(歌い手)から。Minne は mind、singen は sing と同じ語である。
animato,anə-,1609,元気な,イタリア語 animato(生き生きした)から。ラテン語 anima(息)で、animal と同じ語である。
saprobe,gwei-,1613,腐生菌,ギリシャ語 sapros(腐った)と bios(命)から。sapro- と vivid と同じ語である。
minikin,men-1,1616,小さい,中期オランダ語 minneken(いとしい人)から。minne(愛)は mind と同じ語である。
longanimity,del-1+anə-,1617,忍耐,ラテン語 longus(長い)と animus(心)から。long と animal を合わせた語である。
ament,men-1,1621,知的障害のある人,「心が離れた」の意。ラテン語の a「離れて」と mens「心」から。
witenagemot,kom+mōd-+weid-,1621,賢人会議,古英語で「賢人たちの集まり」。アングロサクソン時代の助言会議のこと。
anabiosis,gwei-,1629,蘇生,ギリシャ語 ana(再び)と biosis(生きること)から。bios は vivid や quick と同じ語である。
vicereine,weik-4+reg-,1633,副王夫人,フランス語 vice(代わりの)と reine(女王)から。reine はラテン語 regina で、regal と同じ語である。
idocrase,weid-+kerə-,1635,ベスブ石,ギリシャ語 eidos(形)と krasis(混合)から。idol と crater と同じ語である。
polyhistor,pelə-1+weid-,1635,博学者,ギリシャ語 poly(多い)と histor(知る者)から。history や wise と同じ「見る・知る」語である。
traject,terə-2+yē-,1638,運ぶ,ラテン語 trans(越えて)と jacere(投げる)から。trajectory や eject と同じ語である。
nonuniversality,ne+oi-no-+wer-3,1648,非普遍性,non-(否定)と universality から。universe はラテン語 unus(1)と vertere(向く)による語である。
ranee,reg-,1659,王妃,ヒンディー語 rani(王妃)から。サンスクリット語 rajni で、regal や royal と同じ語である。
aphetic,yē-,1669,語頭音消失の,ギリシャ語 aphienai(手放す)から。apo-(離れて)と hienai(送る)で、eject と同じ語である。
balletomane,gʷelə-+men-1,1669,バレエ狂の人,ロシア語 balet(バレエ)と mania(狂気)から。ballet と mania を合わせた語である。
ariary,reg-,1675,アリアリ,アラビア語系の銀貨の名から。マダガスカルの通貨の名になった。
amblygonite,genu-1+mel-1,1680,アンブリゴナイト,ギリシャ語 amblys(鈍い)と gonia(角)から。knee(角)と同じ語を含む鉱物名である。
gisant,yē-,1684,ジザン,フランス語 gésir(横たわる)から。ラテン語 jacere で、adjacent や eject と同じ語である。
protozoic,gwei-+per1,1684,原生代の、原生動物の,ギリシャ語 protos(最初の)と zoe(命)から。proto- と zoo を合わせた語である。
autacoid,autos+yēk-+weid-,1688,オータコイド,ギリシャ語 autos(自分)と akos(薬)から。auto- と panacea と同じ語である。
azoth,gwei-,1697,水銀,アラビア語 al-zauq(水銀)から。錬金術の三原質のひとつをいう語である。
sempervivum,sem-1+per1+gwei-,1699,センペルビブム,ラテン語 semper(常に)と vivus(生きた)から。same と vivid を合わせた語である。
zoophobia,gwei-,1707,動物恐怖症,ギリシャ語 zoon(生き物)と phobos(恐れ)から。zoo と phobia を合わせた語である。
adjacence,yē-+ad-,1713,隣接,ラテン語 ad-(そばに)と jacere(横たわる)から。adjacent や eject と同じ語である。
jetton,yē-,1715,代用硬貨,フランス語で「投げるもの」。計算板に投げ置いて数を数えた、代用の駒である。
rhabdomancy,wer-3+men-1,1730,棒占い,ギリシャ語 rhabdos(杖)と manteia(占い)から。rhabdos は verse と同じ「巻く」根である。
arrière-ban,koro-+bhā-2,1734,王の召集令,フランス語 arrière-ban(領主の召集令)から。もとはゲルマン語の「軍の触れ」で、ban と同じ語である。
fantoccini,bhā-2,1736,操り人形,イタリア語 fantoccio(人形)の複数形。infante(子ども)は infant や fame と同じ語である。
anemotaxis,anə-,1747,気流走性,ギリシャ語 anemos(風)と taxis(配列)から。animate と tactics と同じ語である。
zoolatry,gwei-,1748,動物崇拝,ギリシャ語 zoon(生き物)と latreia(崇拝)から。zoo と idolatry と同じ語である。
reglet,reg-,1755,溝,フランス語 réglet(小さな定規)から。ラテン語 regula(定規)の指小形で、rule や regular と同じ「まっすぐ」の語である。
zollverein,oi-no-,1755,関税同盟,ドイツ語 Zoll(関税)+ Verein(同盟)から。Zoll は英語 toll(通行料)と同じ語である。
pycnogonid,genu-1,1757,ウミグモ,ギリシャ語 puknos(密な)+ gonu(ひざ)で「ひざの詰まったもの」。gonu は knee(ひざ)と同じ語である。
coadunate,kom+ad-+oi-no-,1765,癒合した,ラテン語 coadunare(一つにまとめる)から。com-(共に)+ ad(…へ)+ unus(一)で、unite と同じ「一」の語である。
black-a-vised,bhel-1+ad-+weid-,1766,色黒の,black + 古フランス語 vis(顔)で「黒い顔つきの」。vis はラテン語 visus(見ること)、visage や vision と同じ語である。
parget,per1+yē-,1781,石こうで塗る,ラテン語の「上から投げつける」から。壁に漆喰を塗りつける動作そのものである。
bifarious,bhā-2,1782,二分された,ラテン語 bifarius(二様の)から。bi-(二)+ fari(話す)で、fate や fable と同じ「話す」語である。
fluviomarine,bhleu-+mori-,1788,河口海洋の,ラテン語 fluvius(川)+ mare(海)から。fluid や flow、そして marine や mermaid と同じ語からなる。
nefandous,bhā-2+ne,1789,言語道断の,ラテン語 nefandus(口にすべきでない)から。ne-(打ち消し)+ fari(話す)で、fable や infant(まだ話せぬ者)と同じ「話す」語である。
turnverein,oi-no-+per1,1790,体操協会,ドイツ語 turnen(体操する)+ Verein(協会)から。Verein は ein(一)を含み、one と同じ「一」の語である。
previse,per1+weid-,1817,予知する,ラテン語 praevidere(前もって見る)から。prae-(前に)+ videre(見る)で、provide や vision と同じ「見る」語である。
biostrome,gwei-+sterə-,1823,層状生礁,ギリシャ語 bios(生命)+ strōma(敷きもの)から。後半は street や structure と同じ「広げる」語である。
supererogate,uper+eghs-+reg-+eghs,1823,要求以上のことをする,ラテン語 super-(超えて)+ erogare(支払う)から。後半は rogare(求める)で、interrogate と同じ語である。
Riksmål,reg-+mōd-,1830,リクスモール,ノルウェー語 rik(国)+ mål(ことば)で「国語」。前半はドイツ語 Reich、英語 rich と同じ「王・支配」の語である。
nonrecursively,ne+re-+kers-2+oi-no-,1849,帰納的でなく,non-(打ち消し)+ recursive から。ラテン語 currere(走る)にさかのぼり、current や occur と同じ「走る」語である。
haimish,tkei-+reg-,1869,家庭的な,イディッシュ語で「家庭的な」。home と同じ語から出ている。
anemoscope,anə-+spek-,1879,風向計,ギリシャ語 anemos(風)+ skopein(見る)で「風を見るもの」。anemone(アネモネ。「風の花」)と同じ「風」の語である。
anemology,anə-+leg-,1882,風学,ギリシャ語 anemos(風)+ -logia(学)から。anemone(アネモネ。「風の花」)と同じ「風」の語である。
lumbricoid,slengʷh-+weid-,1886,ミミズ状の,ラテン語 lumbricus(ミミズ)+ -oid(…状の)から。回虫の学名 Ascaris lumbricoides のもとになった語である。
anemograph,anə-+gerbh-,1892,自記風速計,ギリシャ語 anemos(風)+ graphein(描く)で「風を書き記すもの」。anemone(アネモネ)と同じ「風」の語である。
strophoid,streb(h)-+weid-,1903,ストロフォイド,ギリシャ語 strophos(ねじった帯)+ -oid(…状の)から。catastrophe と同じ「回す」語である。
zooglea,gwei-+glei-,1974,塊状バクテリア,ギリシャ語 zōion(生きもの)+ gloia(にかわ)から。後半は glue(にかわ)や clay と同じ「粘る」語である。
gebrauchsmusik,bhrūg-+men-1,2020,実用音楽,ドイツ語 Gebrauch(使用)+ Musik(音楽)で「実用音楽」。前半は英語 brook(耐える。もとは「用いる」)と同じ語である。
epizoon,gwei-+epi,2038,体外寄生動物,ギリシャ語 epi-(上に)+ zōion(動物)から。zoo(動物園)や quick(もとは「生きた」)と同じ「生きる」語である。
heterophemy,bhā-2+sem-1,2042,言い間違い,ギリシャ語 heteros(別の)+ phēmē(発言)から。heterogeneous と fable と同じ語からなる。
quitch grass,gwei-,2044,シバムギ,古英語 cwice(生き生きした)から。しぶとく生える雑草の名で、quick(もとは「生きた」)と同じ語である。
indricothere,oi-no-+ghwer-,2129,インドリコテリウム,ロシア語 indrik(伝説の一角獣)+ ギリシャ語 thērion(獣)から。後半は treacle と同じ「野獣」の語である。
sciaenoid,skai-2+weid-,2299,ニベ科の魚、ニベ科の,ギリシャ語 skiaina(ニベの類の魚)から。skia(影)にさかのぼるとされ、shine と同じ語に連なる。
